Gene,RefSeq,Transcript,c. Change,SIFT Prediction,SIFT Score
ABRAXAS1,NM_139076.3,ENST00000321945,c.1202G>A,tolerated,0.65
ABRAXAS1,NM_139076.3,ENST00000321945,c.283A>G,tolerated,0.26
MRPS18C,NM_016067.4,ENST00000295491,c.250G>A,tolerated,1.0
ABRAXAS1,NM_139076.3,ENST00000321945,c.610G>A,tolerated,0.92
ABRAXAS1,NM_139076.3,ENST00000321945,c.71A>G,tolerated,0.18
ABRAXAS1,NM_139076.3,ENST00000321945,c.1043C>T,tolerated,0.19
ABRAXAS1,NM_139076.3,ENST00000321945,c.897G>C,tolerated,0.84
ABRAXAS1,NM_139076.3,ENST00000321945,c.1037A>G,tolerated,1.0
ABRAXAS1,NM_139076.3,ENST00000321945,c.1179A>C,tolerated,0.84
ABRAXAS1,NM_139076.3,ENST00000321945,c.716C>A,tolerated,0.3
ABRAXAS1,NM_139076.3,ENST00000321945,c.1076G>A,tolerated,1.0
ABRAXAS1,NM_139076.3,ENST00000321945,c.1042G>A,tolerated,0.1
ABRAXAS1,NM_139076.3,ENST00000321945,c.917T>C,deleterious,0.03
ABRAXAS1,NM_139076.3,ENST00000321945,c.897G>A,tolerated,0.84
ABRAXAS1,NM_139076.3,ENST00000321945,c.1117G>A,deleterious,0.02
ABRAXAS1,NM_139076.3,ENST00000321945,c.1042G>T,tolerated,0.32
ABRAXAS1,NM_139076.3,ENST00000321945,c.776G>C,tolerated,0.18
ABRAXAS1,NM_139076.3,ENST00000321945,c.1214G>C,tolerated,0.17
ABRAXAS1,NM_139076.3,ENST00000321945,c.422C>T,deleterious,0.0
AKT1,NM_001382430.1,ENST00000554581,c.968A>G,deleterious_low_confidence,0.0
FANCC,NM_000136.3,ENST00000289081,c.1345G>A,deleterious,0.01
APC,NM_000038.6,ENST00000509732,c.3352A>G,deleterious_low_confidence,0.03
APC,NM_000038.6,ENST00000509732,c.2204C>T,deleterious_low_confidence,0.0
ATM,NM_000051.4,ENST00000601453,c.3G>C,deleterious_low_confidence,0.0
ATM,NM_000051.4,ENST00000601453,c.1A>T,deleterious_low_confidence,0.0
ATM,NM_000051.4,ENST00000601453,c.1462T>A,deleterious_low_confidence,0.0
ATM,NM_000051.4,ENST00000601453,c.4703A>T,tolerated_low_confidence,0.19
ATM,NM_000051.4,ENST00000601453,c.8418G>T,deleterious_low_confidence,0.01
ATM,NM_000051.4,ENST00000601453,c.3248A>G,deleterious_low_confidence,0.0
ATM,NM_000051.4,ENST00000601453,c.3576G>T,deleterious_low_confidence,0.0
ATM,NM_000051.4,ENST00000601453,c.1746C>G,tolerated_low_confidence,0.14
ATM,NM_000051.4,ENST00000601453,c.8122G>C,deleterious_low_confidence,0.0
ATM,NM_000051.4,ENST00000601453,c.5236G>A,deleterious_low_confidence,0.0
ATM,NM_000051.4,ENST00000601453,c.3078G>T,deleterious_low_confidence,0.01
ATM,NM_000051.4,ENST00000601453,c.7408T>G,deleterious_low_confidence,0.0
ATM,NM_000051.4,ENST00000601453,c.8565T>G,deleterious_low_confidence,0.0
ATM,NM_000051.4,ENST00000601453,c.875C>T,deleterious_low_confidence,0.0
ATM,NM_000051.4,ENST00000601453,c.6115G>A,deleterious_low_confidence,0.0
ATM,NM_000051.4,ENST00000601453,c.3G>A,deleterious_low_confidence,0.0
ATM,NM_000051.4,ENST00000601453,c.2T>C,deleterious_low_confidence,0.0
ATM,NM_000051.4,ENST00000601453,c.1A>C,deleterious_low_confidence,0.0
ATM,NM_000051.4,ENST00000601453,c.2849T>G,deleterious_low_confidence,0.0
ATM,NM_000051.4,ENST00000601453,c.3137T>C,deleterious_low_confidence,0.0
ATM,NM_000051.4,ENST00000601453,c.8293G>A,deleterious_low_confidence,0.0
ATM,NM_000051.4,ENST00000601453,c.8711A>G,deleterious_low_confidence,0.0
ATM,NM_000051.4,ENST00000601453,c.5825C>T,deleterious_low_confidence,0.0
ATM,NM_000051.4,ENST00000601453,c.4394T>C,deleterious_low_confidence,0.0
ATM,NM_000051.4,ENST00000601453,c.3848T>C,deleterious_low_confidence,0.0
ATM,NM_000051.4,ENST00000601453,c.7997C>A,deleterious_low_confidence,0.0
ATM,NM_000051.4,ENST00000601453,c.6679C>T,deleterious_low_confidence,0.0
ATM,NM_000051.4,ENST00000601453,c.1A>G,deleterious_low_confidence,0.0
ATM,NM_000051.4,ENST00000601453,c.8122G>A,deleterious_low_confidence,0.0
ATM,NM_000051.4,ENST00000601453,c.8147T>C,deleterious_low_confidence,0.0
ATM,NM_000051.4,ENST00000601453,c.9022C>T,deleterious_low_confidence,0.0
ATM,NM_000051.4,ENST00000601453,c.9023G>A,deleterious_low_confidence,0.0
ATM,NM_000051.4,ENST00000601453,c.967A>G,tolerated_low_confidence,0.09
ATM,NM_000051.4,ENST00000601453,c.6047A>G,deleterious_low_confidence,0.0
ATM,NM_000051.4,ENST00000601453,c.5948G>A,tolerated_low_confidence,0.52
ATM,NM_000051.4,ENST00000601453,c.6235G>A,tolerated_low_confidence,0.61
ATM,NM_000051.4,ENST00000601453,c.5693G>A,tolerated_low_confidence,0.07
ATM,NM_000051.4,ENST00000601453,c.4138C>T,tolerated_low_confidence,0.37
ATM,NM_000051.4,ENST00000601453,c.3383A>G,deleterious_low_confidence,0.04
ATM,NM_000051.4,ENST00000601453,c.2614C>T,tolerated_low_confidence,1.0
ATM,NM_000051.4,ENST00000601453,c.2442C>A,tolerated_low_confidence,0.08
ATM,NM_000051.4,ENST00000601453,c.1636C>G,deleterious_low_confidence,0.04
ATM,NM_000051.4,ENST00000601453,c.1541G>A,deleterious_low_confidence,0.0
ATM,NM_000051.4,ENST00000601453,c.2572T>C,deleterious_low_confidence,0.02
ATM,NM_000051.4,ENST00000601453,c.3161C>G,deleterious_low_confidence,0.0
ATM,NM_000051.4,ENST00000601453,c.544G>C,deleterious_low_confidence,0.0
ATM,NM_000051.4,ENST00000601453,c.5557G>A,deleterious_low_confidence,0.01
ATM,NM_000051.4,ENST00000601453,c.4258C>T,tolerated_low_confidence,0.08
ATM,NM_000051.4,ENST00000601453,c.378T>A,tolerated_low_confidence,0.67
ATM,NM_000051.4,ENST00000601453,c.2119T>C,tolerated_low_confidence,0.38
ATM,NM_000051.4,ENST00000601453,c.7181C>T,deleterious_low_confidence,0.0
ATM,NM_000051.4,ENST00000601453,c.5228C>T,deleterious_low_confidence,0.0
ATM,NM_000051.4,ENST00000601453,c.4949A>G,tolerated_low_confidence,1.0
ATM,NM_000051.4,ENST00000601453,c.3925G>A,tolerated_low_confidence,0.08
ATM,NM_000051.4,ENST00000601453,c.370A>G,tolerated_low_confidence,1.0
ATM,NM_000051.4,ENST00000601453,c.2362A>C,deleterious_low_confidence,0.0
ATM,NM_000051.4,ENST00000601453,c.1073A>G,tolerated_low_confidence,0.09
ATM,NM_000051.4,ENST00000601453,c.6200C>A,deleterious_low_confidence,0.0
ATM,NM_000051.4,ENST00000601453,c.146C>G,deleterious_low_confidence,0.0
ATM,NM_000051.4,ENST00000601453,c.8030A>G,deleterious_low_confidence,0.0
ATM,NM_000051.4,ENST00000601453,c.3118A>G,tolerated_low_confidence,1.0
ATM,NM_000051.4,ENST00000601453,c.8480T>G,deleterious_low_confidence,0.0
BAP1,NM_004656.4,ENST00000460680,c.869A>C,tolerated,0.17
BAP1,NM_004656.4,ENST00000460680,c.1346C>T,tolerated,0.09
BAP1,NM_004656.4,ENST00000460680,c.884T>C,tolerated,0.88
BAP1,NM_004656.4,ENST00000460680,c.539T>C,deleterious,0.0
BAP1,NM_004656.4,ENST00000460680,c.375G>C,deleterious,0.02
BAP1,NM_004656.4,ENST00000460680,c.1754C>T,deleterious,0.01
BAP1,NM_004656.4,ENST00000460680,c.28A>G,deleterious,0.0
BAP1,NM_004656.4,ENST00000460680,c.170G>A,deleterious,0.02
BAP1,NM_004656.4,ENST00000460680,c.1934A>G,tolerated,0.14
BAP1,NM_004656.4,ENST00000460680,c.236A>G,tolerated,0.26
BAP1,NM_004656.4,ENST00000460680,c.1829G>A,tolerated,1.0
BAP1,NM_004656.4,ENST00000460680,c.507C>G,deleterious,0.0
BAP1,NM_004656.4,ENST00000460680,c.275C>T,deleterious,0.0
BAP1,NM_004656.4,ENST00000460680,c.2015A>G,deleterious,0.0
BAP1,NM_004656.4,ENST00000460680,c.947C>A,tolerated,0.84
BAP1,NM_004656.4,ENST00000460680,c.606G>C,deleterious,0.0
BAP1,NM_004656.4,ENST00000460680,c.687C>A,deleterious,0.0
BAP1,NM_004656.4,ENST00000460680,c.3G>C,tolerated,0.06
BAP1,NM_004656.4,ENST00000460680,c.1A>T,tolerated,0.35
BAP1,NM_004656.4,ENST00000460680,c.1708C>G,tolerated,0.15
BAP1,NM_004656.4,ENST00000460680,c.1218G>C,tolerated,0.17
BAP1,NM_004656.4,ENST00000460680,c.437G>C,deleterious,0.0
BAP1,NM_004656.4,ENST00000460680,c.604T>C,deleterious,0.0
BAP1,NM_004656.4,ENST00000460680,c.272G>C,deleterious,0.0
BAP1,NM_004656.4,ENST00000460680,c.176G>C,deleterious,0.0
BAP1,NM_004656.4,ENST00000460680,c.146T>C,deleterious,0.01
BAP1,NM_004656.4,ENST00000460680,c.34C>G,deleterious,0.0
BAP1,NM_004656.4,ENST00000460680,c.31G>C,deleterious,0.0
BAP1,NM_004656.4,ENST00000460680,c.2T>C,deleterious,0.0
BAP1,NM_004656.4,ENST00000460680,c.133G>A,deleterious,0.0
BAP1,NM_004656.4,ENST00000460680,c.869A>G,tolerated,1.0
BAP1,NM_004656.4,ENST00000460680,c.1427T>C,tolerated,0.19
BAP1,NM_004656.4,ENST00000460680,c.1268C>A,tolerated,0.92
BAP1,NM_004656.4,ENST00000460680,c.121G>A,tolerated,0.58
BAP1,NM_004656.4,ENST00000460680,c.1838C>T,tolerated,0.12
BAP1,NM_004656.4,ENST00000460680,c.1786A>G,tolerated,0.35
BAP1,NM_004656.4,ENST00000460680,c.905C>T,tolerated,0.1
BARD1,NM_000465.4,ENST00000260947,c.2090C>T,tolerated,0.07
BARD1,NM_000465.4,ENST00000260947,c.533A>T,tolerated,0.09
BARD1,NM_000465.4,ENST00000260947,c.1129G>A,tolerated,0.75
BARD1,NM_000465.4,ENST00000260947,c.766G>A,tolerated,1.0
BARD1,NM_000465.4,ENST00000260947,c.518C>A,tolerated,0.85
BARD1,NM_000465.4,ENST00000260947,c.529C>G,tolerated,0.99
BARD1,NM_000465.4,ENST00000260947,c.217A>T,deleterious,0.03
BARD1,NM_000465.4,ENST00000260947,c.2038T>G,tolerated,0.14
BARD1,NM_000465.4,ENST00000260947,c.1930G>C,tolerated,0.19
BARD1,NM_000465.4,ENST00000260947,c.1114G>A,tolerated,0.31
BARD1,NM_000465.4,ENST00000260947,c.1424A>G,tolerated,0.06
BARD1,NM_000465.4,ENST00000260947,c.1111A>G,tolerated,0.3
BARD1,NM_000465.4,ENST00000260947,c.2231A>G,tolerated,0.19
BARD1,NM_000465.4,ENST00000260947,c.219T>A,tolerated,0.05
BARD1,NM_000465.4,ENST00000260947,c.1082A>C,tolerated,0.38
BARD1,NM_000465.4,ENST00000260947,c.1837G>T,tolerated,0.08
BARD1,NM_000465.4,ENST00000260947,c.1837G>A,tolerated,0.31
BARD1,NM_000465.4,ENST00000260947,c.874A>G,tolerated,0.65
BARD1,NM_000465.4,ENST00000260947,c.703T>G,tolerated,0.54
BARD1,NM_000465.4,ENST00000260947,c.676G>A,tolerated,0.21
BARD1,NM_000465.4,ENST00000260947,c.598G>T,tolerated,0.21
BARD1,NM_000465.4,ENST00000260947,c.510A>C,tolerated,0.42
BARD1,NM_000465.4,ENST00000260947,c.212G>A,deleterious,0.01
BARD1,NM_000465.4,ENST00000260947,c.1904G>A,tolerated,1.0
BARD1,NM_000465.4,ENST00000260947,c.380A>G,deleterious,0.03
BARD1,NM_000465.4,ENST00000260947,c.1257T>A,deleterious,0.05
BARD1,NM_000465.4,ENST00000260947,c.1071A>G,tolerated,0.23
BARD1,NM_000465.4,ENST00000260947,c.916A>G,tolerated,0.25
BARD1,NM_000465.4,ENST00000260947,c.905A>G,tolerated,0.21
BARD1,NM_000465.4,ENST00000260947,c.1139A>C,tolerated,0.39
BARD1,NM_000465.4,ENST00000260947,c.1260G>T,tolerated,0.11
BARD1,NM_000465.4,ENST00000260947,c.44G>T,deleterious,0.01
BARD1,NM_000465.4,ENST00000260947,c.70C>T,tolerated,0.11
BARD1,NM_000465.4,ENST00000260947,c.1134G>C,tolerated,0.39
BARD1,NM_000465.4,ENST00000260947,c.253G>T,tolerated,0.06
BARD1,NM_000465.4,ENST00000260947,c.1933T>C,tolerated,1.0
BARD1,NM_000465.4,ENST00000260947,c.1519G>A,tolerated,0.1
BARD1,NM_000465.4,ENST00000260947,c.2212A>G,tolerated,0.11
BARD1,NM_000465.4,ENST00000260947,c.1972C>T,deleterious,0.0
BARD1,NM_000465.4,ENST00000260947,c.1738G>A,tolerated,0.13
BARD1,NM_000465.4,ENST00000260947,c.722C>G,deleterious,0.0
BARD1,NM_000465.4,ENST00000260947,c.620A>G,tolerated,0.15
BARD1,NM_000465.4,ENST00000260947,c.1670G>C,tolerated,0.51
DHX32,NM_018180.3,ENST00000284690,c.2172T>A,tolerated,1.0
BCCIP,NM_078468.3,ENST00000278100,c.32A>G,tolerated,1.0
BCCIP,NM_078468.3,ENST00000278100,c.13T>C,tolerated,0.36
DHX32,NM_018180.3,ENST00000284690,c.1160T>C,tolerated,0.36
DHX32,NM_018180.3,ENST00000284690,c.1585G>C,tolerated,0.07
BRAT1,NM_152743.4,ENST00000340611,c.413G>A,tolerated,1.0
BRAT1,NM_152743.4,ENST00000340611,c.2189T>C,tolerated,0.74
BRAT1,NM_152743.4,ENST00000340611,c.1615T>G,deleterious,0.0
BRAT1,NM_152743.4,ENST00000340611,c.1A>G,deleterious,0.0
BRAT1,NM_152743.4,ENST00000340611,c.398A>G,deleterious,0.0
BRAT1,NM_152743.4,ENST00000340611,c.1685G>C,deleterious,0.0
BRAT1,NM_152743.4,ENST00000340611,c.458A>C,deleterious,0.0
BRAT1,NM_152743.4,ENST00000340611,c.166G>C,tolerated,0.29
BRAT1,NM_152743.4,ENST00000340611,c.560C>G,tolerated,0.08
BRAT1,NM_152743.4,ENST00000340611,c.1931G>A,tolerated,0.43
BRAT1,NM_152743.4,ENST00000340611,c.1988G>A,tolerated,0.37
BRAT1,NM_152743.4,ENST00000340611,c.328G>A,tolerated,0.63
BRAT1,NM_152743.4,ENST00000340611,c.2266C>T,deleterious,0.0
BRAT1,NM_152743.4,ENST00000340611,c.910A>C,deleterious,0.0
BRAT1,NM_152743.4,ENST00000340611,c.1693G>A,deleterious,0.0
BRAT1,NM_152743.4,ENST00000340611,c.1142G>A,tolerated,0.36
BRAT1,NM_152743.4,ENST00000340611,c.1798C>T,deleterious,0.01
BRAT1,NM_152743.4,ENST00000340611,c.1862G>A,deleterious,0.04
BRAT1,NM_152743.4,ENST00000340611,c.2006C>T,tolerated,0.17
BRAT1,NM_152743.4,ENST00000340611,c.728G>A,tolerated,0.43
BRAT1,NM_152743.4,ENST00000340611,c.854G>A,tolerated,0.61
BRAT1,NM_152743.4,ENST00000340611,c.595A>C,tolerated,0.11
BRAT1,NM_152743.4,ENST00000340611,c.566G>T,tolerated,0.16
BRAT1,NM_152743.4,ENST00000340611,c.511G>C,tolerated,0.53
BRAT1,NM_152743.4,ENST00000340611,c.431G>A,deleterious,0.0
BRAT1,NM_152743.4,ENST00000340611,c.361A>C,deleterious,0.04
BRAT1,NM_152743.4,ENST00000340611,c.1922C>T,tolerated,0.98
BRAT1,NM_152743.4,ENST00000340611,c.1726G>A,tolerated,0.05
BRAT1,NM_152743.4,ENST00000340611,c.166G>A,tolerated,0.16
BRAT1,NM_152743.4,ENST00000340611,c.1636G>T,deleterious,0.03
BRAT1,NM_152743.4,ENST00000340611,c.1925C>A,deleterious,0.0
BRAT1,NM_152743.4,ENST00000340611,c.2209C>T,deleterious,0.04
BRAT1,NM_152743.4,ENST00000340611,c.1867G>A,tolerated,0.15
BRAT1,NM_152743.4,ENST00000340611,c.803G>A,deleterious,0.01
BRAT1,NM_152743.4,ENST00000340611,c.419T>C,deleterious,0.0
BRAT1,NM_152743.4,ENST00000340611,c.962T>G,deleterious,0.0
BRAT1,NM_152743.4,ENST00000340611,c.866G>C,tolerated,0.38
BRCA1,NM_007294.4,ENST00000489037,c.623C>T,deleterious,0.01
BRCA1,NM_007294.4,ENST00000357654,c.3372C>G,tolerated,0.1
BRCA1,NM_007294.4,ENST00000357654,c.2947C>G,tolerated,0.53
BRCA1,NM_007294.4,ENST00000357654,c.3110A>T,deleterious,0.0
BRCA1,NM_007294.4,ENST00000497488,c.2711A>G,tolerated,0.46
BRCA1,NM_007294.4,ENST00000478531,c.1088A>G,tolerated,0.24
BRCA1,NM_007294.4,ENST00000489037,c.2411A>T,deleterious,0.04
BRCA1,NM_007294.4,ENST00000357654,c.4804G>C,tolerated,1.0
BRCA1,NM_007294.4,ENST00000489037,c.4543G>A,tolerated,1.0
BRCA1,NM_007294.4,ENST00000497488,c.1169A>G,deleterious,0.02
BRCA1,NM_007294.4,ENST00000357654,c.1803C>A,tolerated,0.07
BRCA1,NM_007294.4,ENST00000357654,c.3484G>A,tolerated,1.0
BRCA1,NM_007294.4,ENST00000497488,c.3128A>G,tolerated,0.08
BRCA1,NM_007294.4,ENST00000357654,c.1100C>G,tolerated,0.87
BRCA1,NM_007294.4,ENST00000357654,c.4321G>A,deleterious,0.03
BRCA1,NM_007294.4,ENST00000357654,c.3337T>C,tolerated,0.16
BRCA1,NM_007294.4,ENST00000497488,c.953A>T,deleterious,0.05
BRCA1,NM_007294.4,ENST00000357654,c.2515C>T,tolerated,0.09
BRCA1,NM_007294.4,ENST00000357654,c.5498T>G,deleterious,0.0
BRCA1,NM_007294.4,ENST00000357654,c.3657G>T,deleterious,0.0
BRCA1,NM_007294.4,ENST00000357654,c.2902C>G,tolerated,1.0
BRCA1,NM_007294.4,ENST00000489037,c.2861T>A,tolerated,0.61
BRCA1,NM_007294.4,ENST00000497488,c.2703T>G,tolerated,0.57
BRCA1,NM_007294.4,ENST00000357654,c.1073T>C,tolerated,1.0
BRCA1,NM_007294.4,ENST00000478531,c.1468C>T,tolerated,0.15
BRCA1,NM_007294.4,ENST00000357654,c.3604T>C,tolerated,1.0
BRCA1,NM_007294.4,ENST00000489037,c.3550G>A,deleterious,0.02
BRCA1,NM_007294.4,ENST00000489037,c.322G>T,tolerated,0.18
BRCA1,NM_007294.4,ENST00000357654,c.3058C>T,tolerated,0.07
BRCA1,NM_007294.4,ENST00000357654,c.3728G>C,deleterious,0.02
BRCA1,NM_007294.4,ENST00000357654,c.536A>T,tolerated,0.05
BRCA1,NM_007294.4,ENST00000489037,c.2210C>G,deleterious,0.02
BRCA1,NM_007294.4,ENST00000357654,c.652T>G,tolerated,0.42
BRCA1,NM_007294.4,ENST00000497488,c.2335A>T,deleterious,0.0
BRCA1,NM_007294.4,ENST00000357654,c.4333C>G,tolerated,1.0
BRCA1,NM_007294.4,ENST00000489037,c.1081T>G,deleterious,0.0
BRCA1,NM_007294.4,ENST00000357654,c.3918G>T,tolerated,0.1
BRCA1,NM_007294.4,ENST00000489037,c.1643T>G,deleterious,0.01
BRCA1,NM_007294.4,ENST00000497488,c.3467A>C,tolerated,0.26
BRCA1,NM_007294.4,ENST00000357654,c.1974G>A,tolerated,0.38
BRCA1,NM_007294.4,ENST00000357654,c.1240G>T,deleterious,0.0
BRCA1,NM_007294.4,ENST00000357654,c.3563G>T,deleterious,0.0
BRCA1,NM_007294.4,ENST00000489037,c.901A>C,deleterious,0.0
BRCA1,NM_007294.4,ENST00000357654,c.1850C>A,deleterious,0.03
BRCA1,NM_007294.4,ENST00000489037,c.39T>A,deleterious,0.02
BRCA1,NM_007294.4,ENST00000357654,c.5545G>A,deleterious,0.05
BRCA1,NM_007294.4,ENST00000357654,c.5543A>G,tolerated,0.09
BRCA1,NM_007294.4,ENST00000357654,c.5523T>G,deleterious,0.0
BRCA1,NM_007294.4,ENST00000357654,c.5522G>T,deleterious,0.0
BRCA1,NM_007294.4,ENST00000489037,c.5062G>T,deleterious,0.0
BRCA1,NM_007294.4,ENST00000357654,c.5476C>T,deleterious_low_confidence,0.0
BRCA1,NM_007294.4,ENST00000357654,c.5476C>G,deleterious,0.0
BRCA1,NM_007294.4,ENST00000357654,c.5030C>A,deleterious,0.01
BRCA1,NM_007294.4,ENST00000357654,c.5467G>T,deleterious,0.04
BRCA1,NM_007294.4,ENST00000489037,c.5467G>C,deleterious,0.04
BRCA1,NM_007294.4,ENST00000357654,c.5446A>G,tolerated,0.18
BRCA1,NM_007294.4,ENST00000489037,c.4958T>C,tolerated,0.27
BRCA1,NM_007294.4,ENST00000489037,c.4958T>A,tolerated,0.72
BRCA1,NM_007294.4,ENST00000357654,c.4937T>A,tolerated,0.12
BRCA1,NM_007294.4,ENST00000357654,c.4925C>T,deleterious,0.02
BRCA1,NM_007294.4,ENST00000357654,c.4913A>T,deleterious,0.01
BRCA1,NM_007294.4,ENST00000478531,c.287A>T,deleterious,0.0
BRCA1,NM_007294.4,ENST00000478531,c.287A>C,deleterious,0.0
BRCA1,NM_007294.4,ENST00000497488,c.71G>C,deleterious,0.0
BRCA1,NM_007294.4,ENST00000489037,c.61A>C,tolerated,0.52
BRCA1,NM_007294.4,ENST00000357654,c.5138T>G,deleterious,0.0
BRCA1,NM_007294.4,ENST00000489037,c.5137G>T,deleterious,0.0
BRCA1,NM_007294.4,ENST00000357654,c.5117G>T,deleterious,0.0
BRCA1,NM_007294.4,ENST00000489037,c.5059G>A,tolerated,0.24
BRCA1,NM_007294.4,ENST00000357654,c.4990C>T,deleterious,0.0
BRCA1,NM_007294.4,ENST00000357654,c.5432A>C,deleterious,0.0
BRCA1,NM_007294.4,ENST00000357654,c.5409T>C,tolerated_low_confidence,0.31
BRCA1,NM_007294.4,ENST00000357654,c.4943A>G,tolerated,0.53
BRCA1,NM_007294.4,ENST00000357654,c.4943A>C,deleterious,0.05
BRCA1,NM_007294.4,ENST00000357654,c.4921G>T,tolerated,1.0
BRCA1,NM_007294.4,ENST00000357654,c.5366C>A,deleterious,0.0
BRCA1,NM_007294.4,ENST00000478531,c.284T>C,deleterious,0.0
BRCA1,NM_007294.4,ENST00000478531,c.283C>A,tolerated,0.07
BRCA1,NM_007294.4,ENST00000357654,c.5323A>G,deleterious,0.0
BRCA1,NM_007294.4,ENST00000357654,c.5255C>A,deleterious,0.0
BRCA1,NM_007294.4,ENST00000489037,c.131G>C,deleterious,0.03
BRCA1,NM_007294.4,ENST00000489037,c.121C>G,deleterious,0.0
BRCA1,NM_007294.4,ENST00000489037,c.97G>A,deleterious,0.0
BRCA1,NM_007294.4,ENST00000357654,c.5463C>T,tolerated_low_confidence,0.2
BRCA1,NM_007294.4,ENST00000357654,c.5000A>C,deleterious,0.0
BRCA1,NM_007294.4,ENST00000489037,c.4988T>G,deleterious,0.0
BRCA1,NM_007294.4,ENST00000357654,c.5404A>G,tolerated,0.37
BRCA1,NM_007294.4,ENST00000489037,c.5384T>G,tolerated,0.27
BRCA1,NM_007294.4,ENST00000489037,c.5351T>A,deleterious,0.0
BRCA1,NM_007294.4,ENST00000489037,c.5297T>C,deleterious,0.0
BRCA1,NM_007294.4,ENST00000357654,c.5206G>T,deleterious,0.0
BRCA1,NM_007294.4,ENST00000489037,c.5104A>C,tolerated,0.38
BRCA1,NM_007294.4,ENST00000357654,c.5540G>C,deleterious,0.04
BRCA1,NM_007294.4,ENST00000357654,c.5090G>T,deleterious,0.0
BRCA1,NM_007294.4,ENST00000357654,c.5492C>T,tolerated,0.1
BRCA1,NM_007294.4,ENST00000357654,c.5056C>G,deleterious,0.0
BRCA1,NM_007294.4,ENST00000357654,c.5472T>C,tolerated_low_confidence,0.28
BRCA1,NM_007294.4,ENST00000357654,c.5472T>A,tolerated_low_confidence,0.28
BRCA1,NM_007294.4,ENST00000489037,c.5471T>A,deleterious,0.0
BRCA1,NM_007294.4,ENST00000489037,c.5020A>G,deleterious,0.0
BRCA1,NM_007294.4,ENST00000357654,c.5194C>G,tolerated,0.08
BRCA1,NM_007294.4,ENST00000489037,c.101C>G,deleterious,0.0
BRCA1,NM_007294.4,ENST00000357654,c.5190T>G,deleterious,0.01
BRCA1,NM_007294.4,ENST00000357654,c.5427T>A,tolerated_low_confidence,0.28
BRCA1,NM_007294.4,ENST00000478531,c.223G>A,deleterious,0.0
BRCA1,NM_007294.4,ENST00000497488,c.211A>T,tolerated,0.87
BRCA1,NM_007294.4,ENST00000478531,c.144G>T,tolerated,0.09
BRCA1,NM_007294.4,ENST00000357654,c.5228G>A,deleterious,0.0
BRCA1,NM_007294.4,ENST00000357654,c.5392T>A,deleterious,0.01
BRCA1,NM_007294.4,ENST00000357654,c.4908G>T,tolerated,0.25
BRCA1,NM_007294.4,ENST00000357654,c.4897A>G,tolerated,0.28
BRCA1,NM_007294.4,ENST00000357654,c.5337A>C,tolerated,0.49
BRCA1,NM_007294.4,ENST00000478531,c.282G>C,deleterious,0.0
BRCA1,NM_007294.4,ENST00000357654,c.5460C>T,deleterious_low_confidence,0.04
BRCA1,NM_007294.4,ENST00000357654,c.5460C>G,deleterious_low_confidence,0.04
BRCA1,NM_007294.4,ENST00000489037,c.5017C>T,deleterious,0.0
BRCA1,NM_007294.4,ENST00000489037,c.5017C>G,deleterious,0.0
BRCA1,NM_007294.4,ENST00000357654,c.4996T>A,deleterious,0.01
BRCA1,NM_007294.4,ENST00000489037,c.5430G>C,tolerated,0.23
BRCA1,NM_007294.4,ENST00000357654,c.4927A>T,tolerated,0.1
BRCA1,NM_007294.4,ENST00000357654,c.5366C>T,deleterious,0.0
BRCA1,NM_007294.4,ENST00000478531,c.289A>T,tolerated,0.06
BRCA1,NM_007294.4,ENST00000357654,c.5347A>T,deleterious,0.02
BRCA1,NM_007294.4,ENST00000497488,c.197A>G,tolerated,0.06
BRCA1,NM_007294.4,ENST00000478531,c.175T>G,tolerated,0.4
BRCA1,NM_007294.4,ENST00000489037,c.5259A>C,tolerated,0.49
BRCA1,NM_007294.4,ENST00000357654,c.5258G>T,deleterious,0.02
BRCA1,NM_007294.4,ENST00000357654,c.5212G>C,deleterious,0.0
BRCA1,NM_007294.4,ENST00000489037,c.99A>C,deleterious,0.0
BRCA1,NM_007294.4,ENST00000357654,c.5154G>C,deleterious,0.02
BRCA1,NM_007294.4,ENST00000489037,c.52A>C,deleterious,0.0
BRCA1,NM_007294.4,ENST00000357654,c.5558A>C,deleterious,0.0
BRCA1,NM_007294.4,ENST00000357654,c.5557T>C,deleterious,0.0
BRCA1,NM_007294.4,ENST00000489037,c.5133A>C,deleterious,0.01
BRCA1,NM_007294.4,ENST00000489037,c.5131A>G,deleterious,0.0
BRCA1,NM_007294.4,ENST00000489037,c.9A>C,tolerated,0.36
BRCA1,NM_007294.4,ENST00000357654,c.5537A>G,tolerated,0.18
BRCA1,NM_007294.4,ENST00000357654,c.5488G>T,deleterious,0.01
BRCA1,NM_007294.4,ENST00000357654,c.5478G>C,deleterious,0.0
BRCA1,NM_007294.4,ENST00000357654,c.5066T>A,deleterious,0.0
BRCA1,NM_007294.4,ENST00000489037,c.5509T>A,deleterious_low_confidence,0.02
BRCA1,NM_007294.4,ENST00000357654,c.5213G>T,deleterious,0.0
BRCA1,NM_007294.4,ENST00000497488,c.80G>A,tolerated,1.0
BRCA1,NM_007294.4,ENST00000357654,c.5469A>C,deleterious_low_confidence,0.02
BRCA1,NM_007294.4,ENST00000357654,c.5447C>G,tolerated,0.08
BRCA1,NM_007294.4,ENST00000357654,c.5426T>A,deleterious,0.0
BRCA1,NM_007294.4,ENST00000357654,c.4994T>G,deleterious,0.0
BRCA1,NM_007294.4,ENST00000357654,c.4930G>C,tolerated,0.32
BRCA1,NM_007294.4,ENST00000478531,c.282G>T,deleterious,0.0
BRCA1,NM_007294.4,ENST00000489037,c.20G>T,tolerated,0.14
BRCA1,NM_007294.4,ENST00000357654,c.4081A>T,deleterious,0.02
BRCA1,NM_007294.4,ENST00000357654,c.891G>T,deleterious,0.03
BRCA1,NM_007294.4,ENST00000357654,c.1421T>C,tolerated,0.06
BRCA1,NM_007294.4,ENST00000357654,c.5257A>G,deleterious,0.0
BRCA1,NM_007294.4,ENST00000497488,c.2T>A,deleterious,0.01
BRCA1,NM_007294.4,ENST00000357654,c.5457T>C,tolerated_low_confidence,0.14
BRCA1,NM_007294.4,ENST00000357654,c.4224G>C,deleterious,0.0
BRCA1,NM_007294.4,ENST00000357654,c.5360G>A,deleterious,0.0
BRCA1,NM_007294.4,ENST00000489037,c.1474A>G,deleterious,0.05
BRCA1,NM_007294.4,ENST00000489037,c.72T>G,deleterious,0.0
BRCA1,NM_007294.4,ENST00000478531,c.139T>C,deleterious,0.0
BRCA1,NM_007294.4,ENST00000489037,c.70T>G,deleterious,0.0
BRCA1,NM_007294.4,ENST00000489037,c.132C>G,deleterious,0.0
BRCA1,NM_007294.4,ENST00000489037,c.70T>A,deleterious,0.0
BRCA1,NM_007294.4,ENST00000357654,c.5478G>A,tolerated_low_confidence,0.1
BRCA1,NM_007294.4,ENST00000489037,c.2912A>G,tolerated,0.23
BRCA1,NM_007294.4,ENST00000357654,c.2392C>G,tolerated,0.09
BRCA1,NM_007294.4,ENST00000489037,c.121C>T,deleterious,0.0
BRCA1,NM_007294.4,ENST00000489037,c.1966A>T,deleterious,0.05
BRCA1,NM_007294.4,ENST00000357654,c.5363G>C,deleterious,0.0
BRCA1,NM_007294.4,ENST00000357654,c.5168T>C,deleterious,0.02
BRCA1,NM_007294.4,ENST00000489037,c.53T>G,deleterious,0.0
BRCA1,NM_007294.4,ENST00000497488,c.3826T>G,deleterious,0.01
BRCA1,NM_007294.4,ENST00000357654,c.5050A>G,deleterious,0.0
BRCA1,NM_007294.4,ENST00000357654,c.5418A>C,tolerated_low_confidence,0.19
BRCA1,NM_007294.4,ENST00000357654,c.5156T>G,deleterious,0.0
BRCA1,NM_007294.4,ENST00000497488,c.1522C>G,tolerated,0.22
BRCA1,NM_007294.4,ENST00000489037,c.5215G>C,tolerated,0.07
BRCA1,NM_007294.4,ENST00000497488,c.80G>T,deleterious,0.01
BRCA1,NM_007294.4,ENST00000478531,c.2207A>G,deleterious,0.0
BRCA1,NM_007294.4,ENST00000357654,c.4918A>G,tolerated,0.55
BRCA1,NM_007294.4,ENST00000357654,c.5424G>C,deleterious_low_confidence,0.04
BRCA1,NM_007294.4,ENST00000497488,c.1237T>G,tolerated,0.12
BRCA1,NM_007294.4,ENST00000357654,c.5339T>A,deleterious,0.0
BRCA1,NM_007294.4,ENST00000357654,c.3667C>T,deleterious,0.04
BRCA1,NM_007294.4,ENST00000497488,c.191G>C,tolerated,0.16
BRCA1,NM_007294.4,ENST00000357654,c.5269G>T,deleterious,0.01
BRCA1,NM_007294.4,ENST00000478531,c.268A>G,deleterious,0.02
BRCA1,NM_007294.4,ENST00000357654,c.5382G>C,deleterious,0.04
BRCA1,NM_007294.4,ENST00000357654,c.5557T>A,deleterious,0.0
BRCA1,NM_007294.4,ENST00000357654,c.5251C>G,deleterious,0.02
BRCA1,NM_007294.4,ENST00000489037,c.5060T>G,deleterious,0.0
BRCA1,NM_007294.4,ENST00000357654,c.3374C>A,deleterious,0.03
BRCA1,NM_007294.4,ENST00000489037,c.3037G>A,tolerated,0.39
BRCA1,NM_007294.4,ENST00000497488,c.1561G>C,deleterious,0.03
BRCA1,NM_007294.4,ENST00000497488,c.3G>A,deleterious,0.03
BRCA1,NM_007294.4,ENST00000497488,c.511A>G,tolerated,0.06
BRCA1,NM_007294.4,ENST00000357654,c.5511G>C,deleterious,0.0
BRCA1,NM_007294.4,ENST00000357654,c.5309G>T,deleterious,0.0
BRCA1,NM_007294.4,ENST00000357654,c.5415C>T,tolerated_low_confidence,0.27
BRCA1,NM_007294.4,ENST00000489037,c.5259A>T,tolerated,0.49
BRCA1,NM_007294.4,ENST00000357654,c.5451G>A,tolerated_low_confidence,0.11
BRCA1,NM_007294.4,ENST00000357654,c.5475G>T,deleterious_low_confidence,0.0
BRCA1,NM_007294.4,ENST00000357654,c.5475G>A,deleterious_low_confidence,0.0
BRCA1,NM_007294.4,ENST00000357654,c.5466T>C,deleterious_low_confidence,0.02
BRCA1,NM_007294.4,ENST00000489037,c.5297T>A,deleterious,0.0
BRCA1,NM_007294.4,ENST00000497488,c.3G>C,deleterious,0.03
BRCA1,NM_007294.4,ENST00000478531,c.212G>C,deleterious,0.0
BRCA1,NM_007294.4,ENST00000478531,c.139T>A,deleterious,0.0
BRCA1,NM_007294.4,ENST00000489037,c.117T>G,deleterious,0.0
BRCA1,NM_007294.4,ENST00000357654,c.5116G>A,deleterious,0.0
BRCA1,NM_007294.4,ENST00000357654,c.5116G>C,deleterious,0.0
BRCA1,NM_007294.4,ENST00000489037,c.303T>A,deleterious,0.0
BRCA1,NM_007294.4,ENST00000357654,c.5513T>G,deleterious,0.0
BRCA1,NM_007294.4,ENST00000357654,c.5075A>C,deleterious,0.0
BRCA1,NM_007294.4,ENST00000357654,c.5107T>G,deleterious,0.0
BRCA1,NM_007294.4,ENST00000357654,c.4484G>C,deleterious,0.02
BRCA1,NM_007294.4,ENST00000357654,c.5242G>C,deleterious,0.0
BRCA1,NM_007294.4,ENST00000357654,c.5024C>T,deleterious,0.02
BRCA1,NM_007294.4,ENST00000489037,c.2798G>C,tolerated,0.08
BRCA1,NM_007294.4,ENST00000357654,c.5245C>A,deleterious,0.0
BRCA1,NM_007294.4,ENST00000357654,c.4185G>C,deleterious,0.0
BRCA1,NM_007294.4,ENST00000478531,c.739A>G,tolerated,0.43
BRCA1,NM_007294.4,ENST00000489037,c.1159T>A,deleterious,0.01
BRCA1,NM_007294.4,ENST00000497488,c.122A>T,tolerated,0.12
BRCA1,NM_007294.4,ENST00000357654,c.5439T>C,tolerated_low_confidence,0.32
BRCA1,NM_007294.4,ENST00000489037,c.192T>G,deleterious,0.03
BRCA1,NM_007294.4,ENST00000478531,c.287A>G,deleterious,0.0
BRCA1,NM_007294.4,ENST00000357654,c.2230G>A,tolerated,1.0
BRCA1,NM_007294.4,ENST00000478531,c.212G>T,deleterious,0.0
BRCA1,NM_007294.4,ENST00000497488,c.997A>G,tolerated,0.09
BRCA1,NM_007294.4,ENST00000357654,c.5430G>A,deleterious_low_confidence,0.01
BRCA1,NM_007294.4,ENST00000357654,c.5572A>C,tolerated,0.2
BRCA1,NM_007294.4,ENST00000489037,c.133A>C,deleterious,0.01
BRCA1,NM_007294.4,ENST00000357654,c.5057A>G,deleterious,0.0
BRCA1,NM_007294.4,ENST00000357654,c.5412C>T,tolerated_low_confidence,0.79
BRCA1,NM_007294.4,ENST00000489037,c.1666A>C,deleterious,0.0
BRCA1,NM_007294.4,ENST00000357654,c.5164T>C,deleterious,0.0
BRCA1,NM_007294.4,ENST00000357654,c.2245G>C,deleterious,0.0
BRCA1,NM_007294.4,ENST00000489037,c.3818A>G,deleterious,0.04
BRCA1,NM_007294.4,ENST00000478531,c.1001C>A,deleterious,0.03
BRCA1,NM_007294.4,ENST00000357654,c.5516T>C,deleterious,0.0
BRCA1,NM_007294.4,ENST00000357654,c.5357T>C,deleterious,0.0
BRCA1,NM_007294.4,ENST00000357654,c.4544G>A,tolerated,0.9
BRCA1,NM_007294.4,ENST00000357654,c.3798C>G,deleterious,0.0
BRCA1,NM_007294.4,ENST00000357654,c.2746A>T,deleterious,0.01
BRCA1,NM_007294.4,ENST00000357654,c.2525A>G,deleterious,0.03
BRCA1,NM_007294.4,ENST00000357654,c.891G>A,deleterious,0.03
BRCA1,NM_007294.4,ENST00000357654,c.839C>G,deleterious,0.0
BRCA1,NM_007294.4,ENST00000357654,c.824G>A,tolerated,0.12
BRCA1,NM_007294.4,ENST00000357654,c.823G>A,deleterious,0.01
BRCA1,NM_007294.4,ENST00000478531,c.811G>A,deleterious,0.01
BRCA1,NM_007294.4,ENST00000357654,c.790A>T,deleterious,0.01
BRCA1,NM_007294.4,ENST00000497488,c.788G>C,deleterious,0.03
BRCA1,NM_007294.4,ENST00000497488,c.787G>T,deleterious,0.04
BRCA1,NM_007294.4,ENST00000478531,c.743C>A,tolerated,0.09
BRCA1,NM_007294.4,ENST00000497488,c.71G>A,deleterious,0.05
BRCA1,NM_007294.4,ENST00000478531,c.716A>G,deleterious,0.04
BRCA1,NM_007294.4,ENST00000489037,c.70T>C,deleterious,0.0
BRCA1,NM_007294.4,ENST00000489037,c.65T>C,deleterious,0.0
BRCA1,NM_007294.4,ENST00000357654,c.5585A>T,deleterious_low_confidence,0.0
BRCA1,NM_007294.4,ENST00000489037,c.557C>A,tolerated,0.17
BRCA1,NM_007294.4,ENST00000357654,c.5576C>G,deleterious_low_confidence,0.01
BRCA1,NM_007294.4,ENST00000357654,c.5566C>T,tolerated,0.28
BRCA1,NM_007294.4,ENST00000357654,c.5558A>G,deleterious,0.0
BRCA1,NM_007294.4,ENST00000357654,c.5531T>G,deleterious,0.01
BRCA1,NM_007294.4,ENST00000357654,c.5527G>C,deleterious,0.0
BRCA1,NM_007294.4,ENST00000357654,c.5513T>A,deleterious,0.0
BRCA1,NM_007294.4,ENST00000489037,c.5509T>G,deleterious_low_confidence,0.01
BRCA1,NM_007294.4,ENST00000357654,c.5497G>A,deleterious,0.0
BRCA1,NM_007294.4,ENST00000489037,c.5467G>A,deleterious,0.05
BRCA1,NM_007294.4,ENST00000489037,c.5456A>G,deleterious,0.01
BRCA1,NM_007294.4,ENST00000489037,c.5449G>T,tolerated,0.16
BRCA1,NM_007294.4,ENST00000357654,c.5448A>G,deleterious_low_confidence,0.01
BRCA1,NM_007294.4,ENST00000357654,c.5445G>A,tolerated_low_confidence,0.09
BRCA1,NM_007294.4,ENST00000357654,c.5432A>G,deleterious,0.0
BRCA1,NM_007294.4,ENST00000357654,c.5431C>T,deleterious_low_confidence,0.01
BRCA1,NM_007294.4,ENST00000357654,c.5411T>A,tolerated,0.07
BRCA1,NM_007294.4,ENST00000489037,c.53T>A,deleterious,0.0
BRCA1,NM_007294.4,ENST00000489037,c.5362G>T,deleterious,0.03
BRCA1,NM_007294.4,ENST00000357654,c.5339T>C,deleterious,0.0
BRCA1,NM_007294.4,ENST00000489037,c.5332G>A,tolerated,0.25
BRCA1,NM_007294.4,ENST00000357654,c.5312C>G,deleterious,0.0
BRCA1,NM_007294.4,ENST00000357654,c.5291T>C,deleterious,0.0
BRCA1,NM_007294.4,ENST00000357654,c.5282T>C,deleterious,0.0
BRCA1,NM_007294.4,ENST00000357654,c.5258G>C,deleterious,0.02
BRCA1,NM_007294.4,ENST00000489037,c.5254G>C,deleterious,0.0
BRCA1,NM_007294.4,ENST00000357654,c.5252G>C,deleterious,0.0
BRCA1,NM_007294.4,ENST00000357654,c.5252G>A,deleterious,0.0
BRCA1,NM_007294.4,ENST00000357654,c.5246C>G,deleterious,0.0
BRCA1,NM_007294.4,ENST00000357654,c.5243G>A,deleterious,0.0
BRCA1,NM_007294.4,ENST00000357654,c.5217T>G,deleterious,0.02
BRCA1,NM_007294.4,ENST00000489037,c.5216A>T,deleterious,0.0
BRCA1,NM_007294.4,ENST00000489037,c.5216A>G,deleterious,0.0
BRCA1,NM_007294.4,ENST00000357654,c.5215G>T,deleterious,0.0
BRCA1,NM_007294.4,ENST00000357654,c.5213G>A,deleterious,0.0
BRCA1,NM_007294.4,ENST00000357654,c.5212G>A,deleterious,0.0
BRCA1,NM_007294.4,ENST00000357654,c.5207T>G,deleterious,0.0
BRCA1,NM_007294.4,ENST00000489037,c.5198A>G,deleterious,0.01
BRCA1,NM_007294.4,ENST00000357654,c.5165C>T,deleterious,0.0
BRCA1,NM_007294.4,ENST00000357654,c.5158A>G,deleterious,0.03
BRCA1,NM_007294.4,ENST00000357654,c.5154G>T,deleterious,0.02
BRCA1,NM_007294.4,ENST00000489037,c.5153G>A,tolerated,0.05
BRCA1,NM_007294.4,ENST00000357654,c.5145C>G,deleterious,0.0
BRCA1,NM_007294.4,ENST00000357654,c.5145C>A,deleterious,0.0
BRCA1,NM_007294.4,ENST00000357654,c.5144G>A,deleterious,0.0
BRCA1,NM_007294.4,ENST00000357654,c.5143A>T,deleterious,0.0
BRCA1,NM_007294.4,ENST00000357654,c.5143A>C,deleterious,0.0
BRCA1,NM_007294.4,ENST00000489037,c.5141T>G,deleterious,0.02
BRCA1,NM_007294.4,ENST00000357654,c.5123C>A,deleterious,0.0
BRCA1,NM_007294.4,ENST00000357654,c.5117G>C,deleterious,0.02
BRCA1,NM_007294.4,ENST00000357654,c.5096G>T,deleterious,0.0
BRCA1,NM_007294.4,ENST00000357654,c.5095C>T,deleterious,0.0
BRCA1,NM_007294.4,ENST00000497488,c.508C>T,deleterious,0.0
BRCA1,NM_007294.4,ENST00000357654,c.5089T>C,deleterious,0.0
BRCA1,NM_007294.4,ENST00000357654,c.5074G>T,deleterious,0.0
BRCA1,NM_007294.4,ENST00000357654,c.5072C>G,deleterious,0.0
BRCA1,NM_007294.4,ENST00000357654,c.5058T>A,deleterious,0.0
BRCA1,NM_007294.4,ENST00000357654,c.5054C>T,deleterious,0.0
BRCA1,NM_007294.4,ENST00000489037,c.5053A>G,deleterious,0.0
BRCA1,NM_007294.4,ENST00000489037,c.5044G>A,deleterious,0.0
BRCA1,NM_007294.4,ENST00000489037,c.4985T>C,deleterious,0.0
BRCA1,NM_007294.4,ENST00000489037,c.4964C>T,deleterious,0.0
BRCA1,NM_007294.4,ENST00000357654,c.4921G>A,tolerated,0.08
BRCA1,NM_007294.4,ENST00000357654,c.4910C>T,deleterious,0.03
BRCA1,NM_007294.4,ENST00000357654,c.4840C>T,tolerated,0.32
BRCA1,NM_007294.4,ENST00000357654,c.4766G>A,tolerated,1.0
BRCA1,NM_007294.4,ENST00000357654,c.4750G>T,tolerated,0.28
BRCA1,NM_007294.4,ENST00000357654,c.4729T>C,tolerated,0.1
BRCA1,NM_007294.4,ENST00000357654,c.469T>C,tolerated,0.14
BRCA1,NM_007294.4,ENST00000489037,c.4691T>C,tolerated,0.17
BRCA1,NM_007294.4,ENST00000489037,c.4682C>T,tolerated,0.32
BRCA1,NM_007294.4,ENST00000478531,c.463C>G,deleterious,0.02
BRCA1,NM_007294.4,ENST00000497488,c.4636G>T,deleterious,0.03
BRCA1,NM_007294.4,ENST00000497488,c.4636G>A,tolerated,0.17
BRCA1,NM_007294.4,ENST00000497488,c.4600G>A,deleterious,0.01
BRCA1,NM_007294.4,ENST00000357654,c.4402A>C,deleterious,0.03
BRCA1,NM_007294.4,ENST00000497488,c.4294A>C,tolerated,0.38
BRCA1,NM_007294.4,ENST00000357654,c.4255G>C,deleterious,0.04
BRCA1,NM_007294.4,ENST00000497488,c.4232T>C,deleterious,0.0
BRCA1,NM_007294.4,ENST00000357654,c.4204C>T,deleterious,0.02
BRCA1,NM_007294.4,ENST00000357654,c.4132G>A,tolerated,0.37
BRCA1,NM_007294.4,ENST00000497488,c.4011C>G,deleterious,0.03
BRCA1,NM_007294.4,ENST00000497488,c.3G>T,deleterious,0.03
BRCA1,NM_007294.4,ENST00000489037,c.397C>T,tolerated,0.16
BRCA1,NM_007294.4,ENST00000489037,c.396C>A,deleterious,0.01
BRCA1,NM_007294.4,ENST00000357654,c.3851A>G,tolerated,0.16
BRCA1,NM_007294.4,ENST00000497488,c.3829G>C,tolerated,0.14
BRCA1,NM_007294.4,ENST00000357654,c.3797G>C,tolerated,0.09
BRCA1,NM_007294.4,ENST00000489037,c.3758C>A,deleterious,0.01
BRCA1,NM_007294.4,ENST00000497488,c.3748G>A,tolerated,0.41
BRCA1,NM_007294.4,ENST00000497488,c.3739G>A,tolerated,0.39
BRCA1,NM_007294.4,ENST00000489037,c.3724A>G,tolerated,0.15
BRCA1,NM_007294.4,ENST00000357654,c.3722C>G,tolerated,0.11
BRCA1,NM_007294.4,ENST00000489037,c.370A>G,tolerated,0.62
BRCA1,NM_007294.4,ENST00000357654,c.3708T>G,tolerated,0.27
BRCA1,NM_007294.4,ENST00000489037,c.3698A>G,tolerated,0.23
BRCA1,NM_007294.4,ENST00000357654,c.3652A>T,deleterious,0.04
BRCA1,NM_007294.4,ENST00000357654,c.3640G>A,deleterious,0.0
BRCA1,NM_007294.4,ENST00000357654,c.3613G>C,tolerated,0.87
BRCA1,NM_007294.4,ENST00000357654,c.3608G>A,tolerated,1.0
BRCA1,NM_007294.4,ENST00000357654,c.3601G>A,tolerated,0.45
BRCA1,NM_007294.4,ENST00000357654,c.3600G>T,deleterious,0.03
BRCA1,NM_007294.4,ENST00000357654,c.3600G>C,deleterious,0.03
BRCA1,NM_007294.4,ENST00000497488,c.3542T>C,tolerated,0.12
BRCA1,NM_007294.4,ENST00000357654,c.3541G>A,tolerated,0.18
BRCA1,NM_007294.4,ENST00000497488,c.3527T>A,deleterious,0.0
BRCA1,NM_007294.4,ENST00000357654,c.3488C>T,tolerated,0.35
BRCA1,NM_007294.4,ENST00000497488,c.3463G>C,tolerated,0.1
BRCA1,NM_007294.4,ENST00000357654,c.3448C>T,deleterious,0.01
BRCA1,NM_007294.4,ENST00000357654,c.3416G>T,deleterious,0.03
BRCA1,NM_007294.4,ENST00000497488,c.3302G>A,tolerated,0.52
BRCA1,NM_007294.4,ENST00000357654,c.3228A>T,deleterious,0.0
BRCA1,NM_007294.4,ENST00000478531,c.314A>G,tolerated,0.05
BRCA1,NM_007294.4,ENST00000489037,c.3143G>T,deleterious,0.03
BRCA1,NM_007294.4,ENST00000357654,c.3140T>C,tolerated,0.26
BRCA1,NM_007294.4,ENST00000357654,c.3072C>G,deleterious,0.03
BRCA1,NM_007294.4,ENST00000489037,c.303T>G,deleterious,0.0
BRCA1,NM_007294.4,ENST00000489037,c.3022A>G,tolerated,0.14
BRCA1,NM_007294.4,ENST00000497488,c.2T>G,deleterious,0.01
BRCA1,NM_007294.4,ENST00000497488,c.2T>C,tolerated,0.1
BRCA1,NM_007294.4,ENST00000357654,c.2935C>T,tolerated,0.12
BRCA1,NM_007294.4,ENST00000357654,c.2921T>C,tolerated,1.0
BRCA1,NM_007294.4,ENST00000357654,c.2911C>A,tolerated,0.32
BRCA1,NM_007294.4,ENST00000357654,c.2899A>T,tolerated,0.31
BRCA1,NM_007294.4,ENST00000497488,c.2884G>A,tolerated,0.06
BRCA1,NM_007294.4,ENST00000357654,c.2879G>A,tolerated,0.18
BRCA1,NM_007294.4,ENST00000357654,c.2675T>C,tolerated,0.12
BRCA1,NM_007294.4,ENST00000497488,c.2635G>A,deleterious,0.01
BRCA1,NM_007294.4,ENST00000357654,c.2597G>A,deleterious,0.01
BRCA1,NM_007294.4,ENST00000489037,c.2566T>C,deleterious,0.01
BRCA1,NM_007294.4,ENST00000357654,c.2522G>A,tolerated,1.0
BRCA1,NM_007294.4,ENST00000497488,c.2474A>T,deleterious,0.04
BRCA1,NM_007294.4,ENST00000357654,c.2428A>T,deleterious,0.0
BRCA1,NM_007294.4,ENST00000489037,c.2413T>C,tolerated,0.39
BRCA1,NM_007294.4,ENST00000489037,c.2412G>C,tolerated,0.09
BRCA1,NM_007294.4,ENST00000357654,c.2286A>T,deleterious,0.05
BRCA1,NM_007294.4,ENST00000478531,c.2180C>T,tolerated,0.1
BRCA1,NM_007294.4,ENST00000478531,c.212G>A,deleterious,0.0
BRCA1,NM_007294.4,ENST00000357654,c.2083G>T,deleterious,0.0
BRCA1,NM_007294.4,ENST00000497488,c.1A>G,deleterious,0.02
BRCA1,NM_007294.4,ENST00000478531,c.199G>T,deleterious,0.0
BRCA1,NM_007294.4,ENST00000357654,c.1963T>G,deleterious,0.03
BRCA1,NM_007294.4,ENST00000489037,c.1960A>G,tolerated,0.12
BRCA1,NM_007294.4,ENST00000497488,c.1932T>G,tolerated,0.16
BRCA1,NM_007294.4,ENST00000489037,c.1927A>G,tolerated,0.22
BRCA1,NM_007294.4,ENST00000357654,c.1924G>C,deleterious,0.0
BRCA1,NM_007294.4,ENST00000497488,c.191G>A,tolerated,0.15
BRCA1,NM_007294.4,ENST00000497488,c.190T>C,tolerated,0.11
BRCA1,NM_007294.4,ENST00000497488,c.1901C>G,deleterious,0.0
BRCA1,NM_007294.4,ENST00000489037,c.1897C>A,deleterious,0.02
BRCA1,NM_007294.4,ENST00000357654,c.1865C>T,deleterious,0.05
BRCA1,NM_007294.4,ENST00000357654,c.1834A>G,deleterious,0.01
BRCA1,NM_007294.4,ENST00000478531,c.182G>A,deleterious,0.0
BRCA1,NM_007294.4,ENST00000478531,c.181T>C,deleterious,0.0
BRCA1,NM_007294.4,ENST00000489037,c.181T>A,deleterious,0.0
BRCA1,NM_007294.4,ENST00000357654,c.1800C>G,tolerated,0.1
BRCA1,NM_007294.4,ENST00000489037,c.1744A>G,tolerated,0.06
BRCA1,NM_007294.4,ENST00000497488,c.1703C>T,deleterious,0.0
BRCA1,NM_007294.4,ENST00000478531,c.1655G>T,deleterious,0.0
BRCA1,NM_007294.4,ENST00000478531,c.1616C>T,tolerated,0.09
BRCA1,NM_007294.4,ENST00000357654,c.1564G>A,deleterious,0.01
BRCA1,NM_007294.4,ENST00000357654,c.1511G>A,tolerated,0.09
BRCA1,NM_007294.4,ENST00000497488,c.1458T>G,deleterious,0.0
BRCA1,NM_007294.4,ENST00000497488,c.1458T>A,deleterious,0.0
BRCA1,NM_007294.4,ENST00000357654,c.1456T>C,tolerated,0.7
BRCA1,NM_007294.4,ENST00000357654,c.1427A>G,tolerated,0.08
BRCA1,NM_007294.4,ENST00000357654,c.1418A>T,deleterious,0.0
BRCA1,NM_007294.4,ENST00000357654,c.1418A>G,tolerated,0.11
BRCA1,NM_007294.4,ENST00000478531,c.140G>T,deleterious,0.0
BRCA1,NM_007294.4,ENST00000478531,c.140G>A,deleterious,0.0
BRCA1,NM_007294.4,ENST00000478531,c.139T>G,deleterious,0.0
BRCA1,NM_007294.4,ENST00000357654,c.1393T>G,deleterious,0.0
BRCA1,NM_007294.4,ENST00000357654,c.1383T>A,deleterious,0.0
BRCA1,NM_007294.4,ENST00000489037,c.131G>T,deleterious,0.0
BRCA1,NM_007294.4,ENST00000489037,c.131G>A,deleterious,0.0
BRCA1,NM_007294.4,ENST00000489037,c.130T>C,deleterious,0.0
BRCA1,NM_007294.4,ENST00000489037,c.130T>A,deleterious,0.03
BRCA1,NM_007294.4,ENST00000497488,c.1261G>A,tolerated,1.0
BRCA1,NM_007294.4,ENST00000497488,c.122A>G,tolerated,0.1
BRCA1,NM_007294.4,ENST00000357654,c.1208C>T,tolerated,0.25
BRCA1,NM_007294.4,ENST00000489037,c.115T>G,deleterious,0.0
BRCA1,NM_007294.4,ENST00000489037,c.115T>C,deleterious,0.0
BRCA1,NM_007294.4,ENST00000489037,c.115T>A,deleterious,0.0
BRCA1,NM_007294.4,ENST00000478531,c.1137T>G,tolerated,0.09
BRCA1,NM_007294.4,ENST00000357654,c.1130G>A,tolerated,0.05
BRCA1,NM_007294.4,ENST00000497488,c.1127A>G,tolerated,0.1
BRCA1,NM_007294.4,ENST00000497488,c.110C>G,tolerated,0.22
BRCA1,NM_007294.4,ENST00000497488,c.110C>A,deleterious,0.03
BRCA1,NM_007294.4,ENST00000497488,c.1064A>G,tolerated,0.37
BRCA1,NM_007294.4,ENST00000478531,c.1001C>T,tolerated,0.18
BRCA1,NM_007294.4,ENST00000357654,c.736T>G,tolerated,0.28
BRCA1,NM_007294.4,ENST00000357654,c.4956G>A,tolerated,0.45
BRCA1,NM_007294.4,ENST00000489037,c.4883T>C,tolerated,1.0
BRCA1,NM_007294.4,ENST00000357654,c.4837A>G,tolerated,0.05
BRCA1,NM_007294.4,ENST00000357654,c.4535G>T,deleterious,0.01
BRCA1,NM_007294.4,ENST00000497488,c.4520G>C,tolerated,0.13
BRCA1,NM_007294.4,ENST00000478531,c.425C>A,deleterious,0.02
BRCA1,NM_007294.4,ENST00000497488,c.4039A>G,tolerated,0.16
BRCA1,NM_007294.4,ENST00000357654,c.3783A>T,tolerated,0.31
BRCA1,NM_007294.4,ENST00000357654,c.3548A>G,tolerated,1.0
BRCA1,NM_007294.4,ENST00000357654,c.3418A>G,tolerated,0.28
BRCA1,NM_007294.4,ENST00000489037,c.3296C>T,deleterious,0.01
BRCA1,NM_007294.4,ENST00000357654,c.3113A>G,tolerated,0.09
BRCA1,NM_007294.4,ENST00000357654,c.3024G>A,tolerated,0.65
BRCA1,NM_007294.4,ENST00000489037,c.2612C>T,deleterious,0.04
BRCA1,NM_007294.4,ENST00000357654,c.2596C>T,deleterious,0.0
BRCA1,NM_007294.4,ENST00000357654,c.2458A>G,tolerated,0.18
BRCA1,NM_007294.4,ENST00000497488,c.2315T>C,deleterious,0.03
BRCA1,NM_007294.4,ENST00000357654,c.2077G>A,tolerated,0.05
BRCA1,NM_007294.4,ENST00000357654,c.1789G>A,deleterious,0.04
BRCA1,NM_007294.4,ENST00000497488,c.1487G>A,tolerated,0.48
BRCA1,NM_007294.4,ENST00000489037,c.1233T>G,tolerated,0.25
BRCA1,NM_007294.4,ENST00000497488,c.1067A>G,tolerated,0.09
BRCA1,NM_007294.4,ENST00000497488,c.946A>G,deleterious,0.01
BRCA1,NM_007294.4,ENST00000489037,c.827C>G,deleterious,0.0
BRCA1,NM_007294.4,ENST00000489037,c.641A>G,deleterious,0.04
BRCA1,NM_007294.4,ENST00000497488,c.571G>A,tolerated,0.08
BRCA1,NM_007294.4,ENST00000357654,c.5521A>C,deleterious,0.0
BRCA1,NM_007294.4,ENST00000357654,c.5511G>T,deleterious,0.0
BRCA1,NM_007294.4,ENST00000489037,c.5509T>C,tolerated_low_confidence,0.09
BRCA1,NM_007294.4,ENST00000357654,c.5453A>G,tolerated,0.06
BRCA1,NM_007294.4,ENST00000357654,c.5434C>G,deleterious,0.01
BRCA1,NM_007294.4,ENST00000357654,c.5408G>C,tolerated,0.13
BRCA1,NM_007294.4,ENST00000489037,c.53T>C,deleterious,0.0
BRCA1,NM_007294.4,ENST00000357654,c.536A>G,deleterious,0.05
BRCA1,NM_007294.4,ENST00000357654,c.5363G>T,deleterious,0.0
BRCA1,NM_007294.4,ENST00000489037,c.5297T>G,deleterious,0.0
BRCA1,NM_007294.4,ENST00000357654,c.5242G>T,deleterious,0.0
BRCA1,NM_007294.4,ENST00000357654,c.5207T>C,deleterious,0.0
BRCA1,NM_007294.4,ENST00000357654,c.5117G>A,deleterious,0.0
BRCA1,NM_007294.4,ENST00000357654,c.5114T>C,deleterious,0.0
BRCA1,NM_007294.4,ENST00000357654,c.5096G>A,deleterious,0.0
BRCA1,NM_007294.4,ENST00000357654,c.5090G>A,deleterious,0.0
BRCA1,NM_007294.4,ENST00000357654,c.5074G>C,deleterious,0.0
BRCA1,NM_007294.4,ENST00000357654,c.5074G>A,deleterious,0.02
BRCA1,NM_007294.4,ENST00000357654,c.5072C>T,deleterious,0.0
BRCA1,NM_007294.4,ENST00000357654,c.5072C>A,deleterious,0.0
BRCA1,NM_007294.4,ENST00000357654,c.5066T>G,deleterious,0.0
BRCA1,NM_007294.4,ENST00000357654,c.4991T>C,deleterious,0.01
BRCA1,NM_007294.4,ENST00000357654,c.4955T>C,deleterious,0.0
BRCA1,NM_007294.4,ENST00000357654,c.4868C>G,tolerated,0.14
BRCA1,NM_007294.4,ENST00000357654,c.4837A>T,deleterious,0.02
BRCA1,NM_007294.4,ENST00000357654,c.4816A>G,deleterious,0.04
BRCA1,NM_007294.4,ENST00000357654,c.4675G>C,tolerated,0.06
BRCA1,NM_007294.4,ENST00000357654,c.4675G>A,deleterious,0.0
BRCA1,NM_007294.4,ENST00000357654,c.4484G>T,deleterious,0.0
BRCA1,NM_007294.4,ENST00000357654,c.4484G>A,tolerated,0.06
BRCA1,NM_007294.4,ENST00000497488,c.427G>A,tolerated,0.13
BRCA1,NM_007294.4,ENST00000357654,c.4036G>A,tolerated,0.08
BRCA1,NM_007294.4,ENST00000489037,c.3823A>G,tolerated,0.07
BRCA1,NM_007294.4,ENST00000357654,c.3713C>T,tolerated,0.1
BRCA1,NM_007294.4,ENST00000357654,c.3657G>C,deleterious,0.0
BRCA1,NM_007294.4,ENST00000357654,c.3327A>C,deleterious,0.03
BRCA1,NM_007294.4,ENST00000357654,c.3130A>G,tolerated,0.51
BRCA1,NM_007294.4,ENST00000357654,c.3083G>A,tolerated,0.12
BRCA1,NM_007294.4,ENST00000357654,c.3082C>T,deleterious,0.04
BRCA1,NM_007294.4,ENST00000478531,c.305C>G,tolerated,0.15
BRCA1,NM_007294.4,ENST00000357654,c.2773A>C,tolerated,0.09
BRCA1,NM_007294.4,ENST00000357654,c.2758G>A,tolerated,0.14
BRCA1,NM_007294.4,ENST00000497488,c.2735A>G,deleterious,0.03
BRCA1,NM_007294.4,ENST00000357654,c.2669G>T,tolerated,0.36
BRCA1,NM_007294.4,ENST00000357654,c.2584A>G,deleterious,0.0
BRCA1,NM_007294.4,ENST00000497488,c.2477C>A,tolerated,0.06
BRCA1,NM_007294.4,ENST00000357654,c.2351C>T,deleterious,0.0
BRCA1,NM_007294.4,ENST00000478531,c.2207A>C,deleterious,0.0
BRCA1,NM_007294.4,ENST00000497488,c.2167A>G,tolerated,0.23
BRCA1,NM_007294.4,ENST00000357654,c.2155A>G,tolerated,0.1
BRCA1,NM_007294.4,ENST00000357654,c.2002C>T,tolerated,0.09
BRCA1,NM_007294.4,ENST00000489037,c.1648A>C,deleterious,0.01
BRCA1,NM_007294.4,ENST00000357654,c.1534C>T,deleterious,0.0
BRCA1,NM_007294.4,ENST00000357654,c.1486C>T,tolerated,0.38
BRCA1,NM_007294.4,ENST00000497488,c.116G>T,deleterious,0.01
BRCA1,NM_007294.4,ENST00000497488,c.116G>A,tolerated,0.08
BRCA1,NM_007294.4,ENST00000357654,c.1105G>A,tolerated,0.06
BRCA1,NM_007294.4,ENST00000357654,c.1036C>T,tolerated,0.6
BRCA1,NM_007294.4,ENST00000357654,c.5324T>A,deleterious,0.0
BRCA1,NM_007294.4,ENST00000357654,c.5324T>G,deleterious,0.0
BRCA1,NM_007294.4,ENST00000497488,c.211A>G,tolerated,0.16
BRCA1,NM_007294.4,ENST00000357654,c.2521C>T,deleterious,0.0
BRCA1,NM_007294.4,ENST00000489037,c.4327C>G,tolerated,0.08
BRCA1,NM_007294.4,ENST00000497488,c.3119G>A,tolerated,0.09
BRCA1,NM_007294.4,ENST00000489037,c.181T>G,deleterious,0.0
BRCA1,NM_007294.4,ENST00000497488,c.190T>G,tolerated,0.11
BRCA2,NM_000059.4,ENST00000544455,c.4523G>T,deleterious,0.01
BRCA2,NM_000059.4,ENST00000544455,c.4126G>C,tolerated,0.1
BRCA2,NM_000059.4,ENST00000544455,c.4126G>A,tolerated,0.1
BRCA2,NM_000059.4,ENST00000544455,c.4079A>C,tolerated,0.06
BRCA2,NM_000059.4,ENST00000544455,c.1942T>C,deleterious,0.02
BRCA2,NM_000059.4,ENST00000544455,c.5680T>C,tolerated,0.72
BRCA2,NM_000059.4,ENST00000544455,c.5050A>T,tolerated,0.22
BRCA2,NM_000059.4,ENST00000544455,c.2454T>A,tolerated,0.07
BRCA2,NM_000059.4,ENST00000544455,c.3886A>C,deleterious,0.01
BRCA2,NM_000059.4,ENST00000544455,c.638A>G,deleterious,0.03
BRCA2,NM_000059.4,ENST00000544455,c.1670T>C,tolerated,1.0
BRCA2,NM_000059.4,ENST00000544455,c.4186C>G,tolerated,1.0
BRCA2,NM_000059.4,ENST00000544455,c.4442A>G,tolerated,0.13
BRCA2,NM_000059.4,ENST00000544455,c.9964A>C,tolerated,0.15
BRCA2,NM_000059.4,ENST00000544455,c.10243A>G,tolerated,0.44
BRCA2,NM_000059.4,ENST00000544455,c.5308T>G,deleterious,0.01
BRCA2,NM_000059.4,ENST00000544455,c.3447G>C,tolerated,0.18
BRCA2,NM_000059.4,ENST00000544455,c.1747T>A,deleterious,0.0
BRCA2,NM_000059.4,ENST00000544455,c.9912T>G,deleterious,0.0
BRCA2,NM_000059.4,ENST00000544455,c.1310A>C,tolerated,1.0
BRCA2,NM_000059.4,ENST00000544455,c.3847G>T,tolerated,1.0
BRCA2,NM_000059.4,ENST00000544455,c.5071A>C,tolerated,0.13
BRCA2,NM_000059.4,ENST00000544455,c.49A>G,tolerated,0.41
BRCA2,NM_000059.4,ENST00000544455,c.9221T>C,deleterious,0.0
BRCA2,NM_000059.4,ENST00000544455,c.3942G>C,tolerated,0.15
BRCA2,NM_000059.4,ENST00000544455,c.260C>T,tolerated,0.11
BRCA2,NM_000059.4,ENST00000544455,c.536A>G,tolerated,1.0
BRCA2,NM_000059.4,ENST00000544455,c.1626A>G,tolerated,0.14
BRCA2,NM_000059.4,ENST00000544455,c.2762T>A,tolerated,0.11
BRCA2,NM_000059.4,ENST00000544455,c.5224A>G,tolerated,0.13
BRCA2,NM_000059.4,ENST00000544455,c.3602A>G,tolerated,0.09
BRCA2,NM_000059.4,ENST00000544455,c.1299C>A,tolerated,0.5
BRCA2,NM_000059.4,ENST00000544455,c.8878C>G,tolerated,0.2
BRCA2,NM_000059.4,ENST00000544455,c.9673T>A,tolerated,1.0
BRCA2,NM_000059.4,ENST00000544455,c.5231G>A,tolerated,0.36
BRCA2,NM_000059.4,ENST00000544455,c.1062T>G,tolerated,0.1
BRCA2,NM_000059.4,ENST00000544455,c.3779T>C,deleterious,0.04
BRCA2,NM_000059.4,ENST00000544455,c.4826C>T,tolerated,0.22
BRCA2,NM_000059.4,ENST00000544455,c.1081A>G,tolerated,0.15
BRCA2,NM_000059.4,ENST00000544455,c.4936G>A,tolerated,0.13
BRCA2,NM_000059.4,ENST00000544455,c.6536T>C,deleterious,0.01
BRCA2,NM_000059.4,ENST00000544455,c.1106A>G,tolerated,0.24
BRCA2,NM_000059.4,ENST00000544455,c.10031T>A,deleterious,0.0
BRCA2,NM_000059.4,ENST00000544455,c.9916A>G,tolerated,0.09
BRCA2,NM_000059.4,ENST00000544455,c.762A>T,tolerated,0.12
BRCA2,NM_000059.4,ENST00000544455,c.7354A>T,deleterious,0.01
BRCA2,NM_000059.4,ENST00000544455,c.5152A>G,tolerated,0.06
BRCA2,NM_000059.4,ENST00000544455,c.4435A>C,tolerated,0.16
BRCA2,NM_000059.4,ENST00000544455,c.3959A>G,tolerated,0.06
BRCA2,NM_000059.4,ENST00000544455,c.3823A>G,tolerated,0.38
BRCA2,NM_000059.4,ENST00000544455,c.3244A>G,tolerated,1.0
BRCA2,NM_000059.4,ENST00000544455,c.1842T>G,tolerated,0.15
BRCA2,NM_000059.4,ENST00000544455,c.6034T>C,tolerated,0.13
BRCA2,NM_000059.4,ENST00000544455,c.4028A>G,tolerated,0.08
BRCA2,NM_000059.4,ENST00000544455,c.6182C>T,deleterious,0.0
BRCA2,NM_000059.4,ENST00000544455,c.6164T>A,tolerated,0.08
BRCA2,NM_000059.4,ENST00000544455,c.6051A>C,deleterious,0.05
BRCA2,NM_000059.4,ENST00000544455,c.3614C>A,deleterious,0.0
BRCA2,NM_000059.4,ENST00000544455,c.4999T>A,tolerated,0.06
BRCA2,NM_000059.4,ENST00000544455,c.1875T>G,tolerated,0.35
BRCA2,NM_000059.4,ENST00000544455,c.7870T>G,deleterious,0.0
BRCA2,NM_000059.4,ENST00000544455,c.10101A>C,tolerated,0.56
BRCA2,NM_000059.4,ENST00000544455,c.7878G>T,deleterious,0.0
BRCA2,NM_000059.4,ENST00000544455,c.7855T>G,deleterious,0.01
BRCA2,NM_000059.4,ENST00000544455,c.6631G>A,tolerated,0.59
BRCA2,NM_000059.4,ENST00000544455,c.2831A>C,tolerated,1.0
BRCA2,NM_000059.4,ENST00000544455,c.6663C>G,tolerated,0.13
BRCA2,NM_000059.4,ENST00000544455,c.7868A>C,deleterious,0.0
BRCA2,NM_000059.4,ENST00000544455,c.92G>C,deleterious,0.0
BRCA2,NM_000059.4,ENST00000544455,c.8170G>A,deleterious,0.0
BRCA2,NM_000059.4,ENST00000544455,c.950C>G,tolerated,0.07
BRCA2,NM_000059.4,ENST00000544455,c.6943A>T,tolerated,0.17
BRCA2,NM_000059.4,ENST00000544455,c.2702T>C,tolerated,1.0
BRCA2,NM_000059.4,ENST00000544455,c.268C>G,tolerated,0.1
BRCA2,NM_000059.4,ENST00000544455,c.2243A>G,tolerated,0.35
BRCA2,NM_000059.4,ENST00000544455,c.2132G>T,tolerated,0.07
BRCA2,NM_000059.4,ENST00000544455,c.1937G>A,tolerated,1.0
BRCA2,NM_000059.4,ENST00000544455,c.14C>G,tolerated,0.87
BRCA2,NM_000059.4,ENST00000544455,c.1373C>G,deleterious,0.01
BRCA2,NM_000059.4,ENST00000544455,c.9975T>G,tolerated,1.0
BRCA2,NM_000059.4,ENST00000544455,c.9367A>C,deleterious,0.0
BRCA2,NM_000059.4,ENST00000544455,c.8254A>G,tolerated,0.21
BRCA2,NM_000059.4,ENST00000544455,c.7895C>G,deleterious,0.0
BRCA2,NM_000059.4,ENST00000544455,c.7371T>A,tolerated,0.74
BRCA2,NM_000059.4,ENST00000544455,c.7352A>G,tolerated,0.17
BRCA2,NM_000059.4,ENST00000544455,c.7344G>T,tolerated,1.0
BRCA2,NM_000059.4,ENST00000544455,c.6863A>G,tolerated,0.52
BRCA2,NM_000059.4,ENST00000544455,c.6826C>G,tolerated,1.0
BRCA2,NM_000059.4,ENST00000544455,c.653A>C,tolerated,0.69
BRCA2,NM_000059.4,ENST00000544455,c.6206T>C,tolerated,1.0
BRCA2,NM_000059.4,ENST00000544455,c.5808G>T,tolerated,0.66
BRCA2,NM_000059.4,ENST00000544455,c.5782G>C,tolerated,1.0
BRCA2,NM_000059.4,ENST00000544455,c.5482A>G,tolerated,1.0
BRCA2,NM_000059.4,ENST00000544455,c.118C>G,tolerated,0.06
BRCA2,NM_000059.4,ENST00000544455,c.4809C>A,tolerated,0.94
BRCA2,NM_000059.4,ENST00000544455,c.4087A>C,deleterious,0.02
BRCA2,NM_000059.4,ENST00000544455,c.2743A>T,tolerated,1.0
BRCA2,NM_000059.4,ENST00000544455,c.4059A>C,tolerated,0.15
BRCA2,NM_000059.4,ENST00000544455,c.1117C>A,deleterious,0.0
BRCA2,NM_000059.4,ENST00000544455,c.9749C>T,deleterious,0.03
BRCA2,NM_000059.4,ENST00000544455,c.1313A>T,deleterious,0.0
BRCA2,NM_000059.4,ENST00000544455,c.3233T>G,tolerated,0.06
BRCA2,NM_000059.4,ENST00000544455,c.7731A>T,tolerated,0.2
BRCA2,NM_000059.4,ENST00000544455,c.5744C>A,tolerated,0.09
BRCA2,NM_000059.4,ENST00000544455,c.4521G>C,deleterious,0.02
BRCA2,NM_000059.4,ENST00000544455,c.8176T>A,deleterious,0.0
BRCA2,NM_000059.4,ENST00000544455,c.9226G>A,deleterious,0.0
BRCA2,NM_000059.4,ENST00000544455,c.8486A>C,deleterious,0.0
BRCA2,NM_000059.4,ENST00000544455,c.2219C>T,tolerated,0.06
BRCA2,NM_000059.4,ENST00000544455,c.4130A>T,deleterious,0.0
BRCA2,NM_000059.4,ENST00000544455,c.3292A>T,deleterious,0.0
BRCA2,NM_000059.4,ENST00000544455,c.8850G>C,deleterious,0.0
BRCA2,NM_000059.4,ENST00000544455,c.5334T>A,tolerated,0.06
BRCA2,NM_000059.4,ENST00000544455,c.3799G>A,tolerated,0.16
BRCA2,NM_000059.4,ENST00000544455,c.3596A>G,deleterious,0.01
BRCA2,NM_000059.4,ENST00000544455,c.2962G>A,tolerated,0.08
BRCA2,NM_000059.4,ENST00000544455,c.6290C>A,deleterious,0.01
BRCA2,NM_000059.4,ENST00000544455,c.908C>T,deleterious,0.04
BRCA2,NM_000059.4,ENST00000544455,c.2747G>T,tolerated,0.53
BRCA2,NM_000059.4,ENST00000544455,c.3116C>T,deleterious,0.01
BRCA2,NM_000059.4,ENST00000544455,c.3224G>A,tolerated,0.33
BRCA2,NM_000059.4,ENST00000544455,c.9226G>C,deleterious,0.0
BRCA2,NM_000059.4,ENST00000544455,c.8174G>T,deleterious,0.0
BRCA2,NM_000059.4,ENST00000544455,c.7888A>C,deleterious,0.0
BRCA2,NM_000059.4,ENST00000544455,c.7807G>C,deleterious,0.0
BRCA2,NM_000059.4,ENST00000544455,c.7786G>C,deleterious,0.0
BRCA2,NM_000059.4,ENST00000544455,c.10231A>G,tolerated,0.07
BRCA2,NM_000059.4,ENST00000544455,c.7336A>G,tolerated,1.0
BRCA2,NM_000059.4,ENST00000544455,c.2623G>C,tolerated,0.07
BRCA2,NM_000059.4,ENST00000544455,c.8227G>T,deleterious,0.0
BRCA2,NM_000059.4,ENST00000544455,c.7916C>G,deleterious,0.0
BRCA2,NM_000059.4,ENST00000544455,c.5147A>G,tolerated,0.35
BRCA2,NM_000059.4,ENST00000544455,c.3577G>T,tolerated,0.16
BRCA2,NM_000059.4,ENST00000544455,c.9370A>C,deleterious,0.0
BRCA2,NM_000059.4,ENST00000544455,c.8734G>A,deleterious,0.0
BRCA2,NM_000059.4,ENST00000544455,c.6583G>A,tolerated,0.12
BRCA2,NM_000059.4,ENST00000544455,c.2568T>A,tolerated,0.13
BRCA2,NM_000059.4,ENST00000544455,c.8786T>G,deleterious,0.0
BRCA2,NM_000059.4,ENST00000544455,c.10238C>T,tolerated,0.17
BRCA2,NM_000059.4,ENST00000544455,c.7867C>T,deleterious,0.0
BRCA2,NM_000059.4,ENST00000544455,c.3074A>G,deleterious,0.02
BRCA2,NM_000059.4,ENST00000544455,c.5323G>C,tolerated,0.24
BRCA2,NM_000059.4,ENST00000544455,c.4639G>A,tolerated,0.05
BRCA2,NM_000059.4,ENST00000544455,c.3858A>T,deleterious,0.03
BRCA2,NM_000059.4,ENST00000544455,c.8165C>T,deleterious,0.0
BRCA2,NM_000059.4,ENST00000544455,c.5830A>G,tolerated,1.0
BRCA2,NM_000059.4,ENST00000544455,c.3773T>G,tolerated,1.0
BRCA2,NM_000059.4,ENST00000544455,c.1675G>A,tolerated,0.06
BRCA2,NM_000059.4,ENST00000544455,c.868G>C,deleterious,0.02
BRCA2,NM_000059.4,ENST00000544455,c.7955T>G,deleterious,0.0
BRCA2,NM_000059.4,ENST00000544455,c.2403C>A,tolerated,1.0
BRCA2,NM_000059.4,ENST00000544455,c.8022G>T,deleterious,0.0
BRCA2,NM_000059.4,ENST00000544455,c.1317T>A,tolerated,0.08
BRCA2,NM_000059.4,ENST00000544455,c.7750G>T,deleterious,0.0
BRCA2,NM_000059.4,ENST00000544455,c.1796C>T,deleterious,0.0
BRCA2,NM_000059.4,ENST00000544455,c.4150T>G,tolerated,0.23
BRCA2,NM_000059.4,ENST00000544455,c.8585T>A,deleterious,0.0
BRCA2,NM_000059.4,ENST00000544455,c.9643C>T,tolerated,1.0
BRCA2,NM_000059.4,ENST00000544455,c.8639C>T,tolerated,0.44
BRCA2,NM_000059.4,ENST00000544455,c.1072G>A,tolerated,1.0
BRCA2,NM_000059.4,ENST00000544455,c.2249A>G,tolerated,1.0
BRCA2,NM_000059.4,ENST00000544455,c.468T>A,tolerated,1.0
BRCA2,NM_000059.4,ENST00000544455,c.4438T>C,tolerated,1.0
BRCA2,NM_000059.4,ENST00000544455,c.5252A>C,tolerated,0.39
BRCA2,NM_000059.4,ENST00000544455,c.10009A>G,tolerated,1.0
BRCA2,NM_000059.4,ENST00000544455,c.9155G>T,deleterious,0.0
BRCA2,NM_000059.4,ENST00000544455,c.8995C>G,deleterious,0.0
BRCA2,NM_000059.4,ENST00000544455,c.516G>T,deleterious,0.0
BRCA2,NM_000059.4,ENST00000544455,c.1281C>G,deleterious,0.01
BRCA2,NM_000059.4,ENST00000544455,c.2927C>T,deleterious,0.05
BRCA2,NM_000059.4,ENST00000544455,c.2926T>A,tolerated,0.31
BRCA2,NM_000059.4,ENST00000544455,c.10195G>T,tolerated,0.27
BRCA2,NM_000059.4,ENST00000544455,c.9373C>T,deleterious,0.0
BRCA2,NM_000059.4,ENST00000544455,c.6503G>C,deleterious,0.03
BRCA2,NM_000059.4,ENST00000544455,c.5413A>G,tolerated,0.21
BRCA2,NM_000059.4,ENST00000544455,c.4489G>T,tolerated,0.1
BRCA2,NM_000059.4,ENST00000544455,c.4079A>T,deleterious,0.0
BRCA2,NM_000059.4,ENST00000544455,c.1459G>T,tolerated,0.3
BRCA2,NM_000059.4,ENST00000544455,c.2T>A,deleterious,0.0
BRCA2,NM_000059.4,ENST00000544455,c.4685A>G,tolerated,0.34
BRCA2,NM_000059.4,ENST00000544455,c.7876T>C,deleterious,0.0
BRCA2,NM_000059.4,ENST00000544455,c.1129G>C,tolerated,0.09
BRCA2,NM_000059.4,ENST00000544455,c.6698C>T,deleterious,0.0
BRCA2,NM_000059.4,ENST00000544455,c.7876T>A,deleterious,0.0
BRCA2,NM_000059.4,ENST00000544455,c.9284A>G,deleterious,0.0
BRCA2,NM_000059.4,ENST00000544455,c.8242G>A,deleterious,0.0
BRCA2,NM_000059.4,ENST00000544455,c.10235T>G,tolerated,1.0
BRCA2,NM_000059.4,ENST00000544455,c.6541G>A,tolerated,0.13
BRCA2,NM_000059.4,ENST00000544455,c.8170G>T,deleterious,0.0
BRCA2,NM_000059.4,ENST00000544455,c.5298T>A,tolerated,0.08
BRCA2,NM_000059.4,ENST00000544455,c.9285C>A,deleterious,0.0
BRCA2,NM_000059.4,ENST00000544455,c.6214T>A,deleterious,0.02
BRCA2,NM_000059.4,ENST00000544455,c.8552C>T,deleterious,0.02
BRCA2,NM_000059.4,ENST00000544455,c.8326T>A,deleterious,0.0
BRCA2,NM_000059.4,ENST00000544455,c.7826G>T,deleterious,0.0
BRCA2,NM_000059.4,ENST00000544455,c.8499G>C,deleterious,0.0
BRCA2,NM_000059.4,ENST00000544455,c.7187T>C,tolerated,0.92
BRCA2,NM_000059.4,ENST00000544455,c.8165C>A,deleterious,0.0
BRCA2,NM_000059.4,ENST00000544455,c.7880T>A,deleterious,0.0
BRCA2,NM_000059.4,ENST00000544455,c.1A>G,deleterious,0.0
BRCA2,NM_000059.4,ENST00000544455,c.4609G>A,deleterious,0.05
BRCA2,NM_000059.4,ENST00000544455,c.3793T>A,tolerated,0.26
BRCA2,NM_000059.4,ENST00000544455,c.7802A>G,deleterious,0.0
BRCA2,NM_000059.4,ENST00000544455,c.8353C>A,deleterious,0.0
BRCA2,NM_000059.4,ENST00000544455,c.122C>T,tolerated,0.16
BRCA2,NM_000059.4,ENST00000544455,c.517G>C,deleterious,0.0
BRCA2,NM_000059.4,ENST00000544455,c.2138A>C,tolerated,0.16
BRCA2,NM_000059.4,ENST00000544455,c.5732A>G,tolerated,0.14
BRCA2,NM_000059.4,ENST00000544455,c.5671G>A,tolerated,0.42
BRCA2,NM_000059.4,ENST00000544455,c.9561T>A,deleterious,0.02
BRCA2,NM_000059.4,ENST00000544455,c.796T>C,tolerated,1.0
BRCA2,NM_000059.4,ENST00000544455,c.7188G>T,tolerated,0.27
BRCA2,NM_000059.4,ENST00000544455,c.7006C>G,tolerated,0.18
BRCA2,NM_000059.4,ENST00000544455,c.9089C>T,deleterious,0.0
BRCA2,NM_000059.4,ENST00000544455,c.9043A>G,deleterious,0.01
BRCA2,NM_000059.4,ENST00000544455,c.8168A>T,deleterious,0.0
BRCA2,NM_000059.4,ENST00000544455,c.7397T>C,tolerated,1.0
BRCA2,NM_000059.4,ENST00000544455,c.9227G>T,deleterious,0.0
BRCA2,NM_000059.4,ENST00000544455,c.9082G>C,deleterious,0.0
BRCA2,NM_000059.4,ENST00000544455,c.8188G>C,deleterious,0.0
BRCA2,NM_000059.4,ENST00000544455,c.5848G>A,tolerated,0.36
BRCA2,NM_000059.4,ENST00000544455,c.1538A>G,deleterious,0.02
BRCA2,NM_000059.4,ENST00000544455,c.963A>C,deleterious,0.02
BRCA2,NM_000059.4,ENST00000544455,c.7469T>C,tolerated,0.22
BRCA2,NM_000059.4,ENST00000544455,c.5170A>G,tolerated,0.46
BRCA2,NM_000059.4,ENST00000544455,c.2755G>A,tolerated,0.12
BRCA2,NM_000059.4,ENST00000544455,c.1166C>A,tolerated,0.37
BRCA2,NM_000059.4,ENST00000544455,c.1141G>A,tolerated,0.11
BRCA2,NM_000059.4,ENST00000544455,c.8662C>T,tolerated,0.13
BRCA2,NM_000059.4,ENST00000544455,c.8632G>A,deleterious,0.0
BRCA2,NM_000059.4,ENST00000544455,c.9917C>T,deleterious,0.03
BRCA2,NM_000059.4,ENST00000544455,c.9875C>T,deleterious,0.03
BRCA2,NM_000059.4,ENST00000544455,c.978C>A,deleterious,0.01
BRCA2,NM_000059.4,ENST00000544455,c.9509A>G,tolerated,0.09
BRCA2,NM_000059.4,ENST00000544455,c.9285C>G,deleterious,0.0
BRCA2,NM_000059.4,ENST00000544455,c.9227G>A,deleterious,0.0
BRCA2,NM_000059.4,ENST00000544455,c.91T>C,deleterious,0.0
BRCA2,NM_000059.4,ENST00000544455,c.9187C>T,tolerated,0.07
BRCA2,NM_000059.4,ENST00000544455,c.9175A>G,deleterious,0.01
BRCA2,NM_000059.4,ENST00000544455,c.9154C>T,deleterious,0.0
BRCA2,NM_000059.4,ENST00000544455,c.8905G>A,deleterious,0.03
BRCA2,NM_000059.4,ENST00000544455,c.8525G>A,deleterious,0.0
BRCA2,NM_000059.4,ENST00000544455,c.8503T>C,tolerated,0.37
BRCA2,NM_000059.4,ENST00000544455,c.8377G>A,deleterious,0.0
BRCA2,NM_000059.4,ENST00000544455,c.8308G>A,tolerated,0.1
BRCA2,NM_000059.4,ENST00000544455,c.8243G>A,deleterious,0.0
BRCA2,NM_000059.4,ENST00000544455,c.8177A>G,deleterious,0.0
BRCA2,NM_000059.4,ENST00000544455,c.8171G>T,deleterious,0.0
BRCA2,NM_000059.4,ENST00000544455,c.8168A>C,deleterious,0.0
BRCA2,NM_000059.4,ENST00000544455,c.8167G>C,deleterious,0.0
BRCA2,NM_000059.4,ENST00000544455,c.8057T>C,deleterious,0.0
BRCA2,NM_000059.4,ENST00000544455,c.8023A>G,deleterious,0.0
BRCA2,NM_000059.4,ENST00000544455,c.8009C>T,deleterious,0.0
BRCA2,NM_000059.4,ENST00000544455,c.7988A>T,deleterious,0.0
BRCA2,NM_000059.4,ENST00000544455,c.7987G>A,deleterious,0.0
BRCA2,NM_000059.4,ENST00000544455,c.7978T>G,deleterious,0.02
BRCA2,NM_000059.4,ENST00000544455,c.7976G>C,deleterious,0.0
BRCA2,NM_000059.4,ENST00000544455,c.7964A>G,deleterious,0.0
BRCA2,NM_000059.4,ENST00000544455,c.7958T>C,deleterious,0.0
BRCA2,NM_000059.4,ENST00000544455,c.7940T>C,deleterious,0.0
BRCA2,NM_000059.4,ENST00000544455,c.7879A>T,deleterious,0.0
BRCA2,NM_000059.4,ENST00000544455,c.7826G>A,deleterious,0.0
BRCA2,NM_000059.4,ENST00000544455,c.7805G>C,deleterious,0.0
BRCA2,NM_000059.4,ENST00000544455,c.7534C>T,deleterious,0.0
BRCA2,NM_000059.4,ENST00000544455,c.7505G>A,tolerated,0.73
BRCA2,NM_000059.4,ENST00000544455,c.7415A>C,tolerated,0.09
BRCA2,NM_000059.4,ENST00000544455,c.7307A>T,tolerated,0.08
BRCA2,NM_000059.4,ENST00000544455,c.7232A>C,deleterious,0.0
BRCA2,NM_000059.4,ENST00000544455,c.7057G>C,deleterious,0.0
BRCA2,NM_000059.4,ENST00000544455,c.7017G>C,tolerated,0.08
BRCA2,NM_000059.4,ENST00000544455,c.7007G>T,deleterious,0.02
BRCA2,NM_000059.4,ENST00000544455,c.7007G>C,tolerated,0.05
BRCA2,NM_000059.4,ENST00000544455,c.6953G>A,deleterious,0.0
BRCA2,NM_000059.4,ENST00000544455,c.6935A>T,deleterious,0.0
BRCA2,NM_000059.4,ENST00000544455,c.67G>T,deleterious,0.0
BRCA2,NM_000059.4,ENST00000544455,c.6532C>T,tolerated,0.16
BRCA2,NM_000059.4,ENST00000544455,c.6455C>A,deleterious,0.0
BRCA2,NM_000059.4,ENST00000544455,c.6384A>C,tolerated,0.25
BRCA2,NM_000059.4,ENST00000544455,c.631G>A,deleterious,0.01
BRCA2,NM_000059.4,ENST00000544455,c.6018T>A,deleterious,0.02
BRCA2,NM_000059.4,ENST00000544455,c.5753A>G,tolerated,0.29
BRCA2,NM_000059.4,ENST00000544455,c.5752C>T,tolerated,0.77
BRCA2,NM_000059.4,ENST00000544455,c.5683G>C,deleterious,0.03
BRCA2,NM_000059.4,ENST00000544455,c.5640T>G,deleterious,0.02
BRCA2,NM_000059.4,ENST00000544455,c.5467A>C,deleterious,0.05
BRCA2,NM_000059.4,ENST00000544455,c.5455C>T,tolerated,0.14
BRCA2,NM_000059.4,ENST00000544455,c.53G>A,deleterious,0.0
BRCA2,NM_000059.4,ENST00000544455,c.502C>A,deleterious,0.0
BRCA2,NM_000059.4,ENST00000544455,c.5003C>G,tolerated,0.28
BRCA2,NM_000059.4,ENST00000544455,c.475G>A,deleterious,0.02
BRCA2,NM_000059.4,ENST00000544455,c.4570T>G,deleterious,0.01
BRCA2,NM_000059.4,ENST00000544455,c.4566G>T,deleterious,0.0
BRCA2,NM_000059.4,ENST00000544455,c.4539T>A,tolerated,1.0
BRCA2,NM_000059.4,ENST00000544455,c.440A>G,tolerated,1.0
BRCA2,NM_000059.4,ENST00000544455,c.4271C>G,tolerated,0.1
BRCA2,NM_000059.4,ENST00000544455,c.4241C>T,tolerated,1.0
BRCA2,NM_000059.4,ENST00000544455,c.4163C>A,deleterious,0.02
BRCA2,NM_000059.4,ENST00000544455,c.4090A>C,tolerated,0.15
BRCA2,NM_000059.4,ENST00000544455,c.4061C>T,deleterious,0.01
BRCA2,NM_000059.4,ENST00000544455,c.4046T>C,deleterious,0.03
BRCA2,NM_000059.4,ENST00000544455,c.3G>A,deleterious,0.0
BRCA2,NM_000059.4,ENST00000544455,c.3944G>A,tolerated,0.44
BRCA2,NM_000059.4,ENST00000544455,c.3905C>A,deleterious,0.01
BRCA2,NM_000059.4,ENST00000544455,c.3848T>G,tolerated,0.09
BRCA2,NM_000059.4,ENST00000544455,c.3839A>T,deleterious,0.0
BRCA2,NM_000059.4,ENST00000544455,c.3575T>G,deleterious,0.03
BRCA2,NM_000059.4,ENST00000544455,c.3568C>T,deleterious,0.0
BRCA2,NM_000059.4,ENST00000544455,c.3536G>A,tolerated,0.16
BRCA2,NM_000059.4,ENST00000544455,c.3445A>G,tolerated,0.3
BRCA2,NM_000059.4,ENST00000544455,c.3403T>C,tolerated,1.0
BRCA2,NM_000059.4,ENST00000544455,c.322A>C,tolerated,0.15
BRCA2,NM_000059.4,ENST00000544455,c.3132T>G,tolerated,0.1
BRCA2,NM_000059.4,ENST00000544455,c.3122G>A,tolerated,0.2
BRCA2,NM_000059.4,ENST00000544455,c.2T>G,deleterious,0.0
BRCA2,NM_000059.4,ENST00000544455,c.2T>C,deleterious,0.0
BRCA2,NM_000059.4,ENST00000544455,c.2987T>G,tolerated,0.05
BRCA2,NM_000059.4,ENST00000544455,c.2965T>G,tolerated,0.32
BRCA2,NM_000059.4,ENST00000544455,c.2960A>T,deleterious,0.0
BRCA2,NM_000059.4,ENST00000544455,c.2872A>G,tolerated,0.05
BRCA2,NM_000059.4,ENST00000544455,c.2803G>A,tolerated,0.07
BRCA2,NM_000059.4,ENST00000544455,c.2786T>C,tolerated,0.19
BRCA2,NM_000059.4,ENST00000544455,c.2698A>G,tolerated,0.36
BRCA2,NM_000059.4,ENST00000544455,c.2680G>A,tolerated,1.0
BRCA2,NM_000059.4,ENST00000544455,c.2503C>T,tolerated,0.99
BRCA2,NM_000059.4,ENST00000544455,c.2483A>G,deleterious,0.03
BRCA2,NM_000059.4,ENST00000544455,c.2416G>C,deleterious,0.02
BRCA2,NM_000059.4,ENST00000544455,c.2275C>T,tolerated,0.45
BRCA2,NM_000059.4,ENST00000544455,c.223G>C,deleterious,0.0
BRCA2,NM_000059.4,ENST00000544455,c.2221G>T,tolerated,0.17
BRCA2,NM_000059.4,ENST00000544455,c.2209G>T,deleterious,0.05
BRCA2,NM_000059.4,ENST00000544455,c.2138A>T,deleterious,0.03
BRCA2,NM_000059.4,ENST00000544455,c.2119G>T,deleterious,0.0
BRCA2,NM_000059.4,ENST00000544455,c.1852G>C,deleterious,0.04
BRCA2,NM_000059.4,ENST00000544455,c.1804G>A,tolerated,0.15
BRCA2,NM_000059.4,ENST00000544455,c.1798T>C,tolerated,0.29
BRCA2,NM_000059.4,ENST00000544455,c.1786G>C,deleterious,0.0
BRCA2,NM_000059.4,ENST00000544455,c.1678A>G,tolerated,0.15
BRCA2,NM_000059.4,ENST00000544455,c.1662T>G,deleterious,0.0
BRCA2,NM_000059.4,ENST00000544455,c.1496A>G,tolerated,0.05
BRCA2,NM_000059.4,ENST00000544455,c.1354C>A,tolerated,0.2
BRCA2,NM_000059.4,ENST00000544455,c.1181A>C,deleterious,0.03
BRCA2,NM_000059.4,ENST00000544455,c.1124C>T,tolerated,0.08
BRCA2,NM_000059.4,ENST00000544455,c.1123C>T,tolerated,0.07
BRCA2,NM_000059.4,ENST00000544455,c.1040A>G,deleterious,0.05
BRCA2,NM_000059.4,ENST00000544455,c.10121C>T,deleterious,0.01
BRCA2,NM_000059.4,ENST00000544455,c.9730G>A,tolerated,0.39
BRCA2,NM_000059.4,ENST00000544455,c.8851G>A,deleterious,0.0
BRCA2,NM_000059.4,ENST00000544455,c.8830A>T,deleterious,0.0
BRCA2,NM_000059.4,ENST00000544455,c.865A>C,deleterious,0.03
BRCA2,NM_000059.4,ENST00000544455,c.8182G>A,tolerated,0.52
BRCA2,NM_000059.4,ENST00000544455,c.8149G>T,tolerated,0.07
BRCA2,NM_000059.4,ENST00000544455,c.7319A>G,tolerated,0.1
BRCA2,NM_000059.4,ENST00000544455,c.6347A>G,deleterious,0.03
BRCA2,NM_000059.4,ENST00000544455,c.6322C>T,tolerated,0.21
BRCA2,NM_000059.4,ENST00000544455,c.6100C>T,deleterious,0.02
BRCA2,NM_000059.4,ENST00000544455,c.5744C>T,tolerated,1.0
BRCA2,NM_000059.4,ENST00000544455,c.5732A>T,deleterious,0.05
BRCA2,NM_000059.4,ENST00000544455,c.4779A>C,tolerated,0.06
BRCA2,NM_000059.4,ENST00000544455,c.4593A>T,deleterious,0.04
BRCA2,NM_000059.4,ENST00000544455,c.4258G>T,deleterious,0.05
BRCA2,NM_000059.4,ENST00000544455,c.3581G>A,tolerated,0.07
BRCA2,NM_000059.4,ENST00000544455,c.3515C>T,deleterious,0.01
BRCA2,NM_000059.4,ENST00000544455,c.2971A>G,tolerated,1.0
BRCA2,NM_000059.4,ENST00000544455,c.2350A>G,tolerated,1.0
BRCA2,NM_000059.4,ENST00000544455,c.1792A>G,tolerated,0.54
BRCA2,NM_000059.4,ENST00000544455,c.1514T>C,tolerated,0.16
BRCA2,NM_000059.4,ENST00000544455,c.1151C>T,deleterious,0.0
BRCA2,NM_000059.4,ENST00000544455,c.10234A>G,tolerated,0.2
BRCA2,NM_000059.4,ENST00000544455,c.964A>C,deleterious,0.0
BRCA2,NM_000059.4,ENST00000544455,c.9634G>C,tolerated,0.05
BRCA2,NM_000059.4,ENST00000544455,c.9592T>C,tolerated,0.34
BRCA2,NM_000059.4,ENST00000544455,c.943T>A,tolerated,0.18
BRCA2,NM_000059.4,ENST00000544455,c.9371A>T,deleterious,0.0
BRCA2,NM_000059.4,ENST00000544455,c.9302T>G,deleterious,0.0
BRCA2,NM_000059.4,ENST00000544455,c.9292T>C,tolerated,1.0
BRCA2,NM_000059.4,ENST00000544455,c.9235G>A,tolerated,0.19
BRCA2,NM_000059.4,ENST00000544455,c.9038C>T,deleterious,0.01
BRCA2,NM_000059.4,ENST00000544455,c.9004G>A,deleterious,0.0
BRCA2,NM_000059.4,ENST00000544455,c.8972G>A,deleterious,0.02
BRCA2,NM_000059.4,ENST00000544455,c.8917C>T,deleterious,0.02
BRCA2,NM_000059.4,ENST00000544455,c.8764A>G,deleterious,0.0
BRCA2,NM_000059.4,ENST00000544455,c.8702G>A,deleterious,0.0
BRCA2,NM_000059.4,ENST00000544455,c.8486A>G,deleterious,0.0
BRCA2,NM_000059.4,ENST00000544455,c.8378G>A,deleterious,0.0
BRCA2,NM_000059.4,ENST00000544455,c.8350C>T,deleterious,0.0
BRCA2,NM_000059.4,ENST00000544455,c.831T>G,deleterious,0.0
BRCA2,NM_000059.4,ENST00000544455,c.8187G>T,deleterious,0.0
BRCA2,NM_000059.4,ENST00000544455,c.8168A>G,deleterious,0.0
BRCA2,NM_000059.4,ENST00000544455,c.8063T>C,deleterious,0.0
BRCA2,NM_000059.4,ENST00000544455,c.8027T>C,tolerated,0.14
BRCA2,NM_000059.4,ENST00000544455,c.8014A>G,deleterious,0.0
BRCA2,NM_000059.4,ENST00000544455,c.7994A>G,deleterious,0.0
BRCA2,NM_000059.4,ENST00000544455,c.7976G>A,deleterious,0.0
BRCA2,NM_000059.4,ENST00000544455,c.7975A>G,deleterious,0.0
BRCA2,NM_000059.4,ENST00000544455,c.7878G>C,deleterious,0.0
BRCA2,NM_000059.4,ENST00000544455,c.7868A>G,deleterious,0.0
BRCA2,NM_000059.4,ENST00000544455,c.7544C>T,deleterious,0.0
BRCA2,NM_000059.4,ENST00000544455,c.7150C>A,tolerated,1.0
BRCA2,NM_000059.4,ENST00000544455,c.7052C>G,deleterious,0.01
BRCA2,NM_000059.4,ENST00000544455,c.7007G>A,deleterious,0.01
BRCA2,NM_000059.4,ENST00000544455,c.6853A>G,deleterious,0.01
BRCA2,NM_000059.4,ENST00000544455,c.6748A>G,tolerated,0.06
BRCA2,NM_000059.4,ENST00000544455,c.663T>G,tolerated,0.06
BRCA2,NM_000059.4,ENST00000544455,c.6338A>G,tolerated,0.08
BRCA2,NM_000059.4,ENST00000544455,c.6323G>A,tolerated,0.54
BRCA2,NM_000059.4,ENST00000544455,c.631G>C,deleterious,0.01
BRCA2,NM_000059.4,ENST00000544455,c.6290C>T,deleterious,0.0
BRCA2,NM_000059.4,ENST00000544455,c.6220C>A,tolerated,0.42
BRCA2,NM_000059.4,ENST00000544455,c.6143A>T,deleterious,0.0
BRCA2,NM_000059.4,ENST00000544455,c.5879G>A,tolerated,0.17
BRCA2,NM_000059.4,ENST00000544455,c.5785A>G,tolerated,0.32
BRCA2,NM_000059.4,ENST00000544455,c.5768A>C,tolerated,0.08
BRCA2,NM_000059.4,ENST00000544455,c.5710C>G,tolerated,0.45
BRCA2,NM_000059.4,ENST00000544455,c.5634C>G,deleterious,0.01
BRCA2,NM_000059.4,ENST00000544455,c.5552T>G,deleterious,0.03
BRCA2,NM_000059.4,ENST00000544455,c.5312G>A,tolerated,0.42
BRCA2,NM_000059.4,ENST00000544455,c.5198C>T,deleterious,0.03
BRCA2,NM_000059.4,ENST00000544455,c.5095G>A,tolerated,0.2
BRCA2,NM_000059.4,ENST00000544455,c.5070A>C,deleterious,0.0
BRCA2,NM_000059.4,ENST00000544455,c.4670C>G,tolerated,0.2
BRCA2,NM_000059.4,ENST00000544455,c.4585G>A,deleterious,0.0
BRCA2,NM_000059.4,ENST00000544455,c.4187A>G,deleterious,0.0
BRCA2,NM_000059.4,ENST00000544455,c.4094G>A,tolerated,1.0
BRCA2,NM_000059.4,ENST00000544455,c.3G>T,deleterious,0.0
BRCA2,NM_000059.4,ENST00000544455,c.3916G>A,tolerated,0.09
BRCA2,NM_000059.4,ENST00000544455,c.3869G>A,tolerated,0.28
BRCA2,NM_000059.4,ENST00000544455,c.3682A>G,deleterious,0.03
BRCA2,NM_000059.4,ENST00000544455,c.3304A>T,deleterious,0.01
BRCA2,NM_000059.4,ENST00000544455,c.3055C>G,tolerated,0.08
BRCA2,NM_000059.4,ENST00000544455,c.2803G>C,deleterious,0.03
BRCA2,NM_000059.4,ENST00000544455,c.1964C>G,tolerated,0.05
BRCA2,NM_000059.4,ENST00000544455,c.1889C>T,tolerated,0.05
BRCA2,NM_000059.4,ENST00000544455,c.1865C>T,deleterious,0.03
BRCA2,NM_000059.4,ENST00000544455,c.1810A>G,tolerated,0.1
BRCA2,NM_000059.4,ENST00000544455,c.1744A>C,deleterious,0.0
BRCA2,NM_000059.4,ENST00000544455,c.167A>C,tolerated,0.41
BRCA2,NM_000059.4,ENST00000544455,c.1513A>G,tolerated,0.25
BRCA2,NM_000059.4,ENST00000544455,c.1385A>G,deleterious,0.04
BRCA2,NM_000059.4,ENST00000544455,c.125A>G,tolerated,0.14
BRCA2,NM_000059.4,ENST00000544455,c.10153C>T,tolerated,0.12
BRCA2,NM_000059.4,ENST00000544455,c.10111A>G,tolerated,0.14
BRCA2,NM_000059.4,ENST00000544455,c.10045A>G,deleterious,0.0
BRCA2,NM_000059.4,ENST00000544455,c.7529T>C,deleterious,0.0
BRCA2,NM_000059.4,ENST00000544455,c.8165C>G,deleterious,0.0
BRCA2,NM_000059.4,ENST00000544455,c.1114A>C,deleterious,0.04
BRIP1,NM_032043.3,ENST00000259008,c.3545C>T,tolerated,1.0
BRIP1,NM_032043.3,ENST00000259008,c.2221G>T,tolerated,0.26
BRIP1,NM_032043.3,ENST00000259008,c.1357G>T,tolerated,1.0
BRIP1,NM_032043.3,ENST00000259008,c.1704T>A,deleterious,0.05
BRIP1,NM_032043.3,ENST00000259008,c.1078C>A,tolerated,0.42
BRIP1,NM_032043.3,ENST00000259008,c.3508C>A,deleterious,0.02
BRIP1,NM_032043.3,ENST00000682755,c.266C>T,tolerated,0.68
BRIP1,NM_032043.3,ENST00000682755,c.346T>C,tolerated,0.13
BRIP1,NM_032043.3,ENST00000259008,c.3449C>A,tolerated,0.37
BRIP1,NM_032043.3,ENST00000682755,c.2755T>G,tolerated,0.37
BRIP1,NM_032043.3,ENST00000682755,c.765G>C,deleterious,0.0
BRIP1,NM_032043.3,ENST00000259008,c.984C>A,tolerated,0.47
BRIP1,NM_032043.3,ENST00000682755,c.797C>A,deleterious,0.0
BRIP1,NM_032043.3,ENST00000259008,c.3067C>T,tolerated,0.34
BRIP1,NM_032043.3,ENST00000259008,c.2704A>G,tolerated,0.79
BRIP1,NM_032043.3,ENST00000259008,c.2674C>A,tolerated,1.0
BRIP1,NM_032043.3,ENST00000682755,c.206G>A,tolerated,0.9
BRIP1,NM_032043.3,ENST00000259008,c.1648A>G,tolerated,1.0
BRIP1,NM_032043.3,ENST00000682755,c.727A>G,tolerated,0.48
BRIP1,NM_032043.3,ENST00000259008,c.3589G>A,tolerated,0.63
BRIP1,NM_032043.3,ENST00000682755,c.3502A>G,deleterious_low_confidence,0.03
BRIP1,NM_032043.3,ENST00000682755,c.3326G>T,deleterious,0.05
BRIP1,NM_032043.3,ENST00000682755,c.2755T>A,tolerated,0.29
BRIP1,NM_032043.3,ENST00000259008,c.3444C>G,tolerated,1.0
BRIP1,NM_032043.3,ENST00000682755,c.3341A>T,deleterious,0.03
BRIP1,NM_032043.3,ENST00000259008,c.3308T>C,tolerated,0.36
BRIP1,NM_032043.3,ENST00000682755,c.298A>G,tolerated,1.0
BRIP1,NM_032043.3,ENST00000259008,c.2409C>G,tolerated,1.0
BRIP1,NM_032043.3,ENST00000682755,c.466G>A,tolerated,0.17
BRIP1,NM_032043.3,ENST00000682755,c.751C>T,deleterious,0.0
BRIP1,NM_032043.3,ENST00000682755,c.430G>A,tolerated,0.09
BRIP1,NM_032043.3,ENST00000682755,c.2755T>C,tolerated,0.4
BRIP1,NM_032043.3,ENST00000259008,c.2236A>G,tolerated,0.1
BRIP1,NM_032043.3,ENST00000682755,c.584T>C,tolerated,0.32
BRIP1,NM_032043.3,ENST00000682755,c.577G>A,tolerated,0.65
BRIP1,NM_032043.3,ENST00000259008,c.1433A>G,deleterious,0.02
BRIP1,NM_032043.3,ENST00000682755,c.1045G>C,deleterious,0.0
ATM,NM_000051.4,ENST00000601453,c.8546G>C,deleterious_low_confidence,0.0
ATM,NM_000051.4,ENST00000601453,c.8737G>T,deleterious_low_confidence,0.0
ATM,NM_000051.4,ENST00000601453,c.7985T>A,deleterious_low_confidence,0.0
ATM,NM_000051.4,ENST00000601453,c.6095G>A,deleterious_low_confidence,0.0
ATM,NM_000051.4,ENST00000601453,c.6995T>C,tolerated_low_confidence,0.11
ATM,NM_000051.4,ENST00000601453,c.6088A>G,deleterious_low_confidence,0.0
ATM,NM_000051.4,ENST00000601453,c.8494C>T,deleterious_low_confidence,0.0
ATM,NM_000051.4,ENST00000601453,c.7271T>G,deleterious_low_confidence,0.0
CDH1,NM_004360.5,ENST00000261769,c.2T>C,deleterious,0.0
CDH1,NM_004360.5,ENST00000261769,c.1320G>T,deleterious,0.0
CDH1,NM_004360.5,ENST00000261769,c.731A>G,deleterious,0.0
CDH1,NM_004360.5,ENST00000261769,c.1679C>G,tolerated,0.06
CDH1,NM_004360.5,ENST00000261769,c.125C>T,tolerated,0.12
CDH1,NM_004360.5,ENST00000261769,c.499G>A,deleterious,0.02
CDH1,NM_004360.5,ENST00000261769,c.1296C>G,deleterious,0.01
CDH1,NM_004360.5,ENST00000261769,c.1711G>A,deleterious,0.0
CDH1,NM_004360.5,ENST00000261769,c.2638G>A,deleterious,0.01
CDH1,NM_004360.5,ENST00000261769,c.1136C>T,tolerated,0.6
CDH1,NM_004360.5,ENST00000261769,c.1684A>G,tolerated,0.17
CDH1,NM_004360.5,ENST00000261769,c.2450C>T,deleterious,0.03
CDH1,NM_004360.5,ENST00000261769,c.1568A>G,deleterious,0.0
CDH1,NM_004360.5,ENST00000261769,c.344C>T,deleterious,0.03
CDH1,NM_004360.5,ENST00000261769,c.2336G>A,deleterious,0.0
CDH1,NM_004360.5,ENST00000261769,c.214G>A,tolerated,0.07
CDH1,NM_004360.5,ENST00000261769,c.1225T>C,deleterious,0.0
CDH1,NM_004360.5,ENST00000261769,c.1888C>G,deleterious,0.02
CDH1,NM_004360.5,ENST00000261769,c.715G>A,deleterious,0.0
CDH1,NM_004360.5,ENST00000261769,c.88C>A,deleterious,0.01
CDH1,NM_004360.5,ENST00000261769,c.670C>T,deleterious,0.0
CDH1,NM_004360.5,ENST00000261769,c.2635G>A,deleterious,0.01
CDH1,NM_004360.5,ENST00000261769,c.2413G>A,deleterious,0.03
CDH1,NM_004360.5,ENST00000261769,c.1417G>A,tolerated,0.09
CDH1,NM_004360.5,ENST00000261769,c.1409C>T,deleterious,0.0
CDH1,NM_004360.5,ENST00000261769,c.1004G>A,deleterious,0.0
CDH1,NM_004360.5,ENST00000261769,c.1774G>A,deleterious,0.02
CDH1,NM_004360.5,ENST00000261769,c.2494G>A,deleterious,0.0
CDH1,NM_004360.5,ENST00000261769,c.1018A>G,tolerated,0.07
CDH1,NM_004360.5,ENST00000261769,c.2512A>G,tolerated,0.55
CDH1,NM_004360.5,ENST00000261769,c.1849G>A,deleterious,0.0
CDK12,NM_016507.4,ENST00000447079,c.4423C>A,tolerated_low_confidence,0.21
CDK12,NM_016507.4,ENST00000447079,c.3286T>C,tolerated_low_confidence,1.0
CDK12,NM_016507.4,ENST00000447079,c.3824C>T,tolerated_low_confidence,0.11
CDK12,NM_016507.4,ENST00000447079,c.3566T>A,tolerated_low_confidence,0.76
CDK12,NM_016507.4,ENST00000447079,c.3584C>T,deleterious_low_confidence,0.03
CDK12,NM_016507.4,ENST00000447079,c.3391A>G,tolerated_low_confidence,0.78
CFTR,NM_000492.4,ENST00000699598,c.3190A>C,deleterious_low_confidence,0.0
CFTR,NM_000492.4,ENST00000699598,c.4387C>A,deleterious_low_confidence,0.0
CFTR,NM_000492.4,ENST00000699598,c.2281C>T,tolerated_low_confidence,0.7
CFTR,NM_000492.4,ENST00000699598,c.3311A>T,deleterious_low_confidence,0.0
CFTR,NM_000492.4,ENST00000699598,c.3218A>G,deleterious_low_confidence,0.0
CFTR,NM_000492.4,ENST00000699598,c.3181G>A,deleterious_low_confidence,0.0
CFTR,NM_000492.4,ENST00000699598,c.2791T>C,tolerated_low_confidence,0.3
CFTR,NM_000492.4,ENST00000699596,c.1250A>G,tolerated_low_confidence,0.13
CFTR,NM_000492.4,ENST00000699596,c.1373G>A,deleterious_low_confidence,0.0
CFTR,NM_000492.4,ENST00000699598,c.2267G>A,tolerated_low_confidence,1.0
CFTR,NM_000492.4,ENST00000699598,c.1769G>C,deleterious_low_confidence,0.0
CFTR,NM_000492.4,ENST00000699598,c.3293G>C,deleterious_low_confidence,0.0
CFTR,NM_000492.4,ENST00000699596,c.330C>G,deleterious_low_confidence,0.0
CFTR,NM_000492.4,ENST00000699596,c.13C>T,deleterious_low_confidence,0.0
CFTR,NM_000492.4,ENST00000699596,c.14C>G,deleterious_low_confidence,0.0
CFTR,NM_000492.4,ENST00000699596,c.933C>A,deleterious_low_confidence,0.0
CFTR,NM_000492.4,ENST00000699598,c.2856G>T,deleterious_low_confidence,0.0
CFTR,NM_000492.4,ENST00000699596,c.434T>A,deleterious_low_confidence,0.0
CFTR,NM_000492.4,ENST00000699598,c.3106A>G,deleterious_low_confidence,0.0
CFTR,NM_000492.4,ENST00000003084,c.4384C>T,tolerated_low_confidence,0.24
CFTR,NM_000492.4,ENST00000699598,c.3025G>T,tolerated_low_confidence,1.0
CFTR,NM_000492.4,ENST00000699598,c.2605A>G,tolerated_low_confidence,1.0
CFTR,NM_000492.4,ENST00000699598,c.1733T>C,deleterious_low_confidence,0.0
CFTR,NM_000492.4,ENST00000699598,c.2288C>G,tolerated_low_confidence,1.0
CFTR,NM_000492.4,ENST00000699598,c.1680A>T,deleterious_low_confidence,0.0
CFTR,NM_000492.4,ENST00000699596,c.320C>G,tolerated_low_confidence,0.06
CFTR,NM_000492.4,ENST00000673785,c.206T>G,deleterious_low_confidence,0.0
CFTR,NM_000492.4,ENST00000699598,c.1688A>G,deleterious_low_confidence,0.0
CFTR,NM_000492.4,ENST00000699598,c.3793G>A,deleterious_low_confidence,0.0
CFTR,NM_000492.4,ENST00000699596,c.1209G>T,deleterious_low_confidence,0.0
CFTR,NM_000492.4,ENST00000699598,c.3809A>T,deleterious_low_confidence,0.0
CFTR,NM_000492.4,ENST00000699596,c.221G>C,deleterious_low_confidence,0.02
CFTR,NM_000492.4,ENST00000699598,c.3293G>T,deleterious_low_confidence,0.0
CFTR,NM_000492.4,ENST00000699598,c.1735G>C,deleterious_low_confidence,0.0
CFTR,NM_000492.4,ENST00000699596,c.1517T>A,deleterious_low_confidence,0.0
CFTR,NM_000492.4,ENST00000699596,c.296C>G,deleterious_low_confidence,0.0
CFTR,NM_000492.4,ENST00000699596,c.433C>G,deleterious_low_confidence,0.0
CFTR,NM_000492.4,ENST00000699598,c.1682C>T,deleterious_low_confidence,0.0
CFTR,NM_000492.4,ENST00000699596,c.532G>C,deleterious_low_confidence,0.0
CFTR,NM_000492.4,ENST00000699598,c.3907A>T,deleterious_low_confidence,0.0
CFTR,NM_000492.4,ENST00000699596,c.931T>C,deleterious_low_confidence,0.0
CFTR,NM_000492.4,ENST00000699598,c.1652G>T,deleterious_low_confidence,0.0
CFTR,NM_000492.4,ENST00000699596,c.580G>A,deleterious_low_confidence,0.0
CFTR,NM_000492.4,ENST00000699598,c.2917C>T,deleterious_low_confidence,0.0
CFTR,NM_000492.4,ENST00000699598,c.3259G>C,deleterious_low_confidence,0.0
CFTR,NM_000492.4,ENST00000699596,c.1502C>T,deleterious_low_confidence,0.0
CFTR,NM_000492.4,ENST00000699598,c.3220T>C,deleterious_low_confidence,0.0
CFTR,NM_000492.4,ENST00000699596,c.1390A>G,deleterious_low_confidence,0.01
CFTR,NM_000492.4,ENST00000699598,c.3134C>A,deleterious_low_confidence,0.0
CFTR,NM_000492.4,ENST00000673785,c.487A>G,deleterious_low_confidence,0.0
CFTR,NM_000492.4,ENST00000699596,c.1391A>C,deleterious_low_confidence,0.0
CFTR,NM_000492.4,ENST00000699596,c.1116G>T,deleterious_low_confidence,0.0
CFTR,NM_000492.4,ENST00000699596,c.1420G>A,deleterious_low_confidence,0.01
CFTR,NM_000492.4,ENST00000699596,c.1358T>C,deleterious_low_confidence,0.0
CFTR,NM_000492.4,ENST00000699596,c.44T>C,deleterious_low_confidence,0.02
CFTR,NM_000492.4,ENST00000699598,c.3806T>A,deleterious_low_confidence,0.0
CFTR,NM_000492.4,ENST00000699598,c.3107C>T,deleterious_low_confidence,0.0
CFTR,NM_000492.4,ENST00000699598,c.3745G>C,deleterious_low_confidence,0.0
CFTR,NM_000492.4,ENST00000673785,c.2T>G,deleterious_low_confidence,0.0
CFTR,NM_000492.4,ENST00000699598,c.1687T>C,deleterious_low_confidence,0.0
CFTR,NM_000492.4,ENST00000699596,c.1550A>G,deleterious_low_confidence,0.0
CFTR,NM_000492.4,ENST00000699598,c.3294G>T,deleterious_low_confidence,0.0
CFTR,NM_000492.4,ENST00000699598,c.3739G>A,deleterious_low_confidence,0.0
CFTR,NM_000492.4,ENST00000699598,c.1760T>C,deleterious_low_confidence,0.0
CFTR,NM_000492.4,ENST00000699596,c.1559T>A,deleterious_low_confidence,0.0
CFTR,NM_000492.4,ENST00000699596,c.1525G>C,deleterious_low_confidence,0.0
CFTR,NM_000492.4,ENST00000699596,c.1505T>G,deleterious_low_confidence,0.0
CFTR,NM_000492.4,ENST00000699596,c.325T>C,deleterious_low_confidence,0.0
CFTR,NM_000492.4,ENST00000699596,c.950T>A,deleterious_low_confidence,0.0
CFTR,NM_000492.4,ENST00000699596,c.613C>A,deleterious_low_confidence,0.0
CFTR,NM_000492.4,ENST00000673785,c.305T>G,deleterious_low_confidence,0.0
CFTR,NM_000492.4,ENST00000699598,c.4097T>A,deleterious_low_confidence,0.0
CFTR,NM_000492.4,ENST00000699596,c.1519A>T,deleterious_low_confidence,0.0
CFTR,NM_000492.4,ENST00000699596,c.571T>G,deleterious_low_confidence,0.0
CFTR,NM_000492.4,ENST00000699598,c.3068T>G,tolerated_low_confidence,0.08
CFTR,NM_000492.4,ENST00000699596,c.1519A>G,tolerated_low_confidence,0.14
CFTR,NM_000492.4,ENST00000699596,c.79G>A,deleterious_low_confidence,0.0
CFTR,NM_000492.4,ENST00000699596,c.709C>G,deleterious_low_confidence,0.0
CFTR,NM_000492.4,ENST00000699596,c.695T>A,deleterious_low_confidence,0.0
CFTR,NM_000492.4,ENST00000699596,c.680T>G,deleterious_low_confidence,0.0
CFTR,NM_000492.4,ENST00000699596,c.613C>T,deleterious_low_confidence,0.0
CFTR,NM_000492.4,ENST00000699596,c.596A>G,deleterious_low_confidence,0.0
CFTR,NM_000492.4,ENST00000699596,c.595C>T,deleterious_low_confidence,0.0
CFTR,NM_000492.4,ENST00000699596,c.57G>T,deleterious_low_confidence,0.0
CFTR,NM_000492.4,ENST00000673785,c.577G>A,deleterious_low_confidence,0.0
CFTR,NM_000492.4,ENST00000673785,c.575A>G,deleterious_low_confidence,0.01
CFTR,NM_000492.4,ENST00000699596,c.494T>C,deleterious_low_confidence,0.0
CFTR,NM_000492.4,ENST00000673785,c.484A>G,deleterious_low_confidence,0.02
CFTR,NM_000492.4,ENST00000699596,c.481T>G,deleterious_low_confidence,0.0
CFTR,NM_000492.4,ENST00000699596,c.454A>G,deleterious_low_confidence,0.05
CFTR,NM_000492.4,ENST00000699596,c.445G>A,deleterious_low_confidence,0.0
CFTR,NM_000492.4,ENST00000673785,c.416A>T,deleterious_low_confidence,0.0
CFTR,NM_000492.4,ENST00000673785,c.416A>G,deleterious_low_confidence,0.0
CFTR,NM_000492.4,ENST00000699598,c.4124A>C,deleterious_low_confidence,0.0
CFTR,NM_000492.4,ENST00000699598,c.4004T>C,deleterious_low_confidence,0.0
CFTR,NM_000492.4,ENST00000673785,c.3G>A,tolerated_low_confidence,0.26
CFTR,NM_000492.4,ENST00000699598,c.3971T>C,deleterious_low_confidence,0.0
CFTR,NM_000492.4,ENST00000699598,c.3908A>T,deleterious_low_confidence,0.0
CFTR,NM_000492.4,ENST00000673785,c.38C>T,deleterious_low_confidence,0.0
CFTR,NM_000492.4,ENST00000699598,c.3844T>G,deleterious_low_confidence,0.0
CFTR,NM_000492.4,ENST00000699598,c.3844T>C,deleterious_low_confidence,0.0
CFTR,NM_000492.4,ENST00000699596,c.377G>A,deleterious_low_confidence,0.0
CFTR,NM_000492.4,ENST00000699598,c.3745G>A,deleterious_low_confidence,0.0
CFTR,NM_000492.4,ENST00000699598,c.3737C>T,deleterious_low_confidence,0.0
CFTR,NM_000492.4,ENST00000699598,c.3731G>T,deleterious_low_confidence,0.0
CFTR,NM_000492.4,ENST00000699598,c.3731G>A,deleterious_low_confidence,0.0
CFTR,NM_000492.4,ENST00000699598,c.3730G>A,deleterious_low_confidence,0.0
CFTR,NM_000492.4,ENST00000699598,c.3719T>G,deleterious_low_confidence,0.0
CFTR,NM_000492.4,ENST00000699596,c.350G>T,deleterious_low_confidence,0.0
CFTR,NM_000492.4,ENST00000699596,c.350G>C,deleterious_low_confidence,0.0
CFTR,NM_000492.4,ENST00000699596,c.349C>G,deleterious_low_confidence,0.0
CFTR,NM_000492.4,ENST00000699598,c.3476C>T,deleterious_low_confidence,0.0
CFTR,NM_000492.4,ENST00000699598,c.3475T>C,deleterious_low_confidence,0.0
CFTR,NM_000492.4,ENST00000699596,c.346G>A,deleterious_low_confidence,0.0
CFTR,NM_000492.4,ENST00000699598,c.3419T>A,deleterious_low_confidence,0.0
CFTR,NM_000492.4,ENST00000699598,c.3410T>G,deleterious_low_confidence,0.0
CFTR,NM_000492.4,ENST00000699598,c.3353C>T,deleterious_low_confidence,0.0
CFTR,NM_000492.4,ENST00000699598,c.3302T>G,deleterious_low_confidence,0.0
CFTR,NM_000492.4,ENST00000699598,c.3299A>C,deleterious_low_confidence,0.02
CFTR,NM_000492.4,ENST00000699598,c.3294G>C,deleterious_low_confidence,0.0
CFTR,NM_000492.4,ENST00000699598,c.3292T>C,deleterious_low_confidence,0.0
CFTR,NM_000492.4,ENST00000699598,c.3230T>C,deleterious_low_confidence,0.0
CFTR,NM_000492.4,ENST00000699598,c.3209G>C,deleterious_low_confidence,0.0
CFTR,NM_000492.4,ENST00000699598,c.3197G>T,deleterious_low_confidence,0.0
CFTR,NM_000492.4,ENST00000699598,c.3194T>G,deleterious_low_confidence,0.0
CFTR,NM_000492.4,ENST00000699598,c.3160C>G,deleterious_low_confidence,0.0
CFTR,NM_000492.4,ENST00000699596,c.314T>A,deleterious_low_confidence,0.0
CFTR,NM_000492.4,ENST00000699598,c.3107C>A,deleterious_low_confidence,0.0
CFTR,NM_000492.4,ENST00000673785,c.305T>C,deleterious_low_confidence,0.0
CFTR,NM_000492.4,ENST00000699598,c.3017C>A,deleterious_low_confidence,0.04
CFTR,NM_000492.4,ENST00000699598,c.3014T>G,deleterious_low_confidence,0.0
CFTR,NM_000492.4,ENST00000673785,c.2T>C,tolerated_low_confidence,0.1
CFTR,NM_000492.4,ENST00000673785,c.2T>A,deleterious_low_confidence,0.01
CFTR,NM_000492.4,ENST00000699596,c.296C>T,deleterious_low_confidence,0.0
CFTR,NM_000492.4,ENST00000673785,c.293A>G,deleterious_low_confidence,0.0
CFTR,NM_000492.4,ENST00000699598,c.2936A>T,deleterious_low_confidence,0.0
CFTR,NM_000492.4,ENST00000699598,c.2908G>C,deleterious_low_confidence,0.0
CFTR,NM_000492.4,ENST00000699598,c.2834C>T,deleterious_low_confidence,0.0
CFTR,NM_000492.4,ENST00000699598,c.2816A>G,deleterious_low_confidence,0.01
CFTR,NM_000492.4,ENST00000699598,c.2780T>C,deleterious_low_confidence,0.0
CFTR,NM_000492.4,ENST00000699596,c.254G>T,deleterious_low_confidence,0.0
CFTR,NM_000492.4,ENST00000699598,c.2464G>A,deleterious_low_confidence,0.01
CFTR,NM_000492.4,ENST00000699596,c.200C>T,deleterious_low_confidence,0.0
CFTR,NM_000492.4,ENST00000673785,c.1A>G,tolerated_low_confidence,0.54
CFTR,NM_000492.4,ENST00000699598,c.1882G>C,deleterious_low_confidence,0.0
CFTR,NM_000492.4,ENST00000699598,c.1882G>A,deleterious_low_confidence,0.0
CFTR,NM_000492.4,ENST00000699598,c.1853T>C,deleterious_low_confidence,0.0
CFTR,NM_000492.4,ENST00000699598,c.1841A>G,deleterious_low_confidence,0.0
CFTR,NM_000492.4,ENST00000699598,c.1837G>A,deleterious_low_confidence,0.0
CFTR,NM_000492.4,ENST00000699598,c.1826A>G,deleterious_low_confidence,0.0
CFTR,NM_000492.4,ENST00000699598,c.1811C>T,deleterious_low_confidence,0.0
CFTR,NM_000492.4,ENST00000699598,c.1802T>C,deleterious_low_confidence,0.0
CFTR,NM_000492.4,ENST00000699598,c.1801A>T,deleterious_low_confidence,0.0
CFTR,NM_000492.4,ENST00000673785,c.178G>A,deleterious_low_confidence,0.01
CFTR,NM_000492.4,ENST00000699598,c.1766G>T,deleterious_low_confidence,0.01
CFTR,NM_000492.4,ENST00000699598,c.1766G>A,tolerated_low_confidence,0.12
CFTR,NM_000492.4,ENST00000699598,c.1720C>T,deleterious_low_confidence,0.0
CFTR,NM_000492.4,ENST00000699598,c.1706A>G,deleterious_low_confidence,0.0
CFTR,NM_000492.4,ENST00000699598,c.1705T>G,deleterious_low_confidence,0.0
CFTR,NM_000492.4,ENST00000699598,c.1705T>C,deleterious_low_confidence,0.0
CFTR,NM_000492.4,ENST00000699596,c.169T>G,deleterious_low_confidence,0.0
CFTR,NM_000492.4,ENST00000699596,c.169T>C,deleterious_low_confidence,0.0
CFTR,NM_000492.4,ENST00000699598,c.1687T>G,deleterious_low_confidence,0.0
CFTR,NM_000492.4,ENST00000699598,c.1680A>C,deleterious_low_confidence,0.0
CFTR,NM_000492.4,ENST00000699596,c.166G>A,deleterious_low_confidence,0.0
CFTR,NM_000492.4,ENST00000699596,c.1538A>G,deleterious_low_confidence,0.0
CFTR,NM_000492.4,ENST00000699596,c.1517T>C,deleterious_low_confidence,0.0
CFTR,NM_000492.4,ENST00000699596,c.1505T>C,deleterious_low_confidence,0.0
CFTR,NM_000492.4,ENST00000673785,c.148T>C,deleterious_low_confidence,0.03
CFTR,NM_000492.4,ENST00000699596,c.1478A>G,deleterious_low_confidence,0.0
CFTR,NM_000492.4,ENST00000699596,c.1471T>C,deleterious_low_confidence,0.01
CFTR,NM_000492.4,ENST00000699596,c.1439G>A,deleterious_low_confidence,0.0
CFTR,NM_000492.4,ENST00000699596,c.1405A>G,deleterious_low_confidence,0.0
CFTR,NM_000492.4,ENST00000699596,c.1392G>T,deleterious_low_confidence,0.0
CFTR,NM_000492.4,ENST00000699596,c.137C>A,deleterious_low_confidence,0.0
CFTR,NM_000492.4,ENST00000699596,c.1366G>T,deleterious_low_confidence,0.0
CFTR,NM_000492.4,ENST00000699596,c.131A>G,deleterious_low_confidence,0.0
CFTR,NM_000492.4,ENST00000699596,c.1209G>C,deleterious_low_confidence,0.0
CFTR,NM_000492.4,ENST00000699596,c.1037T>C,deleterious_low_confidence,0.0
CFTR,NM_000492.4,ENST00000699596,c.1021T>C,deleterious_low_confidence,0.0
CFTR,NM_000492.4,ENST00000699596,c.1007T>A,deleterious_low_confidence,0.0
CFTR,NM_000492.4,ENST00000699596,c.1001G>T,deleterious_low_confidence,0.0
CFTR,NM_000492.4,ENST00000699596,c.1090T>C,deleterious_low_confidence,0.0
CFTR,NM_000492.4,ENST00000699596,c.532G>A,deleterious_low_confidence,0.0
CFTR,NM_000492.4,ENST00000699596,c.349C>T,deleterious_low_confidence,0.01
CFTR,NM_000492.4,ENST00000699598,c.3302T>A,deleterious_low_confidence,0.0
CFTR,NM_000492.4,ENST00000699598,c.1645A>C,deleterious_low_confidence,0.0
CFTR,NM_000492.4,ENST00000003084,c.4280T>C,deleterious_low_confidence,0.0
CFTR,NM_000492.4,ENST00000699598,c.4046G>A,deleterious_low_confidence,0.0
CFTR,NM_000492.4,ENST00000699598,c.3997G>T,deleterious_low_confidence,0.0
CFTR,NM_000492.4,ENST00000699596,c.370G>C,deleterious_low_confidence,0.0
CFTR,NM_000492.4,ENST00000699598,c.3095A>G,deleterious_low_confidence,0.0
CFTR,NM_000492.4,ENST00000699598,c.2909G>A,deleterious_low_confidence,0.0
CFTR,NM_000492.4,ENST00000699598,c.2768C>A,deleterious_low_confidence,0.0
CFTR,NM_000492.4,ENST00000699598,c.1865G>A,deleterious_low_confidence,0.0
CFTR,NM_000492.4,ENST00000699598,c.1673T>C,deleterious_low_confidence,0.01
CFTR,NM_000492.4,ENST00000699596,c.14C>T,deleterious_low_confidence,0.0
CFTR,NM_000492.4,ENST00000699596,c.1400T>C,deleterious_low_confidence,0.0
CFTR,NM_000492.4,ENST00000699596,c.1367T>C,deleterious_low_confidence,0.0
CFTR,NM_000492.4,ENST00000699598,c.1682C>A,deleterious_low_confidence,0.01
CFTR,NM_000492.4,ENST00000699598,c.3752G>A,deleterious_low_confidence,0.0
CFTR,NM_000492.4,ENST00000699598,c.3700A>G,tolerated_low_confidence,1.0
CFTR,NM_000492.4,ENST00000699598,c.3254A>G,deleterious_low_confidence,0.0
CFTR,NM_000492.4,ENST00000699596,c.1055G>A,deleterious_low_confidence,0.0
CFTR,NM_000492.4,ENST00000673785,c.326A>G,deleterious_low_confidence,0.01
CFTR,NM_000492.4,ENST00000699598,c.1666A>G,tolerated_low_confidence,0.2
CFTR,NM_000492.4,ENST00000699596,c.1013C>T,deleterious_low_confidence,0.0
CFTR,NM_000492.4,ENST00000699598,c.3763T>C,deleterious_low_confidence,0.03
CFTR,NM_000492.4,ENST00000699596,c.617T>G,deleterious_low_confidence,0.0
CFTR,NM_000492.4,ENST00000699596,c.1438G>T,deleterious_low_confidence,0.0
CFTR,NM_000492.4,ENST00000699596,c.271G>A,deleterious_low_confidence,0.0
CFTR,NM_000492.4,ENST00000699596,c.1040G>A,deleterious_low_confidence,0.0
CFTR,NM_000492.4,ENST00000673785,c.274G>A,deleterious_low_confidence,0.0
CFTR,NM_000492.4,ENST00000699596,c.1040G>T,deleterious_low_confidence,0.0
CFTR,NM_000492.4,ENST00000699598,c.3848G>T,deleterious_low_confidence,0.0
CFTR,NM_000492.4,ENST00000699598,c.3196C>T,deleterious_low_confidence,0.0
CFTR,NM_000492.4,ENST00000699598,c.3197G>A,deleterious_low_confidence,0.0
CFTR,NM_000492.4,ENST00000699598,c.1679G>A,deleterious_low_confidence,0.01
CFTR,NM_000492.4,ENST00000699596,c.1475C>T,deleterious_low_confidence,0.0
CFTR,NM_000492.4,ENST00000699596,c.933C>G,deleterious_low_confidence,0.0
CFTR,NM_000492.4,ENST00000699598,c.3873G>C,deleterious_low_confidence,0.0
CFTR,NM_000492.4,ENST00000699596,c.1558G>T,deleterious_low_confidence,0.0
CFTR,NM_000492.4,ENST00000699598,c.1651G>A,deleterious_low_confidence,0.0
CFTR,NM_000492.4,ENST00000699596,c.1373G>T,deleterious_low_confidence,0.0
CFTR,NM_000492.4,ENST00000699596,c.1408G>A,tolerated_low_confidence,1.0
CFTR,NM_000492.4,ENST00000699598,c.2738A>G,deleterious_low_confidence,0.0
CFTR,NM_000492.4,ENST00000699598,c.1675G>A,deleterious_low_confidence,0.0
CFTR,NM_000492.4,ENST00000699598,c.1721C>A,deleterious_low_confidence,0.0
CFTR,NM_000492.4,ENST00000699598,c.1646G>A,deleterious_low_confidence,0.0
CFTR,NM_000492.4,ENST00000699598,c.1687T>A,deleterious_low_confidence,0.0
CFTR,NM_000492.4,ENST00000699596,c.328G>C,deleterious_low_confidence,0.0
CHEK2,NM_007194.4,ENST00000404276,c.1102G>C,deleterious,0.0
CHEK2,NM_007194.4,ENST00000402731,c.346G>A,deleterious,0.0
CHEK2,NM_007194.4,ENST00000402731,c.499G>C,deleterious,0.0
CHEK2,NM_007194.4,ENST00000402731,c.499G>A,deleterious,0.0
CHEK2,NM_007194.4,ENST00000402731,c.707T>C,deleterious,0.01
CHEK2,NM_007194.4,ENST00000402731,c.1169A>C,tolerated,0.09
CHEK2,NM_007194.4,ENST00000404276,c.1343T>G,deleterious,0.01
CHEK2,NM_007194.4,ENST00000434810,c.349A>G,tolerated,0.25
CHEK2,NM_007194.4,ENST00000402731,c.254C>T,tolerated,0.09
CHEK2,NM_007194.4,ENST00000434810,c.433C>T,deleterious,0.02
CLN6,NM_017882.3,ENST00000249806,c.896C>T,deleterious,0.0
CPA1,NM_001868.4,ENST00000491460,c.504G>T,deleterious_low_confidence,0.0
CPA1,NM_001868.4,ENST00000011292,c.618C>A,tolerated_low_confidence,1.0
CPA1,NM_001868.4,ENST00000011292,c.697A>G,tolerated_low_confidence,0.13
CPA1,NM_001868.4,ENST00000011292,c.334C>T,deleterious_low_confidence,0.0
CPA1,NM_001868.4,ENST00000011292,c.937A>C,tolerated_low_confidence,1.0
CPA1,NM_001868.4,ENST00000491460,c.95A>G,deleterious_low_confidence,0.01
CPA1,NM_001868.4,ENST00000604896,c.423C>G,tolerated_low_confidence,0.06
CPA1,NM_001868.4,ENST00000011292,c.1109G>A,tolerated_low_confidence,1.0
CPA1,NM_001868.4,ENST00000481342,c.263C>T,deleterious_low_confidence,0.0
CPA1,NM_001868.4,ENST00000011292,c.161G>A,tolerated_low_confidence,0.08
CPA1,NM_001868.4,ENST00000011292,c.956A>G,deleterious_low_confidence,0.03
CPA1,NM_001868.4,ENST00000011292,c.745A>G,tolerated_low_confidence,1.0
CPA1,NM_001868.4,ENST00000011292,c.1234G>C,tolerated_low_confidence,0.11
CPA1,NM_001868.4,ENST00000011292,c.1202A>G,tolerated_low_confidence,0.09
CPA1,NM_001868.4,ENST00000011292,c.1201A>C,tolerated_low_confidence,0.71
CPA1,NM_001868.4,ENST00000011292,c.343G>A,tolerated_low_confidence,0.25
CPA1,NM_001868.4,ENST00000011292,c.328C>G,tolerated_low_confidence,0.23
CPA1,NM_001868.4,ENST00000011292,c.410C>G,deleterious_low_confidence,0.02
CPA1,NM_001868.4,ENST00000011292,c.695C>T,deleterious_low_confidence,0.01
CPA1,NM_001868.4,ENST00000011292,c.622G>A,deleterious_low_confidence,0.04
CPA1,NM_001868.4,ENST00000604896,c.5G>A,tolerated_low_confidence,0.06
CPA1,NM_001868.4,ENST00000011292,c.371C>T,deleterious_low_confidence,0.0
CPA1,NM_001868.4,ENST00000011292,c.1021G>A,tolerated_low_confidence,0.34
CPA1,NM_001868.4,ENST00000491460,c.604C>A,deleterious_low_confidence,0.0
CPS1,NM_001875.5,ENST00000673510,c.2548C>T,deleterious,0.0
CTRC,NM_007272.3,ENST00000375943,c.38G>A,tolerated_low_confidence,0.38
CTRC,NM_007272.3,ENST00000375949,c.335G>A,tolerated_low_confidence,0.84
CTRC,NM_007272.3,ENST00000375949,c.331A>G,tolerated_low_confidence,1.0
CTRC,NM_007272.3,ENST00000375949,c.464G>A,deleterious_low_confidence,0.0
CTRC,NM_007272.3,ENST00000375943,c.2T>C,deleterious_low_confidence,0.0
CTRC,NM_007272.3,ENST00000375949,c.157G>A,tolerated_low_confidence,0.13
CTRC,NM_007272.3,ENST00000375943,c.103G>A,tolerated_low_confidence,0.49
CTRC,NM_007272.3,ENST00000375949,c.722G>T,tolerated_low_confidence,1.0
CTRC,NM_007272.3,ENST00000375949,c.322C>T,tolerated_low_confidence,0.28
CTRC,NM_007272.3,ENST00000375949,c.514A>G,tolerated_low_confidence,1.0
CTRC,NM_007272.3,ENST00000375943,c.110G>A,tolerated_low_confidence,1.0
EIF2B5,NM_003907.3,ENST00000491144,c.806G>A,deleterious,0.0
EMSY,NM_001300942.2,ENST00000695367,c.2906T>G,deleterious_low_confidence,0.0
EPCAM,NM_002354.3,ENST00000405271,c.1A>G,deleterious_low_confidence,0.02
EPHX1,NM_001136018.4,ENST00000272167,c.337T>C,deleterious,0.0
ERCC6,NM_000124.4,ENST00000355832,c.2551T>C,deleterious_low_confidence,0.0
FANCD2,NM_001018115.3,ENST00000287647,c.2963T>C,tolerated,1.0
FANCD2,NM_001018115.3,ENST00000682647,c.1214A>G,tolerated,0.81
FANCD2,NM_001018115.3,ENST00000287647,c.516A>G,tolerated,0.62
FANCD2,NM_001018115.3,ENST00000287647,c.195G>C,deleterious,0.0
FANCD2,NM_001018115.3,ENST00000682647,c.1868A>C,deleterious,0.01
FANCD2,NM_001018115.3,ENST00000287647,c.1367T>G,tolerated,0.35
FANCD2,NM_001018115.3,ENST00000287647,c.983G>A,tolerated,1.0
FANCG,NM_004629.2,ENST00000425676,c.212T>C,deleterious,0.0
FCGR2A,NM_001136219.3,ENST00000467654,c.500A>G,deleterious,0.04
HFE,NM_000410.4,ENST00000714168,c.187C>G,tolerated,0.2
KRAS,NM_004985.5,ENST00000256078,c.461A>G,deleterious_low_confidence,0.01
KRAS,NM_004985.5,ENST00000690406,c.35G>C,deleterious_low_confidence,0.02
KRAS,NM_004985.5,ENST00000256078,c.65A>G,deleterious_low_confidence,0.03
KRAS,NM_004985.5,ENST00000256078,c.458A>T,deleterious_low_confidence,0.0
KRAS,NM_004985.5,ENST00000690406,c.35G>A,deleterious_low_confidence,0.0
LDLR,NM_000527.5,ENST00000559340,c.397G>C,deleterious,0.0
LDLR,NM_000527.5,ENST00000559340,c.285C>G,deleterious,0.01
LDLR,NM_000527.5,ENST00000559340,c.524A>G,deleterious,0.0
LDLR,NM_000527.5,ENST00000559340,c.242G>T,deleterious,0.01
LDLR,NM_000527.5,ENST00000559340,c.968G>A,deleterious,0.0
LDLR,NM_000527.5,ENST00000557933,c.2053C>G,deleterious,0.0
LDLR,NM_000527.5,ENST00000557933,c.1952A>G,deleterious,0.02
LDLR,NM_000527.5,ENST00000559340,c.1294C>A,deleterious,0.0
LDLR,NM_000527.5,ENST00000559340,c.1018T>G,deleterious,0.0
LDLR,NM_000527.5,ENST00000559340,c.551G>T,deleterious,0.0
LDLR,NM_000527.5,ENST00000559340,c.280G>C,deleterious,0.01
LDLR,NM_000527.5,ENST00000559340,c.167C>T,deleterious,0.0
LDLR,NM_000527.5,ENST00000559340,c.1108A>T,deleterious,0.0
LDLR,NM_000527.5,ENST00000559340,c.284G>C,deleterious,0.0
LDLR,NM_000527.5,ENST00000559340,c.1845G>C,tolerated,0.64
LDLR,NM_000527.5,ENST00000559340,c.686A>T,tolerated,0.34
LDLR,NM_000527.5,ENST00000559340,c.661G>C,deleterious,0.0
LDLR,NM_000527.5,ENST00000559340,c.626G>T,deleterious,0.0
LDLR,NM_000527.5,ENST00000559340,c.479G>C,deleterious,0.0
LDLR,NM_000527.5,ENST00000559340,c.1322T>G,deleterious,0.0
LDLR,NM_000527.5,ENST00000559340,c.902A>T,deleterious,0.0
LDLR,NM_000527.5,ENST00000559340,c.1201C>T,deleterious,0.0
LDLR,NM_000527.5,ENST00000557933,c.1738T>A,deleterious,0.01
LDLR,NM_000527.5,ENST00000559340,c.1215C>A,deleterious,0.0
LDLR,NM_000527.5,ENST00000559340,c.1864G>C,deleterious,0.03
LDLR,NM_000527.5,ENST00000559340,c.1319G>T,tolerated,0.06
LDLR,NM_000527.5,ENST00000559340,c.1643A>G,deleterious,0.0
LDLR,NM_000527.5,ENST00000559340,c.1241T>A,deleterious,0.0
LDLR,NM_000527.5,ENST00000559340,c.1561G>T,deleterious,0.04
LDLR,NM_000527.5,ENST00000559340,c.1292C>G,deleterious,0.0
LDLR,NM_000527.5,ENST00000559340,c.1165A>G,deleterious,0.0
LDLR,NM_000527.5,ENST00000559340,c.1284C>A,deleterious,0.01
LDLR,NM_000527.5,ENST00000557933,c.2092T>C,deleterious,0.0
LDLR,NM_000527.5,ENST00000559340,c.1693G>T,deleterious,0.0
LDLR,NM_000527.5,ENST00000559340,c.787G>T,deleterious,0.0
LDLR,NM_000527.5,ENST00000559340,c.1109A>T,deleterious,0.0
LDLR,NM_000527.5,ENST00000557933,c.2054C>G,deleterious,0.0
LDLR,NM_000527.5,ENST00000559340,c.1599G>T,deleterious,0.0
LDLR,NM_000527.5,ENST00000559340,c.1693G>A,deleterious,0.0
LDLR,NM_000527.5,ENST00000559340,c.1123T>G,deleterious,0.0
LDLR,NM_000527.5,ENST00000559340,c.886T>G,deleterious,0.0
LDLR,NM_000527.5,ENST00000557933,c.1823C>A,deleterious,0.0
LDLR,NM_000527.5,ENST00000559340,c.515A>C,deleterious,0.0
LDLR,NM_000527.5,ENST00000559340,c.1208T>C,deleterious,0.0
LDLR,NM_000527.5,ENST00000559340,c.1592T>A,deleterious,0.0
LDLR,NM_000527.5,ENST00000559340,c.1090T>G,deleterious,0.0
LDLR,NM_000527.5,ENST00000559340,c.397G>T,deleterious,0.0
LDLR,NM_000527.5,ENST00000557933,c.2086T>A,deleterious,0.0
LDLR,NM_000527.5,ENST00000559340,c.1438G>T,deleterious,0.0
LDLR,NM_000527.5,ENST00000557933,c.1729T>A,deleterious,0.0
LDLR,NM_000527.5,ENST00000559340,c.494G>T,deleterious,0.0
LDLR,NM_000527.5,ENST00000557933,c.1963T>C,deleterious,0.01
LDLR,NM_000527.5,ENST00000559340,c.1060G>A,deleterious,0.01
LDLR,NM_000527.5,ENST00000559340,c.1470G>T,deleterious,0.0
LDLR,NM_000527.5,ENST00000559340,c.1645G>C,deleterious,0.0
LDLR,NM_000527.5,ENST00000559340,c.1166C>A,deleterious,0.0
LDLR,NM_000527.5,ENST00000559340,c.1102T>A,deleterious,0.0
LDLR,NM_000527.5,ENST00000559340,c.1433G>T,deleterious,0.0
LDLR,NM_000527.5,ENST00000557933,c.2114C>T,deleterious,0.01
LDLR,NM_000527.5,ENST00000559340,c.1238C>G,deleterious,0.0
LDLR,NM_000527.5,ENST00000559340,c.1298A>C,deleterious,0.01
LDLR,NM_000527.5,ENST00000559340,c.602A>C,deleterious,0.0
LDLR,NM_000527.5,ENST00000559340,c.601G>C,deleterious,0.03
LDLR,NM_000527.5,ENST00000557933,c.1999T>G,deleterious,0.0
LDLR,NM_000527.5,ENST00000559340,c.302A>C,deleterious,0.0
LDLR,NM_000527.5,ENST00000559340,c.246C>G,deleterious,0.0
LDLR,NM_000527.5,ENST00000557933,c.2086T>G,deleterious,0.0
LDLR,NM_000527.5,ENST00000559340,c.1072T>G,deleterious,0.0
LDLR,NM_000527.5,ENST00000559340,c.1775G>T,deleterious,0.01
LDLR,NM_000527.5,ENST00000559340,c.1693G>C,deleterious,0.0
LDLR,NM_000527.5,ENST00000559340,c.1597T>A,deleterious,0.0
LDLR,NM_000527.5,ENST00000559340,c.888C>G,deleterious,0.0
LDLR,NM_000527.5,ENST00000559340,c.851G>A,deleterious,0.0
LDLR,NM_000527.5,ENST00000559340,c.796G>C,deleterious,0.0
LDLR,NM_000527.5,ENST00000559340,c.670G>C,deleterious,0.0
LDLR,NM_000527.5,ENST00000559340,c.1174T>A,deleterious,0.0
LDLR,NM_000527.5,ENST00000559340,c.400T>A,deleterious,0.0
LDLR,NM_000527.5,ENST00000559340,c.1129T>C,deleterious,0.0
LDLR,NM_000527.5,ENST00000559340,c.106G>T,deleterious,0.0
LDLR,NM_000527.5,ENST00000559340,c.1307T>A,deleterious,0.0
LDLR,NM_000527.5,ENST00000557933,c.2087G>T,deleterious,0.0
LDLR,NM_000527.5,ENST00000559340,c.610T>C,deleterious,0.0
LDLR,NM_000527.5,ENST00000559340,c.44T>G,tolerated_low_confidence,0.35
LDLR,NM_000527.5,ENST00000559340,c.781T>A,deleterious,0.0
LDLR,NM_000527.5,ENST00000559340,c.1003G>T,deleterious,0.0
LDLR,NM_000527.5,ENST00000559340,c.1691A>C,deleterious,0.01
LDLR,NM_000527.5,ENST00000559340,c.382T>G,deleterious,0.0
LDLR,NM_000527.5,ENST00000557933,c.1756T>C,deleterious,0.01
LDLR,NM_000527.5,ENST00000559340,c.1470G>C,deleterious,0.0
LDLR,NM_000527.5,ENST00000559340,c.727T>A,deleterious,0.0
LDLR,NM_000527.5,ENST00000559340,c.378C>A,deleterious,0.01
LDLR,NM_000527.5,ENST00000557933,c.2414G>A,tolerated_low_confidence,0.34
LDLR,NM_000527.5,ENST00000559340,c.482T>A,deleterious,0.0
LDLR,NM_000527.5,ENST00000559340,c.102C>G,deleterious,0.0
LDLR,NM_000527.5,ENST00000559340,c.1331C>T,deleterious,0.0
LDLR,NM_000527.5,ENST00000559340,c.810C>G,deleterious,0.0
LDLR,NM_000527.5,ENST00000559340,c.851G>T,deleterious,0.0
LDLR,NM_000527.5,ENST00000557933,c.1706A>T,deleterious,0.0
LDLR,NM_000527.5,ENST00000559340,c.1327T>C,deleterious,0.0
LDLR,NM_000527.5,ENST00000559340,c.1567G>C,deleterious,0.0
LDLR,NM_000527.5,ENST00000559340,c.1436T>A,deleterious,0.0
LDLR,NM_000527.5,ENST00000559340,c.302A>G,deleterious,0.0
LDLR,NM_000527.5,ENST00000557933,c.2045T>G,deleterious,0.0
LDLR,NM_000527.5,ENST00000559340,c.1501G>A,deleterious,0.01
LDLR,NM_000527.5,ENST00000559340,c.478T>A,deleterious,0.0
LDLR,NM_000527.5,ENST00000559340,c.1019G>T,deleterious,0.0
LDLR,NM_000527.5,ENST00000559340,c.788A>G,deleterious,0.0
LDLR,NM_000527.5,ENST00000559340,c.1013G>C,deleterious,0.0
LDLR,NM_000527.5,ENST00000557933,c.2251C>T,tolerated,0.08
LDLR,NM_000527.5,ENST00000559340,c.427T>A,deleterious,0.0
LDLR,NM_000527.5,ENST00000559340,c.325T>G,deleterious,0.0
LDLR,NM_000527.5,ENST00000557933,c.1828T>C,deleterious,0.02
LDLR,NM_000527.5,ENST00000559340,c.679G>A,deleterious,0.0
LDLR,NM_000527.5,ENST00000559340,c.1228A>G,deleterious,0.0
LDLR,NM_000527.5,ENST00000559340,c.887G>T,deleterious,0.0
LDLR,NM_000527.5,ENST00000559340,c.310T>G,deleterious,0.0
LDLR,NM_000527.5,ENST00000559340,c.974G>C,deleterious,0.0
LDLR,NM_000527.5,ENST00000559340,c.926C>A,deleterious,0.0
LDLR,NM_000527.5,ENST00000559340,c.625T>G,deleterious,0.0
LDLR,NM_000527.5,ENST00000557933,c.2224A>G,tolerated,0.14
LDLR,NM_000527.5,ENST00000559340,c.990T>A,tolerated,0.28
LDLR,NM_000527.5,ENST00000559340,c.973T>C,deleterious,0.0
LDLR,NM_000527.5,ENST00000559340,c.974G>T,deleterious,0.0
LDLR,NM_000527.5,ENST00000559340,c.1118G>C,deleterious,0.01
LDLR,NM_000527.5,ENST00000559340,c.1209C>A,deleterious,0.0
LDLR,NM_000527.5,ENST00000559340,c.920A>G,deleterious,0.0
LDLR,NM_000527.5,ENST00000559340,c.684G>C,deleterious,0.0
LDLR,NM_000527.5,ENST00000559340,c.428G>T,deleterious,0.0
LDLR,NM_000527.5,ENST00000557933,c.2054C>A,deleterious,0.0
LDLR,NM_000527.5,ENST00000559340,c.1013G>T,deleterious,0.0
LDLR,NM_000527.5,ENST00000559340,c.987C>G,deleterious,0.0
LDLR,NM_000527.5,ENST00000559340,c.479G>T,deleterious,0.0
LDLR,NM_000527.5,ENST00000559340,c.470G>A,tolerated,1.0
LDLR,NM_000527.5,ENST00000559340,c.2T>C,deleterious_low_confidence,0.0
LDLR,NM_000527.5,ENST00000559340,c.2413G>C,deleterious,0.0
LDLR,NM_000527.5,ENST00000559340,c.1438G>A,deleterious,0.0
LDLR,NM_000527.5,ENST00000559340,c.1433G>A,deleterious,0.0
LDLR,NM_000527.5,ENST00000559340,c.1195G>T,deleterious,0.02
LDLR,NM_000527.5,ENST00000559340,c.1067A>T,deleterious,0.0
LDLR,NM_000527.5,ENST00000559340,c.1028G>T,deleterious,0.0
LDLR,NM_000527.5,ENST00000559340,c.482T>C,deleterious,0.0
LDLR,NM_000527.5,ENST00000559340,c.400T>G,deleterious,0.0
LDLR,NM_000527.5,ENST00000559340,c.269A>C,deleterious,0.0
LDLR,NM_000527.5,ENST00000559340,c.79T>C,deleterious,0.0
LDLR,NM_000527.5,ENST00000559340,c.3G>A,deleterious_low_confidence,0.0
LDLR,NM_000527.5,ENST00000557933,c.1739C>T,deleterious,0.0
LDLR,NM_000527.5,ENST00000559340,c.1130G>T,deleterious,0.0
LDLR,NM_000527.5,ENST00000559340,c.542C>T,deleterious,0.03
LDLR,NM_000527.5,ENST00000557933,c.2422C>G,tolerated_low_confidence,0.2
LDLR,NM_000527.5,ENST00000557933,c.2044C>T,deleterious,0.0
LDLR,NM_000527.5,ENST00000557933,c.1988G>C,tolerated,0.12
LDLR,NM_000527.5,ENST00000557933,c.1979A>C,deleterious,0.0
LDLR,NM_000527.5,ENST00000559340,c.1427C>T,deleterious,0.0
LDLR,NM_000527.5,ENST00000559340,c.1412G>A,tolerated,0.09
LDLR,NM_000527.5,ENST00000559340,c.1081C>T,deleterious,0.01
LDLR,NM_000527.5,ENST00000559340,c.905G>T,deleterious,0.0
LDLR,NM_000527.5,ENST00000559340,c.551G>C,deleterious,0.01
LDLR,NM_000527.5,ENST00000559340,c.417C>A,deleterious,0.0
LDLR,NM_000527.5,ENST00000559340,c.311G>C,deleterious,0.0
LDLR,NM_000527.5,ENST00000559340,c.116G>T,deleterious,0.0
LDLR,NM_000527.5,ENST00000559340,c.865T>G,deleterious,0.0
LDLR,NM_000527.5,ENST00000559340,c.1439C>T,deleterious,0.01
LDLR,NM_000527.5,ENST00000559340,c.1562C>T,deleterious,0.0
LDLR,NM_000527.5,ENST00000557933,c.2407T>C,tolerated_low_confidence,0.31
LDLR,NM_000527.5,ENST00000559340,c.1177A>C,deleterious,0.0
LDLR,NM_000527.5,ENST00000559340,c.681C>A,deleterious,0.0
LDLR,NM_000527.5,ENST00000559340,c.529T>C,deleterious,0.0
LDLR,NM_000527.5,ENST00000559340,c.383G>C,deleterious,0.0
LDLR,NM_000527.5,ENST00000559340,c.2056C>G,tolerated,0.28
LDLR,NM_000527.5,ENST00000559340,c.1705G>A,deleterious,0.0
LDLR,NM_000527.5,ENST00000559340,c.1315A>T,deleterious,0.0
LDLR,NM_000527.5,ENST00000559340,c.1256A>G,deleterious,0.0
LDLR,NM_000527.5,ENST00000559340,c.1205T>C,deleterious,0.0
LDLR,NM_000527.5,ENST00000559340,c.1135T>G,deleterious,0.01
LDLR,NM_000527.5,ENST00000559340,c.985T>C,deleterious,0.0
LDLR,NM_000527.5,ENST00000559340,c.967G>T,deleterious,0.0
LDLR,NM_000527.5,ENST00000559340,c.924A>T,deleterious,0.0
LDLR,NM_000527.5,ENST00000559340,c.743G>C,deleterious,0.0
LDLR,NM_000527.5,ENST00000559340,c.706T>G,deleterious,0.0
LDLR,NM_000527.5,ENST00000559340,c.683A>G,deleterious,0.0
LDLR,NM_000527.5,ENST00000559340,c.629T>C,deleterious,0.0
LDLR,NM_000527.5,ENST00000559340,c.610T>G,deleterious,0.0
LDLR,NM_000527.5,ENST00000559340,c.503A>C,deleterious,0.0
LDLR,NM_000527.5,ENST00000559340,c.383G>A,deleterious,0.0
LDLR,NM_000527.5,ENST00000559340,c.377T>C,deleterious,0.0
LDLR,NM_000527.5,ENST00000559340,c.202T>C,deleterious,0.0
LDLR,NM_000527.5,ENST00000559340,c.53C>T,tolerated_low_confidence,0.06
LDLR,NM_000527.5,ENST00000557933,c.1774G>A,deleterious,0.0
LDLR,NM_000527.5,ENST00000559340,c.299A>T,deleterious,0.0
LDLR,NM_000527.5,ENST00000559340,c.1255T>G,deleterious,0.0
LDLR,NM_000527.5,ENST00000559340,c.1091G>A,deleterious,0.0
LDLR,NM_000527.5,ENST00000559340,c.428G>C,deleterious,0.0
LDLR,NM_000527.5,ENST00000559340,c.1102T>C,deleterious,0.0
LDLR,NM_000527.5,ENST00000559340,c.2575G>A,tolerated_low_confidence,0.06
LDLR,NM_000527.5,ENST00000557933,c.2482T>C,deleterious,0.03
LDLR,NM_000527.5,ENST00000559340,c.2476C>A,deleterious_low_confidence,0.04
LDLR,NM_000527.5,ENST00000558518,c.2475C>A,deleterious,0.0
LDLR,NM_000527.5,ENST00000558518,c.2473A>G,deleterious,0.0
LDLR,NM_000527.5,ENST00000558518,c.2417T>A,deleterious,0.0
LDLR,NM_000527.5,ENST00000559340,c.2413G>A,deleterious_low_confidence,0.01
LDLR,NM_000527.5,ENST00000558518,c.2396T>G,deleterious,0.01
LDLR,NM_000527.5,ENST00000557933,c.2389G>T,tolerated,0.18
LDLR,NM_000527.5,ENST00000557933,c.2294T>G,tolerated,0.11
LDLR,NM_000527.5,ENST00000557933,c.2209A>G,tolerated,0.47
LDLR,NM_000527.5,ENST00000557933,c.2155G>C,tolerated,0.31
LDLR,NM_000527.5,ENST00000557933,c.2140G>A,tolerated,0.45
LDLR,NM_000527.5,ENST00000559340,c.2132G>T,deleterious,0.02
LDLR,NM_000527.5,ENST00000559340,c.2132G>C,tolerated,0.27
LDLR,NM_000527.5,ENST00000559340,c.2132G>A,tolerated,0.27
LDLR,NM_000527.5,ENST00000557933,c.2131T>A,deleterious,0.01
LDLR,NM_000527.5,ENST00000557933,c.2119G>T,deleterious,0.0
LDLR,NM_000527.5,ENST00000557933,c.2099A>G,deleterious,0.0
LDLR,NM_000527.5,ENST00000557933,c.2093G>T,deleterious,0.0
LDLR,NM_000527.5,ENST00000557933,c.2093G>A,deleterious,0.0
LDLR,NM_000527.5,ENST00000557933,c.2089G>C,deleterious,0.0
LDLR,NM_000527.5,ENST00000559340,c.2088C>G,tolerated,0.27
LDLR,NM_000527.5,ENST00000557933,c.2087G>A,deleterious,0.0
LDLR,NM_000527.5,ENST00000557933,c.2080T>G,deleterious,0.0
LDLR,NM_000527.5,ENST00000557933,c.2053C>T,deleterious,0.0
LDLR,NM_000527.5,ENST00000557933,c.2053C>A,deleterious,0.0
LDLR,NM_000527.5,ENST00000557933,c.2043C>G,deleterious,0.0
LDLR,NM_000527.5,ENST00000557933,c.2042G>C,deleterious,0.0
LDLR,NM_000527.5,ENST00000557933,c.2042G>A,deleterious,0.0
LDLR,NM_000527.5,ENST00000557933,c.2030G>A,deleterious,0.0
LDLR,NM_000527.5,ENST00000559340,c.2026G>C,tolerated,0.16
LDLR,NM_000527.5,ENST00000557933,c.2023G>A,deleterious,0.04
LDLR,NM_000527.5,ENST00000557933,c.2001T>G,deleterious,0.0
LDLR,NM_000527.5,ENST00000557933,c.2000G>T,deleterious,0.0
LDLR,NM_000527.5,ENST00000557933,c.1999T>C,deleterious,0.0
LDLR,NM_000527.5,ENST00000557933,c.1999T>A,deleterious,0.0
LDLR,NM_000527.5,ENST00000557933,c.1988G>A,deleterious,0.0
LDLR,NM_000527.5,ENST00000557933,c.1978C>A,deleterious,0.0
LDLR,NM_000527.5,ENST00000557933,c.1973T>C,deleterious,0.0
LDLR,NM_000527.5,ENST00000557933,c.1965C>G,deleterious,0.01
LDLR,NM_000527.5,ENST00000557933,c.1951G>T,deleterious,0.0
LDLR,NM_000527.5,ENST00000557933,c.1942T>C,deleterious,0.0
LDLR,NM_000527.5,ENST00000557933,c.1925T>C,deleterious,0.0
LDLR,NM_000527.5,ENST00000557933,c.1916T>G,deleterious,0.0
LDLR,NM_000527.5,ENST00000557933,c.1898G>T,deleterious,0.0
LDLR,NM_000527.5,ENST00000559340,c.1892C>A,deleterious,0.0
LDLR,NM_000527.5,ENST00000557933,c.1886T>G,deleterious,0.0
LDLR,NM_000527.5,ENST00000557933,c.1880C>T,deleterious,0.02
LDLR,NM_000527.5,ENST00000557933,c.1879G>A,deleterious,0.02
LDLR,NM_000527.5,ENST00000557933,c.1865A>C,deleterious,0.01
LDLR,NM_000527.5,ENST00000557933,c.1864G>A,deleterious,0.0
LDLR,NM_000527.5,ENST00000557933,c.1862C>G,deleterious,0.0
LDLR,NM_000527.5,ENST00000559340,c.1860G>C,deleterious,0.0
LDLR,NM_000527.5,ENST00000557933,c.1858T>C,deleterious,0.0
LDLR,NM_000527.5,ENST00000559340,c.1856T>G,deleterious,0.01
LDLR,NM_000527.5,ENST00000559340,c.1856T>C,deleterious,0.01
LDLR,NM_000527.5,ENST00000557933,c.1855T>C,deleterious,0.0
LDLR,NM_000527.5,ENST00000557933,c.1844A>T,deleterious,0.0
LDLR,NM_000527.5,ENST00000557933,c.1833G>T,deleterious,0.0
LDLR,NM_000527.5,ENST00000557933,c.1833G>C,deleterious,0.0
LDLR,NM_000527.5,ENST00000557933,c.1829C>T,deleterious,0.0
LDLR,NM_000527.5,ENST00000557933,c.1829C>G,deleterious,0.0
LDLR,NM_000527.5,ENST00000557933,c.1825T>C,tolerated,0.66
LDLR,NM_000527.5,ENST00000557933,c.1823C>T,deleterious,0.0
LDLR,NM_000527.5,ENST00000557933,c.1823C>G,deleterious,0.0
LDLR,NM_000527.5,ENST00000557933,c.1822C>T,deleterious,0.0
LDLR,NM_000527.5,ENST00000557933,c.1822C>A,deleterious,0.0
LDLR,NM_000527.5,ENST00000557933,c.1820A>G,deleterious,0.01
LDLR,NM_000527.5,ENST00000557933,c.1809G>C,tolerated,0.21
LDLR,NM_000527.5,ENST00000557933,c.1802A>T,deleterious,0.0
LDLR,NM_000527.5,ENST00000557933,c.1801G>T,deleterious,0.0
LDLR,NM_000527.5,ENST00000557933,c.1784G>T,deleterious,0.0
LDLR,NM_000527.5,ENST00000557933,c.1754T>C,deleterious,0.0
LDLR,NM_000527.5,ENST00000557933,c.1754T>A,deleterious,0.0
LDLR,NM_000527.5,ENST00000557933,c.1749C>A,deleterious,0.0
LDLR,NM_000527.5,ENST00000559340,c.1748A>G,deleterious,0.01
LDLR,NM_000527.5,ENST00000557933,c.1737C>G,deleterious,0.0
LDLR,NM_000527.5,ENST00000557933,c.1736A>G,deleterious,0.01
LDLR,NM_000527.5,ENST00000557933,c.1736A>C,deleterious,0.0
LDLR,NM_000527.5,ENST00000557933,c.1730G>C,deleterious,0.0
LDLR,NM_000527.5,ENST00000557933,c.1729T>C,deleterious,0.0
LDLR,NM_000527.5,ENST00000557933,c.1729T>G,deleterious,0.0
LDLR,NM_000527.5,ENST00000559340,c.1727A>G,tolerated,0.95
LDLR,NM_000527.5,ENST00000559340,c.1727A>C,tolerated,0.28
LDLR,NM_000527.5,ENST00000557933,c.1721G>A,deleterious,0.0
LDLR,NM_000527.5,ENST00000557933,c.1715G>A,tolerated,1.0
LDLR,NM_000527.5,ENST00000559340,c.1703T>C,deleterious,0.0
LDLR,NM_000527.5,ENST00000559340,c.1702C>G,deleterious,0.0
LDLR,NM_000527.5,ENST00000559340,c.1687C>T,deleterious,0.0
LDLR,NM_000527.5,ENST00000559340,c.1664T>C,deleterious,0.0
LDLR,NM_000527.5,ENST00000559340,c.1646G>T,deleterious,0.0
LDLR,NM_000527.5,ENST00000559340,c.1644T>G,deleterious,0.0
LDLR,NM_000527.5,ENST00000559340,c.1644T>A,deleterious,0.0
LDLR,NM_000527.5,ENST00000559340,c.1637G>T,deleterious,0.0
LDLR,NM_000527.5,ENST00000559340,c.1636G>C,deleterious,0.0
LDLR,NM_000527.5,ENST00000559340,c.1634G>A,deleterious,0.0
LDLR,NM_000527.5,ENST00000559340,c.1633G>T,deleterious,0.0
LDLR,NM_000527.5,ENST00000559340,c.1633G>C,deleterious,0.0
LDLR,NM_000527.5,ENST00000559340,c.1633G>A,deleterious,0.0
LDLR,NM_000527.5,ENST00000559340,c.1625T>G,deleterious,0.0
LDLR,NM_000527.5,ENST00000559340,c.1618G>T,deleterious,0.01
LDLR,NM_000527.5,ENST00000559340,c.1612A>T,tolerated,0.25
LDLR,NM_000527.5,ENST00000559340,c.1606T>G,deleterious,0.0
LDLR,NM_000527.5,ENST00000559340,c.1603G>T,deleterious,0.0
LDLR,NM_000527.5,ENST00000559340,c.1601C>A,deleterious,0.0
LDLR,NM_000527.5,ENST00000559340,c.1597T>C,deleterious,0.0
LDLR,NM_000527.5,ENST00000559340,c.1571T>G,deleterious,0.0
LDLR,NM_000527.5,ENST00000559340,c.1567G>T,deleterious,0.0
LDLR,NM_000527.5,ENST00000559340,c.1558A>G,deleterious,0.0
LDLR,NM_000527.5,ENST00000559340,c.1555C>T,deleterious,0.0
LDLR,NM_000527.5,ENST00000559340,c.1532T>C,deleterious,0.0
LDLR,NM_000527.5,ENST00000559340,c.1525A>G,deleterious,0.0
LDLR,NM_000527.5,ENST00000559340,c.1520A>C,deleterious,0.0
LDLR,NM_000527.5,ENST00000559340,c.1502C>T,tolerated,0.12
LDLR,NM_000527.5,ENST00000559340,c.1495T>C,deleterious,0.0
LDLR,NM_000527.5,ENST00000559340,c.1492G>T,deleterious,0.0
LDLR,NM_000527.5,ENST00000559340,c.1489A>C,deleterious,0.0
LDLR,NM_000527.5,ENST00000559340,c.1487G>T,deleterious,0.01
LDLR,NM_000527.5,ENST00000559340,c.1475A>G,deleterious,0.0
LDLR,NM_000527.5,ENST00000559340,c.1474G>C,deleterious,0.0
LDLR,NM_000527.5,ENST00000559340,c.1468T>G,deleterious,0.0
LDLR,NM_000527.5,ENST00000559340,c.1463T>G,deleterious,0.0
LDLR,NM_000527.5,ENST00000559340,c.1463T>A,deleterious,0.0
LDLR,NM_000527.5,ENST00000559340,c.1454A>G,deleterious,0.0
LDLR,NM_000527.5,ENST00000559340,c.1445A>G,deleterious,0.0
LDLR,NM_000527.5,ENST00000559340,c.1444G>C,deleterious,0.0
LDLR,NM_000527.5,ENST00000559340,c.1438G>C,deleterious,0.0
LDLR,NM_000527.5,ENST00000559340,c.1436T>C,deleterious,0.0
LDLR,NM_000527.5,ENST00000559340,c.1426C>T,deleterious,0.0
LDLR,NM_000527.5,ENST00000559340,c.1411A>G,tolerated,0.23
LDLR,NM_000527.5,ENST00000559340,c.1376C>G,deleterious,0.01
LDLR,NM_000527.5,ENST00000559340,c.1361C>A,deleterious,0.0
LDLR,NM_000527.5,ENST00000559340,c.1352T>C,deleterious,0.0
LDLR,NM_000527.5,ENST00000559340,c.1351A>T,deleterious,0.0
LDLR,NM_000527.5,ENST00000559340,c.1339T>C,deleterious,0.0
LDLR,NM_000527.5,ENST00000559340,c.1329G>T,deleterious,0.0
LDLR,NM_000527.5,ENST00000559340,c.1329G>C,deleterious,0.0
LDLR,NM_000527.5,ENST00000559340,c.1328G>C,deleterious,0.0
LDLR,NM_000527.5,ENST00000559340,c.1325A>G,deleterious,0.0
LDLR,NM_000527.5,ENST00000559340,c.1324T>A,deleterious,0.0
LDLR,NM_000527.5,ENST00000559340,c.1322T>C,deleterious,0.0
LDLR,NM_000527.5,ENST00000559340,c.1307T>C,deleterious,0.0
LDLR,NM_000527.5,ENST00000559340,c.1301C>G,deleterious,0.0
LDLR,NM_000527.5,ENST00000559340,c.1301C>A,deleterious,0.0
LDLR,NM_000527.5,ENST00000559340,c.1297G>T,deleterious,0.0
LDLR,NM_000527.5,ENST00000559340,c.1295T>C,deleterious,0.0
LDLR,NM_000527.5,ENST00000559340,c.1285G>T,deleterious,0.0
LDLR,NM_000527.5,ENST00000559340,c.1277T>C,deleterious,0.0
LDLR,NM_000527.5,ENST00000559340,c.1274A>T,deleterious,0.04
LDLR,NM_000527.5,ENST00000559340,c.1268T>C,deleterious,0.0
LDLR,NM_000527.5,ENST00000559340,c.1265T>C,deleterious,0.0
LDLR,NM_000527.5,ENST00000559340,c.1247G>T,deleterious,0.0
LDLR,NM_000527.5,ENST00000559340,c.1247G>C,deleterious,0.0
LDLR,NM_000527.5,ENST00000559340,c.1247G>A,deleterious,0.01
LDLR,NM_000527.5,ENST00000559340,c.1244A>G,deleterious,0.04
LDLR,NM_000527.5,ENST00000559340,c.1243G>C,deleterious,0.0
LDLR,NM_000527.5,ENST00000559340,c.1236G>A,tolerated,0.13
LDLR,NM_000527.5,ENST00000559340,c.1235T>C,deleterious,0.0
LDLR,NM_000527.5,ENST00000559340,c.1231A>G,deleterious,0.02
LDLR,NM_000527.5,ENST00000559340,c.1230G>T,deleterious,0.0
LDLR,NM_000527.5,ENST00000559340,c.1223A>T,deleterious,0.0
LDLR,NM_000527.5,ENST00000559340,c.1215C>G,deleterious,0.0
LDLR,NM_000527.5,ENST00000559340,c.1211C>T,deleterious,0.0
LDLR,NM_000527.5,ENST00000559340,c.1189T>A,tolerated,1.0
LDLR,NM_000527.5,ENST00000559340,c.1186G>A,deleterious,0.01
LDLR,NM_000527.5,ENST00000559340,c.1179G>C,deleterious,0.0
LDLR,NM_000527.5,ENST00000559340,c.1174T>C,deleterious,0.0
LDLR,NM_000527.5,ENST00000559340,c.1151A>C,deleterious,0.0
LDLR,NM_000527.5,ENST00000559340,c.1136G>A,deleterious,0.0
LDLR,NM_000527.5,ENST00000559340,c.1135T>C,deleterious,0.0
LDLR,NM_000527.5,ENST00000559340,c.1130G>C,deleterious,0.0
LDLR,NM_000527.5,ENST00000559340,c.1130G>A,deleterious,0.0
LDLR,NM_000527.5,ENST00000559340,c.1129T>G,deleterious,0.01
LDLR,NM_000527.5,ENST00000559340,c.1124A>G,deleterious,0.0
LDLR,NM_000527.5,ENST00000559340,c.1124A>C,deleterious,0.01
LDLR,NM_000527.5,ENST00000559340,c.1118G>T,deleterious,0.0
LDLR,NM_000527.5,ENST00000559340,c.1118G>A,deleterious,0.0
LDLR,NM_000527.5,ENST00000559340,c.1117G>T,deleterious,0.0
LDLR,NM_000527.5,ENST00000559340,c.1109A>C,deleterious,0.0
LDLR,NM_000527.5,ENST00000559340,c.1103G>C,deleterious,0.0
LDLR,NM_000527.5,ENST00000559340,c.1103G>A,deleterious,0.0
LDLR,NM_000527.5,ENST00000559340,c.1102T>G,deleterious,0.0
LDLR,NM_000527.5,ENST00000559340,c.1097A>C,deleterious,0.0
LDLR,NM_000527.5,ENST00000559340,c.1091G>T,deleterious,0.0
LDLR,NM_000527.5,ENST00000559340,c.1091G>C,deleterious,0.0
LDLR,NM_000527.5,ENST00000559340,c.1090T>C,deleterious,0.0
LDLR,NM_000527.5,ENST00000559340,c.1072T>C,deleterious,0.0
LDLR,NM_000527.5,ENST00000559340,c.1069G>A,deleterious,0.0
LDLR,NM_000527.5,ENST00000559340,c.1067A>C,deleterious,0.0
LDLR,NM_000527.5,ENST00000559340,c.1061A>T,deleterious,0.0
LDLR,NM_000527.5,ENST00000559340,c.1061A>G,deleterious,0.01
LDLR,NM_000527.5,ENST00000559340,c.1061A>C,deleterious,0.0
LDLR,NM_000527.5,ENST00000559340,c.1056C>G,deleterious,0.0
LDLR,NM_000527.5,ENST00000559340,c.1055G>T,deleterious,0.0
LDLR,NM_000527.5,ENST00000559340,c.1054T>C,deleterious,0.0
LDLR,NM_000527.5,ENST00000559340,c.1054T>A,deleterious,0.0
LDLR,NM_000527.5,ENST00000559340,c.1028G>A,deleterious,0.0
LDLR,NM_000527.5,ENST00000559340,c.1027G>T,deleterious,0.0
LDLR,NM_000527.5,ENST00000559340,c.1022C>G,deleterious,0.04
LDLR,NM_000527.5,ENST00000559340,c.1020C>G,deleterious,0.0
LDLR,NM_000527.5,ENST00000559340,c.1019G>A,deleterious,0.0
LDLR,NM_000527.5,ENST00000559340,c.1013G>A,deleterious,0.0
LDLR,NM_000527.5,ENST00000559340,c.1012T>G,deleterious,0.0
LDLR,NM_000527.5,ENST00000559340,c.1012T>C,deleterious,0.0
LDLR,NM_000527.5,ENST00000559340,c.1012T>A,deleterious,0.0
LDLR,NM_000527.5,ENST00000559340,c.986G>T,deleterious,0.0
LDLR,NM_000527.5,ENST00000559340,c.985T>G,deleterious,0.0
LDLR,NM_000527.5,ENST00000559340,c.977C>T,deleterious,0.0
LDLR,NM_000527.5,ENST00000559340,c.977C>G,deleterious,0.0
LDLR,NM_000527.5,ENST00000559340,c.974G>A,deleterious,0.01
LDLR,NM_000527.5,ENST00000559340,c.953G>T,deleterious,0.02
LDLR,NM_000527.5,ENST00000559340,c.953G>A,deleterious,0.0
LDLR,NM_000527.5,ENST00000559340,c.952T>C,deleterious,0.0
LDLR,NM_000527.5,ENST00000559340,c.937T>G,deleterious,0.0
LDLR,NM_000527.5,ENST00000559340,c.937T>C,deleterious,0.0
LDLR,NM_000527.5,ENST00000559340,c.929T>C,deleterious,0.01
LDLR,NM_000527.5,ENST00000559340,c.922G>A,deleterious,0.0
LDLR,NM_000527.5,ENST00000559340,c.921T>G,deleterious,0.0
LDLR,NM_000527.5,ENST00000559340,c.919G>C,deleterious,0.0
LDLR,NM_000527.5,ENST00000559340,c.910G>T,deleterious,0.0
LDLR,NM_000527.5,ENST00000559340,c.906C>G,deleterious,0.0
LDLR,NM_000527.5,ENST00000559340,c.902A>G,deleterious,0.01
LDLR,NM_000527.5,ENST00000559340,c.902A>C,deleterious,0.0
LDLR,NM_000527.5,ENST00000559340,c.901G>T,deleterious,0.0
LDLR,NM_000527.5,ENST00000559340,c.898A>G,deleterious,0.01
LDLR,NM_000527.5,ENST00000559340,c.880A>G,deleterious,0.01
LDLR,NM_000527.5,ENST00000559340,c.869T>G,deleterious,0.0
LDLR,NM_000527.5,ENST00000559340,c.859G>T,deleterious,0.0
LDLR,NM_000527.5,ENST00000559340,c.858C>A,deleterious,0.0
LDLR,NM_000527.5,ENST00000559340,c.850T>G,deleterious,0.0
LDLR,NM_000527.5,ENST00000559340,c.850T>C,deleterious,0.0
LDLR,NM_000527.5,ENST00000559340,c.828C>G,deleterious,0.0
LDLR,NM_000527.5,ENST00000559340,c.827G>A,deleterious,0.0
LDLR,NM_000527.5,ENST00000559340,c.826T>G,deleterious,0.0
LDLR,NM_000527.5,ENST00000559340,c.826T>C,deleterious,0.0
LDLR,NM_000527.5,ENST00000559340,c.820A>T,tolerated,0.19
LDLR,NM_000527.5,ENST00000559340,c.809G>A,deleterious,0.0
LDLR,NM_000527.5,ENST00000559340,c.808T>A,deleterious,0.0
LDLR,NM_000527.5,ENST00000559340,c.801A>T,deleterious,0.0
LDLR,NM_000527.5,ENST00000559340,c.797A>T,deleterious,0.0
LDLR,NM_000527.5,ENST00000559340,c.797A>G,deleterious,0.0
LDLR,NM_000527.5,ENST00000559340,c.796G>T,deleterious,0.0
LDLR,NM_000527.5,ENST00000559340,c.790A>G,tolerated,0.15
LDLR,NM_000527.5,ENST00000559340,c.772G>A,tolerated,0.2
LDLR,NM_000527.5,ENST00000559340,c.768C>G,deleterious,0.0
LDLR,NM_000527.5,ENST00000559340,c.767A>G,deleterious,0.0
LDLR,NM_000527.5,ENST00000559340,c.764G>A,deleterious,0.0
LDLR,NM_000527.5,ENST00000559340,c.763T>C,deleterious,0.0
LDLR,NM_000527.5,ENST00000559340,c.763T>A,deleterious,0.0
LDLR,NM_000527.5,ENST00000559340,c.761A>C,deleterious,0.01
LDLR,NM_000527.5,ENST00000559340,c.743G>T,deleterious,0.0
LDLR,NM_000527.5,ENST00000559340,c.743G>A,deleterious,0.0
LDLR,NM_000527.5,ENST00000559340,c.742T>G,deleterious,0.0
LDLR,NM_000527.5,ENST00000559340,c.727T>C,deleterious,0.0
LDLR,NM_000527.5,ENST00000559340,c.706T>C,deleterious,0.0
LDLR,NM_000527.5,ENST00000559340,c.693C>G,deleterious,0.0
LDLR,NM_000527.5,ENST00000559340,c.692G>A,deleterious,0.0
LDLR,NM_000527.5,ENST00000559340,c.691T>G,deleterious,0.0
LDLR,NM_000527.5,ENST00000559340,c.691T>C,deleterious,0.0
LDLR,NM_000527.5,ENST00000559340,c.683A>C,deleterious,0.0
LDLR,NM_000527.5,ENST00000559340,c.682G>C,deleterious,0.0
LDLR,NM_000527.5,ENST00000559340,c.680A>T,deleterious,0.0
LDLR,NM_000527.5,ENST00000559340,c.677C>G,deleterious,0.0
LDLR,NM_000527.5,ENST00000559340,c.676T>C,deleterious,0.0
LDLR,NM_000527.5,ENST00000559340,c.671A>T,deleterious,0.0
LDLR,NM_000527.5,ENST00000559340,c.671A>G,deleterious,0.0
LDLR,NM_000527.5,ENST00000559340,c.671A>C,deleterious,0.0
LDLR,NM_000527.5,ENST00000559340,c.669G>C,tolerated,0.15
LDLR,NM_000527.5,ENST00000559340,c.666C>G,deleterious,0.0
LDLR,NM_000527.5,ENST00000559340,c.665G>T,deleterious,0.0
LDLR,NM_000527.5,ENST00000559340,c.664T>G,deleterious,0.01
LDLR,NM_000527.5,ENST00000559340,c.662A>T,deleterious,0.0
LDLR,NM_000527.5,ENST00000559340,c.661G>T,deleterious,0.0
LDLR,NM_000527.5,ENST00000559340,c.647G>A,deleterious,0.0
LDLR,NM_000527.5,ENST00000559340,c.646T>C,deleterious,0.0
LDLR,NM_000527.5,ENST00000559340,c.643C>A,deleterious,0.02
LDLR,NM_000527.5,ENST00000559340,c.641G>C,deleterious,0.0
LDLR,NM_000527.5,ENST00000559340,c.626G>A,deleterious,0.0
LDLR,NM_000527.5,ENST00000559340,c.622G>A,deleterious,0.04
LDLR,NM_000527.5,ENST00000559340,c.618T>G,deleterious,0.01
LDLR,NM_000527.5,ENST00000559340,c.611G>T,deleterious,0.0
LDLR,NM_000527.5,ENST00000559340,c.611G>C,deleterious,0.0
LDLR,NM_000527.5,ENST00000559340,c.611G>A,deleterious,0.0
LDLR,NM_000527.5,ENST00000559340,c.601G>A,deleterious,0.0
LDLR,NM_000527.5,ENST00000559340,c.600C>A,tolerated,1.0
LDLR,NM_000527.5,ENST00000559340,c.591C>G,deleterious,0.0
LDLR,NM_000527.5,ENST00000559340,c.590G>T,deleterious,0.0
LDLR,NM_000527.5,ENST00000559340,c.589T>G,deleterious,0.0
LDLR,NM_000527.5,ENST00000559340,c.550T>C,deleterious,0.0
LDLR,NM_000527.5,ENST00000559340,c.552T>G,deleterious,0.0
LDLR,NM_000527.5,ENST00000559340,c.536A>G,deleterious,0.0
LDLR,NM_000527.5,ENST00000559340,c.534T>G,deleterious,0.0
LDLR,NM_000527.5,ENST00000559340,c.533A>G,deleterious,0.01
LDLR,NM_000527.5,ENST00000559340,c.532G>T,deleterious,0.0
LDLR,NM_000527.5,ENST00000559340,c.532G>C,deleterious,0.0
LDLR,NM_000527.5,ENST00000559340,c.532G>A,deleterious,0.0
LDLR,NM_000527.5,ENST00000559340,c.527G>T,deleterious,0.0
LDLR,NM_000527.5,ENST00000559340,c.523G>T,deleterious,0.0
LDLR,NM_000527.5,ENST00000559340,c.519C>G,deleterious,0.0
LDLR,NM_000527.5,ENST00000559340,c.518G>A,deleterious,0.0
LDLR,NM_000527.5,ENST00000559340,c.517T>G,deleterious,0.0
LDLR,NM_000527.5,ENST00000559340,c.517T>C,deleterious,0.0
LDLR,NM_000527.5,ENST00000559340,c.516C>G,deleterious,0.02
LDLR,NM_000527.5,ENST00000559340,c.515A>G,deleterious,0.0
LDLR,NM_000527.5,ENST00000559340,c.514G>T,deleterious,0.0
LDLR,NM_000527.5,ENST00000559340,c.514G>C,deleterious,0.0
LDLR,NM_000527.5,ENST00000559340,c.514G>A,deleterious,0.0
LDLR,NM_000527.5,ENST00000559340,c.506A>T,deleterious,0.0
LDLR,NM_000527.5,ENST00000559340,c.503A>G,deleterious,0.0
LDLR,NM_000527.5,ENST00000559340,c.502G>T,deleterious,0.0
LDLR,NM_000527.5,ENST00000559340,c.502G>C,deleterious,0.0
LDLR,NM_000527.5,ENST00000559340,c.501C>G,deleterious,0.0
LDLR,NM_000527.5,ENST00000559340,c.500G>A,deleterious,0.0
LDLR,NM_000527.5,ENST00000559340,c.499T>C,deleterious,0.0
LDLR,NM_000527.5,ENST00000559340,c.493T>G,deleterious,0.0
LDLR,NM_000527.5,ENST00000559340,c.485C>T,deleterious,0.02
LDLR,NM_000527.5,ENST00000559340,c.478T>G,deleterious,0.0
LDLR,NM_000527.5,ENST00000559340,c.478T>C,deleterious,0.0
LDLR,NM_000527.5,ENST00000559340,c.476C>T,tolerated,0.13
LDLR,NM_000527.5,ENST00000559340,c.473C>G,deleterious,0.0
LDLR,NM_000527.5,ENST00000559340,c.464G>T,deleterious,0.0
LDLR,NM_000527.5,ENST00000559340,c.464G>A,deleterious,0.0
LDLR,NM_000527.5,ENST00000559340,c.463T>G,deleterious,0.0
LDLR,NM_000527.5,ENST00000559340,c.463T>C,deleterious,0.0
LDLR,NM_000527.5,ENST00000559340,c.458T>G,deleterious,0.0
LDLR,NM_000527.5,ENST00000559340,c.457T>G,deleterious,0.0
LDLR,NM_000527.5,ENST00000559340,c.451G>A,tolerated,0.36
LDLR,NM_000527.5,ENST00000559340,c.444T>G,deleterious,0.0
LDLR,NM_000527.5,ENST00000559340,c.443G>C,deleterious,0.0
LDLR,NM_000527.5,ENST00000559340,c.443G>A,deleterious,0.0
LDLR,NM_000527.5,ENST00000559340,c.442T>C,deleterious,0.0
LDLR,NM_000527.5,ENST00000559340,c.440C>T,deleterious,0.0
LDLR,NM_000527.5,ENST00000559340,c.428G>A,deleterious,0.0
LDLR,NM_000527.5,ENST00000559340,c.427T>C,deleterious,0.0
LDLR,NM_000527.5,ENST00000559340,c.420G>T,deleterious,0.0
LDLR,NM_000527.5,ENST00000559340,c.420G>C,deleterious,0.0
LDLR,NM_000527.5,ENST00000559340,c.419A>G,deleterious,0.0
LDLR,NM_000527.5,ENST00000559340,c.418G>A,deleterious,0.0
LDLR,NM_000527.5,ENST00000559340,c.416A>T,deleterious,0.0
LDLR,NM_000527.5,ENST00000559340,c.416A>G,deleterious,0.0
LDLR,NM_000527.5,ENST00000559340,c.415G>C,deleterious,0.0
LDLR,NM_000527.5,ENST00000559340,c.415G>A,deleterious,0.01
LDLR,NM_000527.5,ENST00000559340,c.407A>T,deleterious,0.0
LDLR,NM_000527.5,ENST00000559340,c.402C>G,deleterious,0.0
LDLR,NM_000527.5,ENST00000559340,c.401G>T,deleterious,0.0
LDLR,NM_000527.5,ENST00000559340,c.401G>A,deleterious,0.0
LDLR,NM_000527.5,ENST00000559340,c.386A>G,deleterious,0.0
LDLR,NM_000527.5,ENST00000559340,c.383G>T,deleterious,0.0
LDLR,NM_000527.5,ENST00000559340,c.382T>C,deleterious,0.0
LDLR,NM_000527.5,ENST00000559340,c.380T>A,deleterious,0.0
LDLR,NM_000527.5,ENST00000559340,c.377T>A,deleterious,0.03
LDLR,NM_000527.5,ENST00000559340,c.376T>C,deleterious,0.01
LDLR,NM_000527.5,ENST00000559340,c.370C>G,tolerated,0.46
LDLR,NM_000527.5,ENST00000559340,c.367T>A,deleterious,0.03
LDLR,NM_000527.5,ENST00000559340,c.364A>T,deleterious,0.0
LDLR,NM_000527.5,ENST00000559340,c.362G>T,deleterious,0.0
LDLR,NM_000527.5,ENST00000559340,c.362G>C,deleterious,0.0
LDLR,NM_000527.5,ENST00000559340,c.361T>G,deleterious,0.0
LDLR,NM_000527.5,ENST00000559340,c.361T>C,deleterious,0.0
LDLR,NM_000527.5,ENST00000559340,c.361T>A,deleterious,0.0
LDLR,NM_000527.5,ENST00000559340,c.349C>T,deleterious,0.04
LDLR,NM_000527.5,ENST00000559340,c.347G>T,deleterious,0.0
LDLR,NM_000527.5,ENST00000559340,c.346T>C,deleterious,0.0
LDLR,NM_000527.5,ENST00000559340,c.343C>T,deleterious,0.0
LDLR,NM_000527.5,ENST00000559340,c.326G>T,deleterious,0.0
LDLR,NM_000527.5,ENST00000559340,c.312T>G,deleterious,0.0
LDLR,NM_000527.5,ENST00000559340,c.311G>T,deleterious,0.0
LDLR,NM_000527.5,ENST00000559340,c.310T>C,deleterious,0.0
LDLR,NM_000527.5,ENST00000559340,c.299A>G,deleterious,0.0
LDLR,NM_000527.5,ENST00000559340,c.298G>A,deleterious,0.01
LDLR,NM_000527.5,ENST00000559340,c.291C>G,deleterious,0.0
LDLR,NM_000527.5,ENST00000559340,c.284G>T,deleterious,0.0
LDLR,NM_000527.5,ENST00000559340,c.283T>C,deleterious,0.0
LDLR,NM_000527.5,ENST00000559340,c.283T>A,deleterious,0.0
LDLR,NM_000527.5,ENST00000559340,c.280G>T,deleterious,0.0
LDLR,NM_000527.5,ENST00000559340,c.270T>A,deleterious,0.0
LDLR,NM_000527.5,ENST00000559340,c.268G>T,deleterious,0.0
LDLR,NM_000527.5,ENST00000559340,c.268G>A,deleterious,0.01
LDLR,NM_000527.5,ENST00000559340,c.267C>G,deleterious,0.0
LDLR,NM_000527.5,ENST00000559340,c.265T>G,deleterious,0.0
LDLR,NM_000527.5,ENST00000559340,c.265T>C,deleterious,0.0
LDLR,NM_000527.5,ENST00000559340,c.245G>T,deleterious,0.0
LDLR,NM_000527.5,ENST00000559340,c.245G>A,deleterious,0.0
LDLR,NM_000527.5,ENST00000559340,c.244T>G,deleterious,0.0
LDLR,NM_000527.5,ENST00000559340,c.225T>G,deleterious,0.0
LDLR,NM_000527.5,ENST00000559340,c.223T>A,deleterious,0.0
LDLR,NM_000527.5,ENST00000559340,c.187T>C,deleterious,0.0
LDLR,NM_000527.5,ENST00000559340,c.173A>G,deleterious,0.0
LDLR,NM_000527.5,ENST00000559340,c.172G>A,deleterious,0.0
LDLR,NM_000527.5,ENST00000559340,c.155G>A,deleterious,0.0
LDLR,NM_000527.5,ENST00000559340,c.147C>A,tolerated,0.19
LDLR,NM_000527.5,ENST00000559340,c.137G>A,deleterious,0.0
LDLR,NM_000527.5,ENST00000559340,c.136T>G,deleterious,0.0
LDLR,NM_000527.5,ENST00000559340,c.101G>C,deleterious,0.0
LDLR,NM_000527.5,ENST00000559340,c.100T>G,deleterious,0.0
LDLR,NM_000527.5,ENST00000559340,c.95T>G,deleterious,0.0
LDLR,NM_000527.5,ENST00000559340,c.28T>C,deleterious_low_confidence,0.0
LDLR,NM_000527.5,ENST00000559340,c.3G>T,deleterious_low_confidence,0.0
LDLR,NM_000527.5,ENST00000559340,c.1A>T,deleterious_low_confidence,0.0
LDLR,NM_000527.5,ENST00000559340,c.1A>G,deleterious_low_confidence,0.0
LDLR,NM_000527.5,ENST00000559340,c.166T>C,deleterious,0.0
LDLR,NM_000527.5,ENST00000559340,c.1217G>A,deleterious,0.01
LDLR,NM_000527.5,ENST00000558518,c.2483A>C,deleterious,0.0
LDLR,NM_000527.5,ENST00000557933,c.2389G>A,tolerated,0.14
LDLR,NM_000527.5,ENST00000559340,c.2289G>T,deleterious,0.01
LDLR,NM_000527.5,ENST00000557933,c.2140G>C,tolerated,0.26
LDLR,NM_000527.5,ENST00000557933,c.2030G>T,deleterious,0.0
LDLR,NM_000527.5,ENST00000557933,c.2029T>C,deleterious,0.0
LDLR,NM_000527.5,ENST00000557933,c.1955T>C,deleterious,0.0
LDLR,NM_000527.5,ENST00000557933,c.1897C>T,deleterious,0.0
LDLR,NM_000527.5,ENST00000557933,c.1880C>A,deleterious,0.0
LDLR,NM_000527.5,ENST00000557933,c.1814T>C,deleterious,0.0
LDLR,NM_000527.5,ENST00000559340,c.1745T>C,tolerated,0.33
LDLR,NM_000527.5,ENST00000557933,c.1735G>T,deleterious,0.0
LDLR,NM_000527.5,ENST00000559340,c.1694G>C,deleterious,0.0
LDLR,NM_000527.5,ENST00000559340,c.1618G>A,deleterious,0.0
LDLR,NM_000527.5,ENST00000559340,c.1330T>C,deleterious,0.0
LDLR,NM_000527.5,ENST00000559340,c.1285G>C,deleterious,0.0
LDLR,NM_000527.5,ENST00000559340,c.1217G>C,deleterious,0.0
LDLR,NM_000527.5,ENST00000559340,c.1216C>T,deleterious,0.0
LDLR,NM_000527.5,ENST00000559340,c.1073G>A,deleterious,0.0
LDLR,NM_000527.5,ENST00000559340,c.1066G>T,deleterious,0.0
LDLR,NM_000527.5,ENST00000559340,c.986G>A,deleterious,0.0
LDLR,NM_000527.5,ENST00000559340,c.1049G>C,deleterious,0.0
LDLR,NM_000527.5,ENST00000559340,c.938G>A,deleterious,0.0
LDLR,NM_000527.5,ENST00000559340,c.917C>T,deleterious,0.0
LDLR,NM_000527.5,ENST00000559340,c.912C>G,deleterious,0.0
LDLR,NM_000527.5,ENST00000559340,c.796G>A,deleterious,0.01
LDLR,NM_000527.5,ENST00000559340,c.664T>C,deleterious,0.0
LDLR,NM_000527.5,ENST00000559340,c.661G>A,deleterious,0.0
LDLR,NM_000527.5,ENST00000559340,c.533A>T,deleterious,0.0
LDLR,NM_000527.5,ENST00000559340,c.427T>G,deleterious,0.0
LDLR,NM_000527.5,ENST00000559340,c.417C>G,deleterious,0.0
LDLR,NM_000527.5,ENST00000559340,c.400T>C,deleterious,0.0
LDLR,NM_000527.5,ENST00000559340,c.326G>A,deleterious,0.0
LDLR,NM_000527.5,ENST00000559340,c.311G>A,deleterious,0.0
LDLR,NM_000527.5,ENST00000559340,c.269A>G,deleterious,0.0
LDLR,NM_000527.5,ENST00000559340,c.266G>A,deleterious,0.0
LDLR,NM_000527.5,ENST00000559340,c.224G>A,deleterious,0.0
LDLR,NM_000527.5,ENST00000559340,c.81C>G,deleterious,0.0
LDLR,NM_000527.5,ENST00000559340,c.1252G>A,deleterious,0.0
LDLR,NM_000527.5,ENST00000559340,c.1691A>G,deleterious,0.01
LDLR,NM_000527.5,ENST00000557933,c.2098G>A,deleterious,0.01
LDLR,NM_000527.5,ENST00000557933,c.1747C>T,deleterious,0.0
LDLR,NM_000527.5,ENST00000559340,c.718G>A,deleterious,0.0
LDLR,NM_000527.5,ENST00000559340,c.590G>A,deleterious,0.0
LDLR,NM_000527.5,ENST00000559340,c.1171G>A,tolerated,0.63
LDLR,NM_000527.5,ENST00000559340,c.502G>A,deleterious,0.01
LDLR,NM_000527.5,ENST00000558518,c.2398G>A,tolerated,0.41
LDLR,NM_000527.5,ENST00000557933,c.1951G>A,deleterious,0.01
LDLR,NM_000527.5,ENST00000557933,c.1784G>A,deleterious,0.0
LDLR,NM_000527.5,ENST00000559340,c.1747C>G,tolerated,0.33
LDLR,NM_000527.5,ENST00000559340,c.1414G>T,deleterious,0.01
LDLR,NM_000527.5,ENST00000559340,c.1246C>T,deleterious,0.0
LDLR,NM_000527.5,ENST00000559340,c.1133A>C,deleterious,0.0
LDLR,NM_000527.5,ENST00000559340,c.1027G>A,deleterious,0.0
LDLR,NM_000527.5,ENST00000559340,c.1003G>A,deleterious,0.01
LDLR,NM_000527.5,ENST00000559340,c.846C>A,deleterious,0.01
LDLR,NM_000527.5,ENST00000559340,c.665G>A,deleterious,0.0
LDLR,NM_000527.5,ENST00000559340,c.662A>G,deleterious,0.0
LDLR,NM_000527.5,ENST00000559340,c.589T>C,deleterious,0.0
LDLR,NM_000527.5,ENST00000559340,c.542C>G,deleterious,0.0
LDLR,NM_000527.5,ENST00000559340,c.352G>T,deleterious,0.0
LDLR,NM_000527.5,ENST00000559340,c.241C>T,deleterious,0.0
LDLR,NM_000527.5,ENST00000559340,c.1468T>C,deleterious,0.0
LDLR,NM_000527.5,ENST00000557933,c.1783C>T,deleterious,0.0
LDLR,NM_000527.5,ENST00000559340,c.798T>A,deleterious,0.0
LDLR,NM_000527.5,ENST00000559340,c.1474G>A,deleterious,0.0
LDLR,NM_000527.5,ENST00000559340,c.1444G>A,deleterious,0.0
LDLR,NM_000527.5,ENST00000559340,c.806G>A,tolerated,0.14
LDLR,NM_000527.5,ENST00000559340,c.1432G>A,deleterious,0.0
LDLR,NM_000527.5,ENST00000559340,c.1238C>T,deleterious,0.0
LDLR,NM_000527.5,ENST00000559340,c.1024G>A,tolerated,0.35
LDLR,NM_000527.5,ENST00000559340,c.58G>A,tolerated_low_confidence,0.4
LDLR,NM_000527.5,ENST00000559340,c.1775G>A,tolerated,1.0
LDLR,NM_000527.5,ENST00000559340,c.862G>A,deleterious,0.0
LDLR,NM_000527.5,ENST00000559340,c.1201C>G,deleterious,0.0
LDLR,NM_000527.5,ENST00000559340,c.301G>A,deleterious,0.0
LDLR,NM_000527.5,ENST00000558518,c.2475C>G,deleterious,0.0
LDLR,NM_000527.5,ENST00000559340,c.970G>A,deleterious,0.02
LDLR,NM_000527.5,ENST00000557933,c.2231G>A,tolerated,0.43
LDLR,NM_000527.5,ENST00000559340,c.362G>A,deleterious,0.0
LDLR,NM_000527.5,ENST00000557933,c.2177C>T,deleterious,0.05
LDLR,NM_000527.5,ENST00000559340,c.1291G>C,deleterious,0.0
LDLR,NM_000527.5,ENST00000559340,c.1222G>A,deleterious,0.0
LDLR,NM_000527.5,ENST00000559340,c.1055G>A,deleterious,0.0
LDLR,NM_000527.5,ENST00000559340,c.326G>C,deleterious,0.0
LDLR,NM_000527.5,ENST00000559340,c.137G>C,deleterious,0.0
LDLR,NM_000527.5,ENST00000559340,c.782G>T,deleterious,0.0
LDLR,NM_000527.5,ENST00000559340,c.551G>A,deleterious,0.0
LDLR,NM_000527.5,ENST00000558518,c.2531G>A,deleterious,0.0
LDLR,NM_000527.5,ENST00000559340,c.1297G>C,deleterious,0.0
LDLR,NM_000527.5,ENST00000559340,c.523G>A,deleterious,0.03
LDLR,NM_000527.5,ENST00000559340,c.670G>A,deleterious,0.01
LDLR,NM_000527.5,ENST00000558518,c.2483A>G,deleterious,0.0
LDLR,NM_000527.5,ENST00000557933,c.2054C>T,deleterious,0.0
LDLR,NM_000527.5,ENST00000559340,c.1646G>A,deleterious,0.0
LDLR,NM_000527.5,ENST00000559340,c.1637G>A,deleterious,0.0
LDLR,NM_000527.5,ENST00000559340,c.1567G>A,deleterious,0.0
LDLR,NM_000527.5,ENST00000559340,c.1291G>A,deleterious,0.0
LDLR,NM_000527.5,ENST00000559340,c.1285G>A,deleterious,0.0
LDLR,NM_000527.5,ENST00000559340,c.910G>A,deleterious,0.0
LDLR,NM_000527.5,ENST00000559340,c.682G>A,deleterious,0.0
LDLR,NM_000527.5,ENST00000559340,c.681C>G,deleterious,0.0
LDLR,NM_000527.5,ENST00000559340,c.2000G>A,tolerated,0.45
LDLR,NM_000527.5,ENST00000559340,c.1694G>T,deleterious,0.0
LDLR,NM_000527.5,ENST00000559340,c.530C>T,deleterious,0.0
LDLR,NM_000527.5,ENST00000559340,c.259T>G,deleterious,0.0
LDLR,NM_000527.5,ENST00000559340,c.44T>C,tolerated_low_confidence,0.21
LDLR,NM_000527.5,ENST00000559340,c.28T>A,deleterious_low_confidence,0.0
LDLR,NM_000527.5,ENST00000559340,c.1A>C,deleterious_low_confidence,0.0
FANCD2,NM_001018115.3,ENST00000287647,c.2702G>T,deleterious,0.03
FANCD2,NM_001018115.3,ENST00000287647,c.2141C>T,tolerated,0.28
MITF,NM_000248.4,ENST00000687384,c.1A>G,deleterious_low_confidence,0.0
CFTR,NM_000492.4,ENST00000699598,c.3181G>C,deleterious_low_confidence,0.0
CFTR,NM_000492.4,ENST00000699598,c.3194T>C,deleterious_low_confidence,0.0
CFTR,NM_000492.4,ENST00000699598,c.1647T>A,deleterious_low_confidence,0.0
CFTR,NM_000492.4,ENST00000699598,c.1647T>G,deleterious_low_confidence,0.0
CFTR,NM_000492.4,ENST00000699596,c.172G>A,deleterious_low_confidence,0.0
NBN,NM_002485.5,ENST00000697292,c.1882G>A,tolerated,0.9
BRCA1,NM_007294.4,ENST00000357654,c.3995G>A,tolerated,1.0
BRCA1,NM_007294.4,ENST00000497488,c.3935C>G,tolerated,0.1
BRCA1,NM_007294.4,ENST00000357654,c.4081A>C,deleterious,0.02
BRCA1,NM_007294.4,ENST00000357654,c.4046C>T,deleterious,0.02
BRCA1,NM_007294.4,ENST00000497488,c.3432G>T,deleterious,0.05
RAD54L,NM_003579.4,ENST00000442598,c.2063G>A,tolerated,0.45
MLH1,NM_000249.4,ENST00000673673,c.1667G>C,tolerated,0.09
MLH1,NM_000249.4,ENST00000673673,c.803A>G,deleterious,0.0
MLH1,NM_000249.4,ENST00000673673,c.677G>T,deleterious,0.02
MLH1,NM_000249.4,ENST00000616768,c.1820T>A,deleterious,0.0
MLH1,NM_000249.4,ENST00000673673,c.1321G>A,tolerated,0.32
MLH1,NM_000249.4,ENST00000673673,c.1040C>A,deleterious,0.02
MRE11,NM_005591.4,ENST00000323929,c.1780A>G,tolerated,0.17
MRE11,NM_005591.4,ENST00000323929,c.1002C>G,tolerated,0.28
MRE11,NM_005591.4,ENST00000323929,c.2092A>G,tolerated_low_confidence,0.1
MRE11,NM_005591.4,ENST00000323929,c.121G>A,tolerated,0.26
MSH2,NM_000251.3,ENST00000713867,c.2012A>T,deleterious,0.0
MSH2,NM_000251.3,ENST00000543555,c.505A>G,tolerated,0.14
MSH2,NM_000251.3,ENST00000713867,c.1255C>A,tolerated,0.31
MSH2,NM_000251.3,ENST00000713867,c.815C>T,deleterious,0.02
MSH2,NM_000251.3,ENST00000713867,c.1730T>C,deleterious,0.0
MSH6,NM_000179.3,ENST00000234420,c.3986C>T,deleterious,0.03
MSH6,NM_000179.3,ENST00000652107,c.2398G>C,tolerated,0.25
MSH6,NM_000179.3,ENST00000652107,c.2117T>C,tolerated,0.27
MUTYH,NM_001048174.2,ENST00000713750,c.1517G>A,tolerated,0.41
MYO7A,NM_000260.4,ENST00000409709,c.3476G>T,deleterious_low_confidence,0.0
NBN,NM_002485.5,ENST00000697292,c.797C>T,deleterious,0.0
NBN,NM_002485.5,ENST00000697292,c.553G>C,tolerated,1.0
NBN,NM_002485.5,ENST00000697292,c.2146A>G,deleterious,0.02
NBN,NM_002485.5,ENST00000697292,c.1489A>G,tolerated,0.43
NBN,NM_002485.5,ENST00000697292,c.1222A>G,tolerated,0.22
PALB2,NM_024675.4,ENST00000566069,c.974T>A,tolerated,1.0
PALB2,NM_024675.4,ENST00000566069,c.2724A>C,deleterious,0.01
PALB2,NM_024675.4,ENST00000566069,c.2925G>C,deleterious,0.0
PALB2,NM_024675.4,ENST00000566069,c.2159C>T,tolerated,0.11
PALB2,NM_024675.4,ENST00000566069,c.3096G>T,deleterious,0.01
PALB2,NM_024675.4,ENST00000261584,c.3373G>A,deleterious,0.03
PALB2,NM_024675.4,ENST00000566069,c.3101A>T,deleterious,0.0
PALB2,NM_024675.4,ENST00000261584,c.3406A>G,tolerated,0.09
PALB2,NM_024675.4,ENST00000566069,c.970A>G,tolerated,1.0
PALB2,NM_024675.4,ENST00000566069,c.590C>G,tolerated,0.2
PALB2,NM_024675.4,ENST00000566069,c.282A>C,deleterious,0.03
PALB2,NM_024675.4,ENST00000566069,c.1982C>T,tolerated,0.16
PALB2,NM_024675.4,ENST00000566069,c.1565C>A,deleterious,0.01
PALB2,NM_024675.4,ENST00000566069,c.1304T>C,tolerated,0.18
PALB2,NM_024675.4,ENST00000261584,c.3287A>C,deleterious,0.0
PALB2,NM_024675.4,ENST00000566069,c.3293A>C,deleterious,0.0
PALB2,NM_024675.4,ENST00000566069,c.3113G>C,deleterious,0.0
PALB2,NM_024675.4,ENST00000566069,c.3G>T,deleterious,0.0
PALB2,NM_024675.4,ENST00000566069,c.933A>C,tolerated,0.07
PALB2,NM_024675.4,ENST00000261584,c.3354C>T,tolerated_low_confidence,0.08
PALB2,NM_024675.4,ENST00000566069,c.2T>G,deleterious,0.0
PALB2,NM_024675.4,ENST00000566069,c.2842T>C,tolerated,1.0
PALB2,NM_024675.4,ENST00000566069,c.2561A>T,deleterious,0.0
PALB2,NM_024675.4,ENST00000566069,c.2255G>T,deleterious,0.01
PALB2,NM_024675.4,ENST00000566069,c.2222G>C,tolerated,1.0
PALB2,NM_024675.4,ENST00000566069,c.1A>C,deleterious,0.0
PALB2,NM_024675.4,ENST00000566069,c.1513G>A,tolerated,1.0
PALB2,NM_024675.4,ENST00000566069,c.653A>G,tolerated,0.34
PALB2,NM_024675.4,ENST00000566069,c.47A>C,deleterious,0.0
PALB2,NM_024675.4,ENST00000566069,c.942A>C,deleterious,0.05
PALB2,NM_024675.4,ENST00000566069,c.1819C>G,deleterious,0.02
PALB2,NM_024675.4,ENST00000566069,c.1338T>G,tolerated,1.0
PALB2,NM_024675.4,ENST00000566069,c.1265A>C,tolerated,0.13
PALB2,NM_024675.4,ENST00000566069,c.2942G>A,tolerated,0.14
PALB2,NM_024675.4,ENST00000566069,c.3091A>G,tolerated,0.78
PALB2,NM_024675.4,ENST00000566069,c.3G>A,deleterious,0.0
PALB2,NM_024675.4,ENST00000566069,c.1A>G,deleterious,0.0
PALB2,NM_024675.4,ENST00000566069,c.2T>C,deleterious,0.0
PALB2,NM_024675.4,ENST00000261584,c.3350G>A,deleterious,0.0
PALB2,NM_024675.4,ENST00000566069,c.2027T>C,tolerated,0.29
PALB2,NM_024675.4,ENST00000566069,c.925A>G,tolerated,1.0
PALB2,NM_024675.4,ENST00000566069,c.721A>G,tolerated,0.17
PALB2,NM_024675.4,ENST00000261584,c.3249G>C,deleterious,0.01
PALB2,NM_024675.4,ENST00000566069,c.3054G>C,deleterious,0.01
PALB2,NM_024675.4,ENST00000566069,c.2993G>A,deleterious,0.01
PALB2,NM_024675.4,ENST00000566069,c.2794G>A,deleterious,0.0
PALB2,NM_024675.4,ENST00000566069,c.2590C>T,deleterious,0.04
PALB2,NM_024675.4,ENST00000566069,c.2135C>T,tolerated,0.21
PALB2,NM_024675.4,ENST00000566069,c.2014G>C,tolerated,0.05
PALB2,NM_024675.4,ENST00000566069,c.1676A>G,tolerated,0.73
PIK3CA,NM_006218.4,ENST00000263967,c.1035T>A,deleterious,0.0
PIK3CA,NM_006218.4,ENST00000263967,c.3139C>T,tolerated,0.99
PMS1,NM_000534.5,ENST00000441310,c.1609G>A,tolerated,0.08
PMS1,NM_000534.5,ENST00000618056,c.605G>A,deleterious,0.0
PMS2,NM_000535.7,ENST00000265849,c.903G>T,deleterious,0.02
PMS2,NM_000535.7,ENST00000265849,c.52A>G,deleterious,0.0
POLD1,NM_002691.4,ENST00000600859,c.88C>T,tolerated_low_confidence,0.14
PRSS1,NM_002769.5,ENST00000486171,c.127T>G,tolerated_low_confidence,0.25
PRSS1,NM_002769.5,ENST00000492062,c.557T>C,tolerated_low_confidence,0.86
PRSS1,NM_002769.5,ENST00000492062,c.468C>A,tolerated_low_confidence,0.21
PRSS1,NM_002769.5,ENST00000486171,c.391G>T,deleterious_low_confidence,0.0
PRSS1,NM_002769.5,ENST00000311737,c.625C>G,tolerated_low_confidence,0.89
PRSS1,NM_002769.5,ENST00000486171,c.22A>G,tolerated_low_confidence,1.0
PRSS1,NM_002769.5,ENST00000492062,c.698A>G,deleterious_low_confidence,0.01
PRSS1,NM_002769.5,ENST00000492062,c.412A>G,tolerated_low_confidence,0.52
PRSS1,NM_002769.5,ENST00000492062,c.403A>G,tolerated_low_confidence,1.0
PRSS1,NM_002769.5,ENST00000486171,c.32C>G,tolerated_low_confidence,1.0
PRSS1,NM_002769.5,ENST00000492062,c.292C>A,tolerated_low_confidence,1.0
PRSS1,NM_002769.5,ENST00000486171,c.116T>C,tolerated_low_confidence,0.09
PRSS1,NM_002769.5,ENST00000486171,c.49C>T,tolerated_low_confidence,0.1
PRSS1,NM_002769.5,ENST00000486171,c.617G>C,deleterious_low_confidence,0.0
PRSS1,NM_002769.5,ENST00000486171,c.652G>T,deleterious_low_confidence,0.05
PRSS1,NM_002769.5,ENST00000486171,c.542G>A,deleterious_low_confidence,0.0
PRSS1,NM_002769.5,ENST00000486171,c.146G>T,deleterious_low_confidence,0.01
PRSS1,NM_002769.5,ENST00000486171,c.637G>A,deleterious_low_confidence,0.0
PRSS1,NM_002769.5,ENST00000486171,c.86A>C,tolerated_low_confidence,1.0
PRSS1,NM_002769.5,ENST00000492062,c.346C>T,deleterious_low_confidence,0.0
PRSS1,NM_002769.5,ENST00000492062,c.364C>T,tolerated_low_confidence,0.05
PRSS1,NM_002769.5,ENST00000486171,c.161A>G,tolerated_low_confidence,0.95
PRSS1,NM_002769.5,ENST00000486171,c.68A>G,deleterious_low_confidence,0.01
PRSS1,NM_002769.5,ENST00000486171,c.86A>T,deleterious_low_confidence,0.02
PRSS1,NM_002769.5,ENST00000492062,c.365G>A,tolerated_low_confidence,0.36
PTCH1,NM_000264.5,ENST00000331920,c.3394T>C,deleterious_low_confidence,0.0
PTEN,NM_000314.8,ENST00000688308,c.1078A>G,tolerated,0.07
PTEN,NM_000314.8,ENST00000688308,c.892C>G,tolerated,0.58
RAD50,NM_005732.4,ENST00000416135,c.1A>G,deleterious,0.04
RAD50,NM_005732.4,ENST00000416135,c.3G>A,deleterious,0.04
RAD50,NM_005732.4,ENST00000533482,c.280A>C,tolerated,0.16
RAD50,NM_005732.4,ENST00000378823,c.572C>T,deleterious,0.04
RAD51B,NM_133510.4,ENST00000471583,c.748T>G,deleterious,0.02
RAD51B,NM_133510.4,ENST00000471583,c.728A>G,deleterious,0.01
RAD51B,NM_133510.4,ENST00000479335,c.523A>C,deleterious,0.0
RAD51B,NM_133510.4,ENST00000471583,c.476G>A,deleterious,0.0
RAD51B,NM_133510.4,ENST00000471583,c.515T>G,tolerated,0.19
RAD51B,NM_133509.5,ENST00000487270,c.1121T>C,tolerated_low_confidence,0.16
RAD51B,NM_133509.5,ENST00000487270,c.1094C>G,tolerated_low_confidence,0.1
RAD51C,NM_058216.3,ENST00000583539,c.394A>C,deleterious,0.0
RAD51C,NM_058216.3,ENST00000583539,c.404G>A,deleterious,0.0
RAD51C,NM_058216.3,ENST00000583539,c.376G>A,tolerated,0.09
RAD51C,NM_058216.3,ENST00000583539,c.859A>G,deleterious,0.0
RAD51C,NM_058216.3,ENST00000583539,c.414G>C,deleterious,0.0
RAD51C,NM_058216.3,ENST00000583539,c.374G>T,deleterious,0.0
RAD51C,NM_058216.3,ENST00000583539,c.773G>A,deleterious,0.0
RAD51D,NM_002878.4,ENST00000345365,c.620C>T,deleterious,0.0
RAD51D,NM_002878.4,ENST00000345365,c.698A>G,deleterious,0.0
RAD51D,NM_002878.4,ENST00000345365,c.695G>A,tolerated,0.31
RAD54L,NM_003579.4,ENST00000442598,c.1748T>C,deleterious,0.0
RAD54L,NM_003579.4,ENST00000442598,c.1600C>T,deleterious,0.0
RAD54L,NM_003579.4,ENST00000442598,c.767A>T,tolerated,0.29
RAD54L,NM_003579.4,ENST00000442598,c.62A>G,tolerated,0.08
RECQL,NM_002907.4,ENST00000444129,c.1088A>G,deleterious,0.02
RET,NM_020975.6,ENST00000713926,c.2372A>T,deleterious,0.0
SCNN1A,NM_001038.6,ENST00000228916,c.1477T>C,deleterious,0.0
SCNN1B,NM_000336.3,ENST00000343070,c.800C>T,deleterious,0.01
SCNN1G,NM_001039.4,ENST00000300061,c.589G>A,tolerated,0.47
SCNN1G,NM_001039.4,ENST00000300061,c.547G>A,tolerated,0.95
SERPINA1,NM_001127701.1,ENST00000393087,c.863A>T,deleterious,0.0
SPG7,NM_003119.4,ENST00000644225,c.2014G>A,deleterious_low_confidence,0.0
SPINK1,NM_001379610.1,ENST00000296695,c.85G>A,tolerated,0.65
SPINK1,NM_001379610.1,ENST00000296695,c.105A>T,tolerated,0.53
SPINK1,NM_001379610.1,ENST00000296695,c.211A>G,tolerated,1.0
SPINK1,NM_001379610.1,ENST00000296695,c.221A>G,tolerated,0.51
SPINK1,NM_001379610.1,ENST00000296695,c.65G>C,tolerated,0.5
SPINK1,NM_001379610.1,ENST00000296695,c.64G>A,tolerated,1.0
SPINK1,NM_001379610.1,ENST00000296695,c.110A>G,tolerated,0.97
SPINK1,NM_001379610.1,ENST00000296695,c.36G>C,deleterious,0.01
SPINK1,NM_001379610.1,ENST00000296695,c.163C>T,tolerated,1.0
TGFB1,NM_000660.7,ENST00000221930,c.29C>T,tolerated,0.62
TP53,NM_000546.6,ENST00000413465,c.337T>C,deleterious,0.0
TP53,NM_000546.6,ENST00000413465,c.440T>G,deleterious,0.0
TP53,NM_000546.6,ENST00000413465,c.635T>C,tolerated,0.4
TP53,NM_000546.6,ENST00000635293,c.1067G>A,deleterious_low_confidence,0.0
TP53,NM_000546.6,ENST00000413465,c.227C>G,tolerated,0.4
TP53,NM_000546.6,ENST00000359597,c.1029G>T,deleterious_low_confidence,0.0
TP53,NM_000546.6,ENST00000413465,c.820G>A,deleterious_low_confidence,0.0
TP53,NM_000546.6,ENST00000413465,c.218T>A,tolerated,1.0
TP53,NM_000546.6,ENST00000413465,c.280T>G,tolerated,0.21
TP53,NM_000546.6,ENST00000413465,c.612G>C,tolerated,0.2
TP53,NM_000546.6,ENST00000413465,c.577C>A,deleterious,0.0
TP53,NM_000546.6,ENST00000610292,c.1061A>C,deleterious,0.0
TP53,NM_000546.6,ENST00000635293,c.956A>C,deleterious,0.02
TP53,NM_000546.6,ENST00000359597,c.905G>C,tolerated,0.09
TP53,NM_000546.6,ENST00000610292,c.1004G>T,deleterious,0.01
TP53,NM_000546.6,ENST00000413465,c.503A>C,deleterious,0.0
TP53,NM_000546.6,ENST00000413465,c.547T>C,tolerated,0.2
TP53,NM_000546.6,ENST00000622645,c.1020G>C,deleterious,0.0
TP53,NM_000546.6,ENST00000413465,c.629A>G,tolerated,0.2
TP53,NM_000546.6,ENST00000610292,c.1061A>T,deleterious,0.0
TP53,NM_000546.6,ENST00000635293,c.812A>T,tolerated,0.1
TP53,NM_000546.6,ENST00000413465,c.143A>G,tolerated,0.24
TP53,NM_000546.6,ENST00000413465,c.339C>G,deleterious,0.0
TP53,NM_000546.6,ENST00000610538,c.1040C>G,tolerated,0.08
TP53,NM_000546.6,ENST00000413465,c.325T>A,deleterious,0.0
TP53,NM_000546.6,ENST00000455263,c.1159A>C,tolerated,0.16
TP53,NM_000546.6,ENST00000455263,c.1023C>G,tolerated,0.2
TP53,NM_000546.6,ENST00000413465,c.682G>T,deleterious,0.0
TP53,NM_000546.6,ENST00000359597,c.972T>A,tolerated,0.27
TP53,NM_000546.6,ENST00000635293,c.1006G>C,deleterious_low_confidence,0.0
TP53,NM_000546.6,ENST00000359597,c.938G>A,tolerated,0.12
TP53,NM_000546.6,ENST00000413465,c.11C>A,tolerated,0.1
TP53,NM_000546.6,ENST00000413465,c.339C>A,deleterious,0.0
TP53,NM_000546.6,ENST00000714357,c.1123C>A,tolerated,0.66
TP53,NM_000546.6,ENST00000714357,c.1121G>T,deleterious,0.01
TP53,NM_000546.6,ENST00000413465,c.281C>T,deleterious,0.0
TP53,NM_000546.6,ENST00000413465,c.23C>G,tolerated,0.55
TP53,NM_000546.6,ENST00000413465,c.196A>G,tolerated,0.94
TP53,NM_000546.6,ENST00000635293,c.1063G>A,tolerated_low_confidence,0.11
TP53,NM_000546.6,ENST00000413465,c.172C>G,tolerated,0.94
TP53,NM_000546.6,ENST00000413465,c.170A>T,tolerated,0.12
TP53,NM_000546.6,ENST00000635293,c.1046A>G,deleterious_low_confidence,0.0
TP53,NM_000546.6,ENST00000455263,c.995T>A,deleterious,0.0
TP53,NM_000546.6,ENST00000413465,c.94C>G,tolerated,0.18
TP53,NM_000546.6,ENST00000359597,c.935C>A,deleterious,0.02
TP53,NM_000546.6,ENST00000635293,c.929A>G,deleterious,0.0
TP53,NM_000546.6,ENST00000359597,c.899C>T,deleterious,0.05
TP53,NM_000546.6,ENST00000413465,c.799C>G,tolerated_low_confidence,0.53
TP53,NM_000546.6,ENST00000413465,c.761T>C,deleterious,0.0
TP53,NM_000546.6,ENST00000622645,c.1020G>T,deleterious,0.01
TP53,NM_000546.6,ENST00000413465,c.738G>C,deleterious,0.0
TP53,NM_000546.6,ENST00000413465,c.711G>C,deleterious,0.02
TP53,NM_000546.6,ENST00000413465,c.653T>A,deleterious,0.0
TP53,NM_000546.6,ENST00000413465,c.622G>A,deleterious,0.05
TP53,NM_000546.6,ENST00000413465,c.555C>G,tolerated,0.1
TP53,NM_000546.6,ENST00000413465,c.512A>G,deleterious,0.0
TP53,NM_000546.6,ENST00000413465,c.503A>T,deleterious,0.02
TP53,NM_000546.6,ENST00000635293,c.1177G>T,deleterious_low_confidence,0.0
TP53,NM_000546.6,ENST00000714357,c.1164A>T,tolerated,0.06
TP53,NM_000546.6,ENST00000420246,c.1162G>C,deleterious,0.03
TP53,NM_000546.6,ENST00000413465,c.386C>A,tolerated,1.0
TP53,NM_000546.6,ENST00000455263,c.1155C>A,tolerated,0.4
TP53,NM_000546.6,ENST00000413465,c.751A>T,deleterious,0.0
TP53,NM_000546.6,ENST00000413465,c.337T>A,deleterious,0.0
TP53,NM_000546.6,ENST00000635293,c.866T>C,deleterious,0.0
TP53,NM_000546.6,ENST00000413465,c.472C>A,deleterious,0.0
TP53,NM_000546.6,ENST00000413465,c.476C>A,deleterious,0.0
TP53,NM_000546.6,ENST00000413465,c.576G>C,tolerated,0.1
TP53,NM_000546.6,ENST00000413465,c.721T>A,deleterious,0.0
TP53,NM_000546.6,ENST00000413465,c.794T>A,deleterious_low_confidence,0.0
TP53,NM_000546.6,ENST00000413465,c.534C>G,deleterious,0.0
TP53,NM_000546.6,ENST00000413465,c.379T>C,deleterious,0.0
TP53,NM_000546.6,ENST00000413465,c.470T>G,deleterious,0.0
TP53,NM_000546.6,ENST00000413465,c.761T>A,deleterious,0.0
TP53,NM_000546.6,ENST00000413465,c.472C>G,deleterious,0.0
TP53,NM_000546.6,ENST00000413465,c.695T>A,deleterious,0.0
TP53,NM_000546.6,ENST00000359597,c.788A>G,tolerated,0.17
TP53,NM_000546.6,ENST00000413465,c.757A>G,tolerated,0.08
TP53,NM_000546.6,ENST00000413465,c.542G>C,deleterious,0.0
TP53,NM_000546.6,ENST00000413465,c.455C>G,deleterious,0.0
TP53,NM_000546.6,ENST00000413465,c.389T>A,deleterious,0.0
TP53,NM_000546.6,ENST00000413465,c.85A>G,tolerated,0.38
TP53,NM_000546.6,ENST00000413465,c.265C>A,tolerated,1.0
TP53,NM_000546.6,ENST00000413465,c.176G>A,tolerated,0.42
TP53,NM_000546.6,ENST00000413465,c.428T>C,deleterious,0.0
TP53,NM_000546.6,ENST00000413465,c.380C>A,deleterious,0.0
TP53,NM_000546.6,ENST00000413465,c.326T>G,deleterious,0.0
TP53,NM_000546.6,ENST00000413465,c.396G>T,deleterious,0.0
TP53,NM_000546.6,ENST00000413465,c.711G>T,deleterious,0.02
TP53,NM_000546.6,ENST00000413465,c.467G>C,tolerated,0.2
TP53,NM_000546.6,ENST00000413465,c.695T>G,deleterious,0.0
TP53,NM_000546.6,ENST00000359597,c.840A>C,deleterious,0.02
TP53,NM_000546.6,ENST00000413465,c.338T>G,deleterious,0.0
TP53,NM_000546.6,ENST00000413465,c.817C>G,deleterious_low_confidence,0.0
TP53,NM_000546.6,ENST00000413465,c.718A>G,deleterious,0.0
TP53,NM_000546.6,ENST00000413465,c.534C>A,deleterious,0.0
TP53,NM_000546.6,ENST00000413465,c.814G>C,deleterious_low_confidence,0.0
TP53,NM_000546.6,ENST00000413465,c.473G>T,deleterious,0.0
TP53,NM_000546.6,ENST00000413465,c.21T>G,tolerated,0.49
TP53,NM_000546.6,ENST00000359597,c.825T>G,deleterious,0.0
TP53,NM_000546.6,ENST00000635293,c.1153T>C,tolerated_low_confidence,0.71
TP53,NM_000546.6,ENST00000413465,c.532C>G,deleterious,0.0
TP53,NM_000546.6,ENST00000413465,c.738G>A,deleterious,0.0
TP53,NM_000546.6,ENST00000413465,c.400T>A,deleterious,0.0
TP53,NM_000546.6,ENST00000413465,c.737T>A,deleterious,0.0
TP53,NM_000546.6,ENST00000413465,c.796G>A,tolerated_low_confidence,0.6
TP53,NM_000546.6,ENST00000413465,c.731G>C,deleterious,0.0
TP53,NM_000546.6,ENST00000413465,c.530C>G,deleterious,0.02
TP53,NM_000546.6,ENST00000413465,c.476C>T,deleterious,0.0
TP53,NM_000546.6,ENST00000413465,c.596G>T,deleterious,0.0
TP53,NM_000546.6,ENST00000413465,c.392A>T,deleterious,0.01
TP53,NM_000546.6,ENST00000413465,c.313G>A,tolerated,0.07
TP53,NM_000546.6,ENST00000359597,c.930C>G,tolerated,0.7
TP53,NM_000546.6,ENST00000714356,c.1000G>T,deleterious_low_confidence,0.0
TP53,NM_000546.6,ENST00000413465,c.389T>C,deleterious,0.0
TP53,NM_000546.6,ENST00000359597,c.883C>T,tolerated,0.37
TP53,NM_000546.6,ENST00000413465,c.521G>A,tolerated,0.45
TP53,NM_000546.6,ENST00000413465,c.749C>T,deleterious,0.0
TP53,NM_000546.6,ENST00000635293,c.853G>A,deleterious,0.04
TP53,NM_000546.6,ENST00000413465,c.569C>T,deleterious,0.0
TP53,NM_000546.6,ENST00000413465,c.760A>G,deleterious,0.0
TP53,NM_000546.6,ENST00000413465,c.556G>A,tolerated,0.19
TP53,NM_000546.6,ENST00000413465,c.329G>T,tolerated,0.08
TP53,NM_000546.6,ENST00000413465,c.537T>A,deleterious,0.02
TP53,NM_000546.6,ENST00000635293,c.875A>G,deleterious,0.03
TP53,NM_000546.6,ENST00000635293,c.1151T>C,deleterious_low_confidence,0.0
TP53,NM_000546.6,ENST00000413465,c.313G>C,deleterious,0.0
TP53,NM_000546.6,ENST00000359597,c.843C>A,deleterious,0.03
TP53,NM_000546.6,ENST00000413465,c.464C>A,deleterious,0.01
TP53,NM_000546.6,ENST00000413465,c.700T>A,deleterious,0.0
TP53,NM_000546.6,ENST00000413465,c.700T>C,deleterious,0.0
TP53,NM_000546.6,ENST00000413465,c.658T>C,deleterious,0.0
TP53,NM_000546.6,ENST00000413465,c.613T>G,deleterious,0.0
TP53,NM_000546.6,ENST00000413465,c.613T>C,deleterious,0.0
TP53,NM_000546.6,ENST00000413465,c.614A>G,deleterious,0.0
TP53,NM_000546.6,ENST00000413465,c.517G>T,deleterious,0.0
TP53,NM_000546.6,ENST00000413465,c.374C>G,deleterious,0.01
TP53,NM_000546.6,ENST00000413465,c.721T>G,deleterious,0.0
TP53,NM_000546.6,ENST00000413465,c.722C>A,deleterious,0.0
TP53,NM_000546.6,ENST00000359597,c.845G>C,deleterious,0.0
TP53,NM_000546.6,ENST00000413465,c.817C>A,deleterious_low_confidence,0.0
TP53,NM_000546.6,ENST00000359597,c.818G>T,deleterious,0.0
TP53,NM_000546.6,ENST00000413465,c.742C>G,deleterious,0.0
TP53,NM_000546.6,ENST00000413465,c.523C>G,deleterious,0.0
TP53,NM_000546.6,ENST00000635293,c.832C>A,tolerated,0.82
TP53,NM_000546.6,ENST00000359597,c.832C>T,deleterious,0.02
TP53,NM_000546.6,ENST00000413465,c.451C>G,deleterious,0.0
TP53,NM_000546.6,ENST00000413465,c.452C>G,deleterious,0.0
TP53,NM_000546.6,ENST00000413465,c.716A>G,deleterious,0.02
TP53,NM_000546.6,ENST00000413465,c.710T>A,deleterious,0.0
TP53,NM_000546.6,ENST00000413465,c.395A>G,deleterious,0.0
TP53,NM_000546.6,ENST00000413465,c.396G>C,deleterious,0.0
TP53,NM_000546.6,ENST00000413465,c.641A>G,deleterious,0.01
TP53,NM_000546.6,ENST00000413465,c.578A>C,deleterious,0.0
TP53,NM_000546.6,ENST00000413465,c.535C>G,deleterious,0.0
TP53,NM_000546.6,ENST00000413465,c.537T>G,deleterious,0.02
TP53,NM_000546.6,ENST00000413465,c.796G>C,tolerated_low_confidence,0.14
TP53,NM_000546.6,ENST00000413465,c.734G>T,deleterious,0.0
TP53,NM_000546.6,ENST00000413465,c.731G>T,deleterious,0.0
TP53,NM_000546.6,ENST00000413465,c.730G>A,deleterious,0.0
TP53,NM_000546.6,ENST00000413465,c.808T>G,deleterious_low_confidence,0.0
TP53,NM_000546.6,ENST00000359597,c.809T>G,deleterious,0.0
TP53,NM_000546.6,ENST00000359597,c.809T>C,deleterious,0.0
TP53,NM_000546.6,ENST00000359597,c.857A>C,deleterious,0.0
TP53,NM_000546.6,ENST00000413465,c.842A>C,deleterious_low_confidence,0.0
TP53,NM_000546.6,ENST00000359597,c.841G>C,tolerated,0.05
TP53,NM_000546.6,ENST00000359597,c.841G>A,deleterious,0.0
TP53,NM_000546.6,ENST00000359597,c.841G>T,deleterious,0.0
TP53,NM_000546.6,ENST00000413465,c.824G>T,deleterious_low_confidence,0.0
TP53,NM_000546.6,ENST00000413465,c.726C>G,deleterious,0.0
TP53,NM_000546.6,ENST00000413465,c.712T>G,deleterious,0.0
TP53,NM_000546.6,ENST00000413465,c.712T>C,deleterious,0.0
TP53,NM_000546.6,ENST00000413465,c.713G>C,deleterious,0.0
TP53,NM_000546.6,ENST00000413465,c.713G>T,deleterious,0.0
TP53,NM_000546.6,ENST00000413465,c.527G>T,deleterious,0.0
TP53,NM_000546.6,ENST00000413465,c.423C>G,deleterious,0.0
TP53,NM_000546.6,ENST00000413465,c.403T>G,deleterious,0.0
TP53,NM_000546.6,ENST00000413465,c.403T>C,deleterious,0.0
TP53,NM_000546.6,ENST00000413465,c.404G>T,deleterious,0.0
TP53,NM_000546.6,ENST00000413465,c.518T>C,deleterious,0.0
TP53,NM_000546.6,ENST00000413465,c.746G>C,deleterious,0.0
TP53,NM_000546.6,ENST00000413465,c.731G>A,deleterious,0.0
WRAP53,NM_001143992.2,ENST00000431639,c.31C>T,tolerated_low_confidence,0.08
WRAP53,NM_001143992.2,ENST00000431639,c.407C>G,tolerated,0.09
WRAP53,NM_001143992.2,ENST00000431639,c.202C>G,tolerated,0.93
TP53,NM_000546.6,ENST00000622645,c.1136G>A,tolerated,0.07
TP53,NM_000546.6,ENST00000413465,c.473G>C,deleterious,0.0
TP53,NM_000546.6,ENST00000413465,c.794T>C,deleterious_low_confidence,0.0
TP53,NM_000546.6,ENST00000413465,c.538G>A,deleterious,0.0
TP53,NM_000546.6,ENST00000413465,c.743G>C,deleterious,0.03
TP53,NM_000546.6,ENST00000413465,c.11C>T,tolerated,0.13
TP53,NM_000546.6,ENST00000635293,c.1066G>C,deleterious_low_confidence,0.0
TP53,NM_000546.6,ENST00000413465,c.517G>A,deleterious,0.01
TP53,NM_000546.6,ENST00000413465,c.329G>C,deleterious,0.03
TP53,NM_000546.6,ENST00000610538,c.1025G>A,tolerated,0.51
TP53,NM_000546.6,ENST00000359597,c.833C>T,deleterious,0.0
TP53,NM_000546.6,ENST00000413465,c.23C>T,tolerated,0.81
TP53,NM_000546.6,ENST00000635293,c.1060C>A,deleterious_low_confidence,0.0
TP53,NM_000546.6,ENST00000413465,c.28G>C,tolerated,1.0
TP53,NM_000546.6,ENST00000413465,c.638G>C,deleterious,0.0
TP53,NM_000546.6,ENST00000413465,c.587G>C,deleterious,0.0
TP53,NM_000546.6,ENST00000359597,c.818G>C,deleterious,0.0
TP53,NM_000546.6,ENST00000413465,c.779C>A,deleterious,0.01
TP53,NM_000546.6,ENST00000413465,c.187G>A,tolerated,0.26
TP53,NM_000546.6,ENST00000359597,c.949C>A,tolerated,0.82
TP53,NM_000546.6,ENST00000413465,c.480G>A,tolerated,0.16
TP53,NM_000546.6,ENST00000413465,c.401T>G,deleterious,0.0
TP53,NM_000546.6,ENST00000610538,c.1120G>C,deleterious,0.0
TP53,NM_000546.6,ENST00000413465,c.577C>T,deleterious,0.0
TP53,NM_000546.6,ENST00000413465,c.743G>T,deleterious,0.0
TP53,NM_000546.6,ENST00000413465,c.558T>A,tolerated,0.14
TP53,NM_000546.6,ENST00000413465,c.188C>G,tolerated,0.15
TP53,NM_000546.6,ENST00000413465,c.700T>G,deleterious,0.0
TP53,NM_000546.6,ENST00000413465,c.380C>G,deleterious,0.0
TP53,NM_000546.6,ENST00000359597,c.868C>T,tolerated,0.09
TP53,NM_000546.6,ENST00000359597,c.851C>T,deleterious,0.03
TP53,NM_000546.6,ENST00000413465,c.706T>C,deleterious,0.0
TP53,NM_000546.6,ENST00000413465,c.374C>A,deleterious,0.0
TP53,NM_000546.6,ENST00000413465,c.149T>C,tolerated,0.37
TP53,NM_000546.6,ENST00000622645,c.1136G>T,deleterious,0.0
TP53,NM_000546.6,ENST00000413465,c.584T>C,deleterious,0.02
TP53,NM_000546.6,ENST00000413465,c.824G>A,deleterious_low_confidence,0.0
TP53,NM_000546.6,ENST00000610538,c.1025G>C,tolerated,0.25
TP53,NM_000546.6,ENST00000635293,c.1135C>A,deleterious_low_confidence,0.04
TP53,NM_000546.6,ENST00000413465,c.527G>A,deleterious,0.0
TP53,NM_000546.6,ENST00000413465,c.145G>A,tolerated,0.13
TP53,NM_000546.6,ENST00000413465,c.814G>A,deleterious_low_confidence,0.0
TP53,NM_000546.6,ENST00000413465,c.469G>A,tolerated,0.4
TP53,NM_000546.6,ENST00000635293,c.827C>G,deleterious,0.03
TP53,NM_000546.6,ENST00000359597,c.943T>A,tolerated,0.21
TP53,NM_000546.6,ENST00000413465,c.215C>A,deleterious,0.05
TP53,NM_000546.6,ENST00000413465,c.578A>G,deleterious,0.0
TP53,NM_000546.6,ENST00000635293,c.997C>T,deleterious_low_confidence,0.01
TP53,NM_000546.6,ENST00000413465,c.509C>T,tolerated,0.1
TP53,NM_000546.6,ENST00000635293,c.856G>A,tolerated,0.23
TP53,NM_000546.6,ENST00000413465,c.842A>T,deleterious_low_confidence,0.0
TP53,NM_000546.6,ENST00000413465,c.646G>A,deleterious,0.0
TP53,NM_000546.6,ENST00000413465,c.524G>T,deleterious,0.0
TP53,NM_000546.6,ENST00000413465,c.245C>T,tolerated,0.08
TP53,NM_000546.6,ENST00000635293,c.1150A>G,deleterious_low_confidence,0.02
TP53,NM_000546.6,ENST00000413465,c.751A>C,deleterious,0.0
TP53,NM_000546.6,ENST00000413465,c.713G>A,deleterious,0.0
TP53,NM_000546.6,ENST00000413465,c.380C>T,deleterious,0.0
TP53,NM_000546.6,ENST00000413465,c.344A>G,deleterious,0.05
TP53,NM_000546.6,ENST00000413465,c.188C>T,tolerated,0.16
TP53,NM_000546.6,ENST00000359597,c.1010G>C,deleterious_low_confidence,0.01
TP53,NM_000546.6,ENST00000413465,c.722C>G,deleterious,0.0
TP53,NM_000546.6,ENST00000413465,c.481G>A,deleterious,0.0
TP53,NM_000546.6,ENST00000359597,c.797G>A,deleterious,0.01
TP53,NM_000546.6,ENST00000413465,c.714T>G,deleterious,0.0
TP53,NM_000546.6,ENST00000359597,c.1010G>T,deleterious_low_confidence,0.0
TP53,NM_000546.6,ENST00000413465,c.455C>T,deleterious,0.01
TP53,NM_000546.6,ENST00000413465,c.711G>A,deleterious,0.02
TP53,NM_000546.6,ENST00000413465,c.427G>A,deleterious,0.0
TP53,NM_000546.6,ENST00000413465,c.105G>C,tolerated,0.32
TP53,NM_000546.6,ENST00000714357,c.1009C>T,tolerated,0.06
TP53,NM_000546.6,ENST00000413465,c.322G>A,deleterious,0.02
TP53,NM_000546.6,ENST00000413465,c.217G>A,tolerated,0.19
TP53,NM_000546.6,ENST00000359597,c.907A>G,tolerated,0.51
TP53,NM_000546.6,ENST00000413465,c.542G>A,deleterious,0.0
TP53,NM_000546.6,ENST00000714357,c.998G>A,tolerated,0.24
TP53,NM_000546.6,ENST00000610538,c.1079G>C,deleterious,0.03
TP53,NM_000546.6,ENST00000413465,c.391A>T,deleterious,0.0
TP53,NM_000546.6,ENST00000413465,c.473G>A,tolerated,0.07
TP53,NM_000546.6,ENST00000635293,c.1015G>C,deleterious_low_confidence,0.03
TP53,NM_000546.6,ENST00000413465,c.799C>T,tolerated_low_confidence,0.19
TP53,NM_000546.6,ENST00000413465,c.107C>A,tolerated,0.58
TP53,NM_000546.6,ENST00000413465,c.221C>T,tolerated,0.39
TP53,NM_000546.6,ENST00000359597,c.892G>A,tolerated,0.62
TP53,NM_000546.6,ENST00000455263,c.1163A>C,tolerated,0.26
TP53,NM_000546.6,ENST00000413465,c.554G>A,tolerated,0.83
TP53,NM_000546.6,ENST00000413465,c.695T>C,deleterious,0.04
TP53,NM_000546.6,ENST00000413465,c.842A>G,deleterious_low_confidence,0.0
TP53,NM_000546.6,ENST00000359597,c.935C>G,tolerated,0.52
TP53,NM_000546.6,ENST00000413465,c.364G>A,deleterious,0.0
TP53,NM_000546.6,ENST00000413465,c.144C>A,tolerated,1.0
TP53,NM_000546.6,ENST00000413465,c.250G>A,tolerated,0.19
TP53,NM_000546.6,ENST00000359597,c.844C>G,deleterious,0.02
TP53,NM_000546.6,ENST00000413465,c.422G>A,deleterious,0.0
TP53,NM_000546.5,ENST00000413465,c.319T>C,tolerated,0.63
TP53,NM_000546.6,ENST00000413465,c.21T>A,tolerated,0.49
TP53,NM_000546.6,ENST00000413465,c.145G>C,tolerated,0.19
TP53,NM_000546.6,ENST00000635293,c.1096T>G,deleterious_low_confidence,0.04
TP53,NM_000546.6,ENST00000413465,c.638G>A,deleterious,0.02
TP53,NM_000546.6,ENST00000635293,c.886C>T,deleterious,0.03
TP53,NM_000546.6,ENST00000359597,c.877G>T,tolerated,0.16
TP53,NM_000546.6,ENST00000359597,c.869G>A,tolerated,0.42
TP53,NM_000546.6,ENST00000413465,c.847C>T,deleterious_low_confidence,0.01
TP53,NM_000546.6,ENST00000413465,c.704A>G,deleterious,0.02
TP53,NM_000546.6,ENST00000413465,c.701A>G,deleterious,0.0
TP53,NM_000546.6,ENST00000413465,c.659A>G,deleterious,0.0
TP53,NM_000546.6,ENST00000413465,c.580C>T,deleterious,0.0
TP53,NM_000546.6,ENST00000413465,c.572C>G,tolerated,0.27
TP53,NM_000546.6,ENST00000413465,c.535C>T,deleterious,0.0
TP53,NM_000546.6,ENST00000413465,c.488A>G,deleterious,0.0
TP53,NM_000546.6,ENST00000413465,c.329G>A,tolerated,0.22
TP53,NM_000546.6,ENST00000413465,c.28G>A,tolerated,0.83
TP53,NM_000546.6,ENST00000413465,c.736A>G,deleterious,0.0
TP53,NM_000546.6,ENST00000635293,c.1093C>T,deleterious_low_confidence,0.0
TP53,NM_000546.6,ENST00000359597,c.817C>T,deleterious,0.0
TP53,NM_000546.6,ENST00000413465,c.139C>T,tolerated,0.16
TP53,NM_000546.6,ENST00000610538,c.1040C>A,deleterious,0.02
TP53,NM_000546.6,ENST00000413465,c.854A>T,deleterious_low_confidence,0.0
TP53,NM_000546.6,ENST00000413465,c.659A>C,deleterious,0.0
TP53,NM_000546.6,ENST00000359597,c.1010G>A,deleterious_low_confidence,0.05
TP53,NM_000546.6,ENST00000413465,c.412G>C,deleterious,0.0
TP53,NM_000546.6,ENST00000610292,c.1031T>C,tolerated,0.09
TP53,NM_000546.6,ENST00000413465,c.524G>A,tolerated,0.08
TP53,NM_000546.6,ENST00000413465,c.451C>T,deleterious,0.01
TP53,NM_000546.6,ENST00000413465,c.451C>A,deleterious,0.01
TP53,NM_000546.6,ENST00000359597,c.839G>C,deleterious,0.0
TP53,NM_000546.6,ENST00000359597,c.818G>A,tolerated,0.07
TP53,NM_000546.6,ENST00000413465,c.733G>A,deleterious,0.01
TP53,NM_000546.6,ENST00000359597,c.844C>T,deleterious,0.0
TP53,NM_000546.6,ENST00000413465,c.722C>T,deleterious,0.0
TP53,NM_000546.6,ENST00000413465,c.814G>T,deleterious_low_confidence,0.0
TP53,NM_000546.6,ENST00000413465,c.398T>C,deleterious,0.0
TP53,NM_000546.6,ENST00000413465,c.743G>A,deleterious,0.01
TP53,NM_000546.6,ENST00000413465,c.734G>A,deleterious,0.0
TP53,NM_000546.6,ENST00000413465,c.725G>A,deleterious,0.0
TP53,NM_000546.6,ENST00000413465,c.469G>T,deleterious,0.0
TP53,NM_000546.6,ENST00000413465,c.747G>T,deleterious,0.01
TP53,NM_000546.6,ENST00000413465,c.215C>G,tolerated,0.14
TP53,NM_000546.6,ENST00000413465,c.733G>T,deleterious,0.0
TP53,NM_000546.6,ENST00000413465,c.772G>A,deleterious,0.0
TP53,NM_000546.6,ENST00000413465,c.742C>T,deleterious,0.0
PRSS1,NM_002769.5,ENST00000486171,c.47C>T,tolerated_low_confidence,0.28
