Gene,RefSeq,Transcript,c. Change,SIFT Prediction,SIFT Score
KRAS,NM_033360.4,ENST00000256078,c.194G>T,deleterious_low_confidence,0.0
NTRK3,NM_001012338.3,ENST00000629765,c.61G>T,deleterious_low_confidence,0.01
IDH2,NM_002168.4,ENST00000330062,c.890T>C,tolerated_low_confidence,0.66
IDH2,NM_002168.4,ENST00000330062,c.782G>A,deleterious_low_confidence,0.01
APOE,NM_000041.4,ENST00000446996,c.461G>T,deleterious,0.0
APOE,NM_000041.4,ENST00000446996,c.494G>C,deleterious,0.0
APOE,NM_000041.4,ENST00000446996,c.478C>T,deleterious,0.01
APOE,NM_000041.4,ENST00000446996,c.548G>C,tolerated,0.06
APOE,NM_000041.4,ENST00000252486,c.787G>A,deleterious,0.0
APOE,NM_000041.4,ENST00000252486,c.784G>A,deleterious,0.01
APOE,NM_000041.4,ENST00000446996,c.460C>A,deleterious,0.0
APOE,NM_000041.4,ENST00000252486,c.913G>T,tolerated,0.58
APOE,NM_000041.4,ENST00000446996,c.323G>A,tolerated,1.0
APOE,NM_000041.4,ENST00000446996,c.488G>A,deleterious,0.04
BRAF,NM_004333.6,ENST00000496384,c.740T>C,deleterious_low_confidence,0.0
BRAF,NM_004333.6,ENST00000496384,c.976A>G,tolerated_low_confidence,0.61
IDH1,NM_005896.4,ENST00000345146,c.211G>A,tolerated_low_confidence,1.0
IDH2,NM_002168.4,ENST00000330062,c.1288C>T,deleterious_low_confidence,0.01
PIK3CA,NM_006218.4,ENST00000263967,c.2198A>G,tolerated,0.25
IDH2,NM_002168.4,ENST00000330062,c.1189A>G,deleterious_low_confidence,0.02
IDH2,NM_002168.4,ENST00000330062,c.1003G>A,tolerated_low_confidence,0.08
BRAF,NM_004333.6,ENST00000496384,c.1799T>G,deleterious_low_confidence,0.0
IDH1,NM_005896.4,ENST00000345146,c.532G>A,tolerated_low_confidence,0.15
BRAF,NM_004333.6,ENST00000496384,c.793G>C,deleterious_low_confidence,0.0
BRAF,NM_004333.6,ENST00000496384,c.1781A>T,deleterious_low_confidence,0.0
IDH1,NM_005896.4,ENST00000345146,c.94T>G,deleterious_low_confidence,0.01
KRAS,NM_033360.4,ENST00000256078,c.175G>T,deleterious_low_confidence,0.04
KRAS,NM_033360.4,ENST00000256078,c.189G>C,deleterious_low_confidence,0.0
KRAS,NM_033360.4,ENST00000256078,c.439A>G,deleterious_low_confidence,0.0
BRAF,NM_004333.6,ENST00000496384,c.1595G>A,deleterious_low_confidence,0.0
KRAS,NM_033360.4,ENST00000256078,c.436G>C,deleterious_low_confidence,0.0
KRAS,NM_004985.5,ENST00000256078,c.466T>G,deleterious_low_confidence,0.0
KRAS,NM_004985.5,ENST00000256078,c.211T>G,deleterious_low_confidence,0.0
BRAF,NM_004333.6,ENST00000496384,c.1796C>G,deleterious_low_confidence,0.02
IDH2,NM_002168.4,ENST00000330062,c.514A>G,deleterious_low_confidence,0.0
BRAF,NM_004333.6,ENST00000496384,c.741T>G,deleterious_low_confidence,0.0
BRAF,NM_004333.6,ENST00000496384,c.722C>A,deleterious_low_confidence,0.0
BRAF,NM_004333.6,ENST00000496384,c.1796C>T,deleterious_low_confidence,0.0
BRAF,NM_004333.6,ENST00000496384,c.968C>T,deleterious_low_confidence,0.01
BRAF,NM_004333.6,ENST00000496384,c.92C>G,tolerated_low_confidence,0.09
KRAS,NM_004985.5,ENST00000256078,c.214A>T,deleterious_low_confidence,0.03
KRAS,NM_004985.5,ENST00000256078,c.101C>T,deleterious_low_confidence,0.0
BRAF,NM_004333.6,ENST00000496384,c.1150A>G,deleterious_low_confidence,0.04
ERBB2,NM_004448.4,ENST00000541774,c.3403C>T,tolerated,0.11
ERBB2,NM_004448.4,ENST00000584450,c.428G>A,deleterious,0.01
ERBB2,NM_004448.4,ENST00000584601,c.1157C>A,deleterious,0.0
ERBB2,NM_004448.4,ENST00000584601,c.2443G>A,deleterious,0.0
ERBB2,NM_004448.4,ENST00000584601,c.3508C>G,tolerated,0.41
ERBB2,NM_004448.4,ENST00000584450,c.140G>A,deleterious,0.0
ERBB2,NM_004448.4,ENST00000584601,c.1356G>T,deleterious,0.0
ERBB2,NM_004448.4,ENST00000584601,c.236A>C,deleterious,0.02
ERBB2,NM_004448.4,ENST00000584601,c.3647C>A,deleterious,0.0
NTRK2,NM_006180.6,ENST00000686324,c.1979C>T,tolerated_low_confidence,0.38
NTRK2,NM_006180.6,ENST00000692804,c.607G>A,tolerated_low_confidence,0.52
NTRK2,NM_006180.6,ENST00000692804,c.420G>C,deleterious_low_confidence,0.01
NTRK2,NM_006180.6,ENST00000692804,c.611C>A,tolerated_low_confidence,0.52
CTNNB1,NM_001904.4,ENST00000643541,c.2150G>A,tolerated_low_confidence,0.43
ERBB2,NM_004448.4,ENST00000584601,c.2790G>T,deleterious,0.01
IDH1,NM_005896.4,ENST00000345146,c.890G>T,deleterious_low_confidence,0.0
IDH1,NM_005896.4,ENST00000345146,c.565A>G,deleterious_low_confidence,0.0
IDH1,NM_005896.4,ENST00000345146,c.522A>C,tolerated_low_confidence,0.58
IDH1,NM_005896.4,ENST00000345146,c.485C>G,tolerated_low_confidence,1.0
IDH1,NM_005896.4,ENST00000345146,c.1057G>T,tolerated_low_confidence,0.38
IDH1,NM_005896.4,ENST00000345146,c.7A>C,tolerated_low_confidence,0.53
IDH1,NM_005896.4,ENST00000345146,c.484A>T,tolerated_low_confidence,1.0
IDH1,NM_005896.4,ENST00000345146,c.548A>G,deleterious_low_confidence,0.0
ERBB2,NM_004448.4,ENST00000584601,c.1960A>G,deleterious,0.0
FGFR2,NM_000141.5,ENST00000358487,c.1007A>G,deleterious_low_confidence,0.0
FGFR2,NM_000141.5,ENST00000358487,c.1144T>C,deleterious_low_confidence,0.0
FGFR2,NM_000141.5,ENST00000358487,c.2032A>G,deleterious_low_confidence,0.0
FGFR2,NM_000141.5,ENST00000358487,c.1922A>G,deleterious_low_confidence,0.0
BRAF,NM_004333.6,ENST00000496384,c.730A>C,deleterious_low_confidence,0.0
IDH1,NM_005896.4,ENST00000345146,c.394C>A,deleterious_low_confidence,0.0
FGFR2,NM_000141.5,ENST00000358487,c.958A>G,deleterious_low_confidence,0.0
MTOR,NM_004958.4,ENST00000703143,c.5005G>T,tolerated_low_confidence,1.0
MTOR,NM_004958.4,ENST00000703143,c.4468T>C,deleterious_low_confidence,0.0
MTOR,NM_004958.4,ENST00000703143,c.5930C>G,deleterious_low_confidence,0.0
MTOR,NM_004958.4,ENST00000703140,c.6440A>C,deleterious_low_confidence,0.0
FGFR2,NM_000141.5,ENST00000358487,c.812G>T,deleterious_low_confidence,0.0
FGFR2,NM_000141.5,ENST00000358487,c.64C>T,deleterious_low_confidence,0.0
FGFR2,NM_000141.5,ENST00000358487,c.1988G>A,deleterious_low_confidence,0.0
FGFR2,NM_000141.5,ENST00000358487,c.1977G>T,deleterious_low_confidence,0.0
FGFR2,NM_000141.5,ENST00000358487,c.1061C>T,deleterious_low_confidence,0.0
MTOR,NM_004958.4,ENST00000703140,c.7280T>C,deleterious_low_confidence,0.0
MTOR,NM_004958.4,ENST00000703143,c.6644C>A,deleterious_low_confidence,0.0
MTOR,NM_004958.4,ENST00000703143,c.4447T>C,deleterious_low_confidence,0.0
FGFR2,NM_000141.5,ENST00000358487,c.182G>A,tolerated_low_confidence,0.23
KRAS,NM_004985.5,ENST00000690406,c.350A>C,tolerated_low_confidence,0.3
KRAS,NM_004985.5,ENST00000256078,c.148A>C,deleterious_low_confidence,0.0
KRAS,NM_004985.5,ENST00000256078,c.20T>A,deleterious_low_confidence,0.0
KRAS,NM_033360.4,ENST00000690406,c.44G>T,deleterious_low_confidence,0.0
KRAS,NM_033360.4,ENST00000256078,c.65A>T,deleterious_low_confidence,0.0
KRAS,NM_004985.5,ENST00000690406,c.101C>A,tolerated_low_confidence,0.05
KRAS,NM_004985.5,ENST00000256078,c.202A>G,deleterious_low_confidence,0.0
KRAS,NM_004985.5,ENST00000256078,c.440A>T,deleterious_low_confidence,0.0
KRAS,NM_004985.5,ENST00000256078,c.214A>C,deleterious_low_confidence,0.03
KRAS,NM_004985.5,ENST00000256078,c.346A>C,deleterious_low_confidence,0.0
KRAS,NM_033360.4,ENST00000256078,c.15A>C,deleterious_low_confidence,0.0
KRAS,NM_004985.5,ENST00000256078,c.158T>G,deleterious_low_confidence,0.0
KRAS,NM_004985.5,ENST00000256078,c.202A>T,deleterious_low_confidence,0.02
KRAS,NM_004985.5,ENST00000690406,c.13A>C,tolerated_low_confidence,0.09
KRAS,NM_004985.5,ENST00000256078,c.53C>T,deleterious_low_confidence,0.0
KRAS,NM_033360.4,ENST00000256078,c.440A>G,deleterious_low_confidence,0.04
KRAS,NM_004985.5,ENST00000256078,c.441G>T,deleterious_low_confidence,0.0
KRAS,NM_033360.4,ENST00000256078,c.351A>C,deleterious_low_confidence,0.0
KRAS,NM_004985.5,ENST00000256078,c.454G>T,deleterious_low_confidence,0.01
KRAS,NM_033360.4,ENST00000256078,c.64C>G,deleterious_low_confidence,0.02
KRAS,NM_033360.4,ENST00000690406,c.68T>G,deleterious_low_confidence,0.03
KRAS,NM_033360.4,ENST00000690406,c.347A>G,tolerated_low_confidence,0.39
KRAS,NM_004985.5,ENST00000256078,c.467T>C,deleterious_low_confidence,0.0
FGFR2,NM_000141.5,ENST00000358487,c.1977G>C,deleterious_low_confidence,0.0
ERBB2,NM_004448.4,ENST00000445658,c.1963A>G,deleterious,0.01
MTOR,NM_004958.4,ENST00000703143,c.6644C>T,deleterious_low_confidence,0.0
KRAS,NM_004985.5,ENST00000256078,c.181C>A,deleterious_low_confidence,0.03
FGFR2,NM_000141.5,ENST00000358487,c.983A>G,deleterious_low_confidence,0.03
KRAS,NM_033360.4,ENST00000256078,c.15A>T,deleterious_low_confidence,0.0
KRAS,NM_033360.4,ENST00000256078,c.57G>T,deleterious_low_confidence,0.0
FGFR2,NM_000141.5,ENST00000358487,c.962A>C,deleterious_low_confidence,0.0
KRAS,NM_004985.5,ENST00000256078,c.458A>G,deleterious_low_confidence,0.02
KRAS,NM_004985.5,ENST00000256078,c.38G>T,deleterious_low_confidence,0.0
MTOR,NM_004958.4,ENST00000703143,c.4379T>C,deleterious_low_confidence,0.0
MTOR,NM_004958.4,ENST00000703143,c.3646A>G,tolerated_low_confidence,0.12
FGFR2,NM_000141.5,ENST00000358487,c.1150G>A,deleterious_low_confidence,0.0
FGFR2,NM_000141.5,ENST00000358487,c.870G>C,deleterious_low_confidence,0.0
KRAS,NM_004985.5,ENST00000256078,c.57G>C,deleterious_low_confidence,0.0
KRAS,NM_004985.5,ENST00000256078,c.183A>T,deleterious_low_confidence,0.01
KRAS,NM_033360.4,ENST00000256078,c.355G>A,deleterious_low_confidence,0.0
KRAS,NM_004985.5,ENST00000256078,c.173C>T,deleterious_low_confidence,0.0
MTOR,NM_004958.4,ENST00000703143,c.4448G>A,deleterious_low_confidence,0.0
FGFR3,NM_000142.5,ENST00000340107,c.2259C>T,deleterious_low_confidence,0.01
FGFR1,NM_023110.3,ENST00000447712,c.880G>A,deleterious_low_confidence,0.0
FGFR3,NM_000142.5,ENST00000340107,c.329G>A,tolerated_low_confidence,0.16
FGFR3,NM_000142.5,ENST00000340107,c.808G>A,deleterious_low_confidence,0.0
FGFR3,NM_000142.5,ENST00000340107,c.2412G>A,tolerated_low_confidence,0.16
FGFR3,NM_000142.5,ENST00000440486,c.2316G>A,tolerated_low_confidence,0.13
FGFR3,NM_000142.5,ENST00000440486,c.2082G>A,tolerated_low_confidence,0.38
FGFR1,NM_023110.3,ENST00000447712,c.761G>A,deleterious_low_confidence,0.0
FGFR2,NM_000141.5,ENST00000358487,c.34G>A,tolerated_low_confidence,0.06
KRAS,NM_004985.5,ENST00000256078,c.37G>C,deleterious_low_confidence,0.01
FGFR2,NM_000141.5,ENST00000358487,c.842A>G,deleterious_low_confidence,0.0
FGFR1,NM_023110.3,ENST00000703405,c.2233C>T,deleterious_low_confidence,0.0
FGFR1,NM_023110.3,ENST00000649678,c.670G>C,deleterious_low_confidence,0.0
FGFR3,NM_000142.5,ENST00000340107,c.2207C>A,deleterious_low_confidence,0.0
FGFR1,NM_023110.3,ENST00000703405,c.2209T>C,deleterious_low_confidence,0.0
FGFR3,NM_000142.5,ENST00000440486,c.2148C>T,deleterious_low_confidence,0.04
FGFR3,NM_000142.5,ENST00000340107,c.490C>G,deleterious_low_confidence,0.0
FGFR3,NM_000142.5,ENST00000340107,c.713G>A,tolerated_low_confidence,0.4
FGFR3,NM_000142.5,ENST00000440486,c.2043G>A,deleterious_low_confidence,0.0
FGFR1,NM_023110.3,ENST00000703405,c.1178C>T,deleterious_low_confidence,0.0
FGFR3,NM_000142.5,ENST00000340107,c.154G>A,tolerated_low_confidence,0.06
FGFR1,NM_023110.3,ENST00000649678,c.296A>G,deleterious_low_confidence,0.0
FGFR1,NM_023110.3,ENST00000703405,c.1916T>C,deleterious_low_confidence,0.0
FGFR3,NM_000142.5,ENST00000440486,c.2088C>T,tolerated_low_confidence,0.18
FGFR3,NM_000142.5,ENST00000440486,c.1052C>T,deleterious_low_confidence,0.0
FGFR1,NM_023110.3,ENST00000649678,c.142G>A,deleterious_low_confidence,0.0
FGFR3,NM_000142.5,ENST00000440486,c.1031C>G,deleterious_low_confidence,0.04
FGFR3,NM_000142.5,ENST00000440486,c.1052C>G,deleterious_low_confidence,0.0
FGFR3,NM_000142.5,ENST00000340107,c.169G>A,tolerated_low_confidence,0.05
FGFR1,NM_023110.3,ENST00000649678,c.289G>A,deleterious_low_confidence,0.0
FGFR1,NM_023110.3,ENST00000397091,c.1468G>A,deleterious_low_confidence,0.0
KRAS,NM_033360.4,ENST00000256078,c.178G>A,deleterious_low_confidence,0.0
ERBB2,NM_004448.4,ENST00000445658,c.929C>A,tolerated,0.13
ERBB2,NM_004448.4,ENST00000584450,c.2786G>A,deleterious,0.01
ERBB2,NM_004448.4,ENST00000445658,c.808G>T,tolerated,0.56
ERBB2,NM_004448.4,ENST00000584601,c.3115G>A,tolerated,0.69
ERBB2,NM_004448.4,ENST00000541774,c.643C>T,tolerated,0.11
ERBB2,NM_004448.4,ENST00000541774,c.3482G>A,deleterious,0.05
FGFR2,NM_000141.5,ENST00000358487,c.1013G>A,deleterious_low_confidence,0.0
FGFR2,NM_000141.5,ENST00000358487,c.1576A>G,deleterious_low_confidence,0.0
ERBB2,NM_004448.4,ENST00000584450,c.433C>T,deleterious,0.0
ERBB2,NM_004448.4,ENST00000584450,c.93G>T,deleterious,0.0
ERBB2,NM_004448.4,ENST00000445658,c.43C>T,deleterious,0.02
FGFR1,NM_023110.3,ENST00000447712,c.710G>A,deleterious_low_confidence,0.0
FGFR3,NM_000142.5,ENST00000440486,c.2419T>G,deleterious_low_confidence,0.0
FGFR3,NM_000142.5,ENST00000340107,c.2205C>G,tolerated_low_confidence,0.62
FGFR1,NM_023110.3,ENST00000447712,c.809G>A,deleterious_low_confidence,0.0
TP53,NM_000546.6,ENST00000413465,c.143A>G,tolerated,0.24
PIK3CA,NM_006218.4,ENST00000263967,c.3143A>G,deleterious,0.02
PIK3CA,NM_006218.4,ENST00000263967,c.1345C>A,deleterious,0.0
NTRK2,NM_006180.6,ENST00000686542,c.1279G>T,deleterious_low_confidence,0.01
PIK3CA,NM_006218.4,ENST00000263967,c.1346C>T,deleterious,0.0
NTRK2,NM_006180.6,ENST00000686324,c.1652G>A,deleterious_low_confidence,0.0
NTRK2,NM_006180.6,ENST00000692804,c.302C>A,deleterious_low_confidence,0.0
NTRK2,NM_006180.6,ENST00000692804,c.961G>A,deleterious_low_confidence,0.0
PIK3CA,NM_006218.4,ENST00000263967,c.3145G>A,deleterious,0.0
PIK3CA,NM_006218.4,ENST00000263967,c.3012G>A,deleterious,0.0
FGFR1,NM_023110.3,ENST00000703405,c.1141T>C,deleterious_low_confidence,0.0
NTRK2,NM_006180.6,ENST00000692804,c.479A>G,tolerated_low_confidence,0.05
FGFR1,NM_023110.3,ENST00000649678,c.194A>G,tolerated_low_confidence,0.17
MTOR,NM_004958.4,ENST00000703143,c.5930C>A,deleterious_low_confidence,0.0
CTNNB1,NM_001904.4,ENST00000643541,c.1145T>C,deleterious_low_confidence,0.0
CTNNB1,NM_001904.4,ENST00000643541,c.1154T>G,deleterious_low_confidence,0.0
CTNNB1,NM_001904.4,ENST00000643541,c.2076G>T,tolerated_low_confidence,0.17
CTNNB1,NM_001904.4,ENST00000643541,c.703G>A,deleterious_low_confidence,0.0
BRAF,NM_004333.6,ENST00000496384,c.1798G>C,deleterious_low_confidence,0.02
BRAF,NM_004333.6,ENST00000496384,c.784C>A,deleterious_low_confidence,0.0
CTNNB1,NM_001904.4,ENST00000643541,c.1043C>T,deleterious_low_confidence,0.01
CTNNB1,NM_001904.4,ENST00000643541,c.2076G>C,tolerated_low_confidence,0.17
CTNNB1,NM_001904.4,ENST00000643541,c.1271T>G,deleterious_low_confidence,0.0
CTNNB1,NM_001904.4,ENST00000643541,c.94G>A,deleterious_low_confidence,0.0
CTNNB1,NM_001904.4,ENST00000643541,c.1723G>C,deleterious_low_confidence,0.0
BRAF,NM_004333.6,ENST00000496384,c.1447A>C,deleterious_low_confidence,0.01
BRAF,NM_004333.6,ENST00000496384,c.1785T>A,deleterious_low_confidence,0.0
PIK3CA,NM_006218.4,ENST00000263967,c.1090G>A,tolerated,0.09
BRAF,NM_004333.6,ENST00000496384,c.68T>A,deleterious_low_confidence,0.03
FGFR2,NM_000141.5,ENST00000358487,c.1009G>C,deleterious_low_confidence,0.0
FGFR2,NM_000141.5,ENST00000358487,c.1694A>C,deleterious_low_confidence,0.0
PIK3CA,NM_006218.4,ENST00000263967,c.1132T>C,tolerated,0.08
FGFR3,NM_000142.5,ENST00000440486,c.2149G>A,deleterious_low_confidence,0.01
FGFR2,NM_000141.5,ENST00000358487,c.1942G>A,deleterious_low_confidence,0.0
FGFR2,NM_000141.5,ENST00000358487,c.1021A>C,deleterious_low_confidence,0.0
FGFR2,NM_000141.5,ENST00000358487,c.1018T>C,deleterious_low_confidence,0.0
CTNNB1,NM_001904.4,ENST00000643541,c.23T>C,deleterious_low_confidence,0.0
FGFR3,NM_000142.5,ENST00000440486,c.1111A>T,deleterious_low_confidence,0.0
PIK3CA,NM_006218.4,ENST00000263967,c.1345C>T,tolerated,0.07
KRAS,NM_004985.5,ENST00000256078,c.466T>A,deleterious_low_confidence,0.0
BRAF,NM_004333.6,ENST00000496384,c.1409C>G,deleterious_low_confidence,0.0
BRAF,NM_004333.6,ENST00000496384,c.739T>G,deleterious_low_confidence,0.0
PIK3CA,NM_006218.4,ENST00000263967,c.278G>A,deleterious,0.0
BRAF,NM_004333.6,ENST00000496384,c.823G>A,deleterious_low_confidence,0.0
BRAF,NM_004333.6,ENST00000496384,c.1497A>C,deleterious_low_confidence,0.0
FGFR2,NM_000141.5,ENST00000358487,c.974A>T,deleterious_low_confidence,0.01
FGFR2,NM_000141.5,ENST00000358487,c.1142A>G,deleterious_low_confidence,0.0
FGFR2,NM_000141.5,ENST00000358487,c.1925T>A,deleterious_low_confidence,0.0
FGFR2,NM_000141.5,ENST00000358487,c.1141T>C,deleterious_low_confidence,0.0
FGFR2,NM_000141.5,ENST00000358487,c.764G>A,deleterious_low_confidence,0.0
FGFR2,NM_000141.5,ENST00000358487,c.2021C>T,deleterious_low_confidence,0.0
FGFR2,NM_000141.5,ENST00000358487,c.1477G>T,deleterious_low_confidence,0.0
FGFR2,NM_000141.5,ENST00000358487,c.2096T>C,deleterious_low_confidence,0.0
FGFR2,NM_000141.5,ENST00000358487,c.1646A>C,deleterious_low_confidence,0.0
FGFR2,NM_000141.5,ENST00000358487,c.833G>A,deleterious_low_confidence,0.0
FGFR2,NM_000141.5,ENST00000358487,c.2053G>T,deleterious_low_confidence,0.0
FGFR2,NM_000141.5,ENST00000358487,c.923A>G,deleterious_low_confidence,0.0
FGFR2,NM_000141.5,ENST00000358487,c.869G>C,deleterious_low_confidence,0.0
FGFR2,NM_000141.5,ENST00000358487,c.863T>A,deleterious_low_confidence,0.0
FGFR2,NM_000141.5,ENST00000358487,c.551A>T,deleterious_low_confidence,0.0
FGFR2,NM_000141.5,ENST00000358487,c.970A>G,tolerated_low_confidence,0.3
FGFR2,NM_000141.5,ENST00000358487,c.1645A>C,deleterious_low_confidence,0.0
FGFR2,NM_000141.5,ENST00000358487,c.1075G>A,deleterious_low_confidence,0.0
FGFR2,NM_000141.5,ENST00000358487,c.1172T>G,deleterious_low_confidence,0.0
FGFR2,NM_000141.5,ENST00000358487,c.1882G>A,deleterious_low_confidence,0.0
FGFR2,NM_000141.5,ENST00000358487,c.193A>G,tolerated_low_confidence,0.12
FGFR2,NM_000141.5,ENST00000358487,c.1361C>T,deleterious_low_confidence,0.0
PIK3CA,NM_006218.4,ENST00000263967,c.2908G>A,tolerated,0.31
PIK3CA,NM_006218.4,ENST00000263967,c.1048G>A,tolerated,0.06
FGFR2,NM_000141.5,ENST00000358487,c.1084G>T,deleterious_low_confidence,0.0
FGFR2,NM_000141.5,ENST00000358487,c.1030G>C,deleterious_low_confidence,0.0
FGFR2,NM_000141.5,ENST00000358487,c.1075G>T,deleterious_low_confidence,0.0
FGFR2,NM_000141.5,ENST00000358487,c.868T>G,deleterious_low_confidence,0.0
FGFR1,NM_023110.3,ENST00000619564,c.760C>T,deleterious_low_confidence,0.0
BRAF,NM_004333.6,ENST00000496384,c.1442C>A,deleterious_low_confidence,0.0
CTNNB1,NM_001904.4,ENST00000643541,c.122C>T,deleterious_low_confidence,0.0
FGFR2,NM_000141.5,ENST00000358487,c.1019A>C,deleterious_low_confidence,0.0
FGFR2,NM_000141.5,ENST00000358487,c.1693G>A,deleterious_low_confidence,0.0
FGFR2,NM_000141.5,ENST00000358487,c.874A>G,deleterious_low_confidence,0.0
CDH1,NM_004360.5,ENST00000261769,c.2T>A,deleterious,0.0
BRAF,NM_004333.6,ENST00000496384,c.1513C>T,deleterious_low_confidence,0.0
FGFR2,NM_000141.5,ENST00000358487,c.1070T>C,deleterious_low_confidence,0.0
FGFR2,NM_000141.5,ENST00000358487,c.962A>T,deleterious_low_confidence,0.02
FGFR2,NM_000141.5,ENST00000358487,c.1012G>T,deleterious_low_confidence,0.0
FGFR2,NM_000141.5,ENST00000358487,c.826T>G,deleterious_low_confidence,0.0
FGFR2,NM_000141.5,ENST00000358487,c.1025G>T,deleterious_low_confidence,0.0
BRAF,NM_004333.6,ENST00000496384,c.1405G>A,deleterious_low_confidence,0.0
BRAF,NM_004333.6,ENST00000496384,c.1695T>G,deleterious_low_confidence,0.03
FGFR2,NM_000141.5,ENST00000358487,c.869G>T,deleterious_low_confidence,0.0
FGFR2,NM_000141.5,ENST00000358487,c.834C>G,deleterious_low_confidence,0.0
FGFR2,NM_000141.5,ENST00000358487,c.1115C>G,deleterious_low_confidence,0.0
PIK3CA,NM_006218.4,ENST00000263967,c.2816A>G,tolerated,0.88
GRIN2B,NM_000834.5,ENST00000609686,c.2392A>C,deleterious_low_confidence,0.0
PIK3CA,NM_006218.4,ENST00000263967,c.3131A>G,tolerated,0.38
FGFR3,NM_000142.5,ENST00000440486,c.1619A>C,deleterious_low_confidence,0.0
GRIN2B,NM_000834.5,ENST00000609686,c.2216T>C,deleterious_low_confidence,0.0
GRIN2B,NM_000834.5,ENST00000609686,c.2045G>A,deleterious_low_confidence,0.0
GRIN2B,NM_000834.5,ENST00000609686,c.4375A>G,deleterious_low_confidence,0.04
GRIN2B,NM_000834.5,ENST00000609686,c.4322G>A,deleterious_low_confidence,0.02
GRIN2B,NM_000834.5,ENST00000609686,c.1147T>A,deleterious_low_confidence,0.04
GRIN2B,NM_000834.5,ENST00000609686,c.3797C>T,tolerated_low_confidence,0.16
GRIN2B,NM_000834.5,ENST00000637214,c.52G>A,deleterious_low_confidence,0.0
GRIN2B,NM_000834.5,ENST00000609686,c.812C>A,deleterious_low_confidence,0.0
GRIN2B,NM_000834.5,ENST00000609686,c.1079C>T,deleterious_low_confidence,0.0
FGFR3,NM_000142.5,ENST00000340107,c.193G>A,tolerated_low_confidence,0.08
GRIN2B,NM_000834.5,ENST00000609686,c.2648T>C,tolerated_low_confidence,1.0
GRIN2B,NM_000834.5,ENST00000609686,c.4102G>A,deleterious_low_confidence,0.05
GRIN2B,NM_000834.5,ENST00000609686,c.4235C>A,tolerated_low_confidence,0.08
GRIN2B,NM_000834.5,ENST00000609686,c.1963A>G,deleterious_low_confidence,0.0
GRIN2B,NM_000834.5,ENST00000609686,c.2452A>C,deleterious_low_confidence,0.0
GRIN2B,NM_000834.5,ENST00000609686,c.2201C>T,deleterious_low_confidence,0.02
GRIN2B,NM_000834.5,ENST00000609686,c.3413G>A,deleterious_low_confidence,0.01
FGFR3,NM_000142.5,ENST00000340107,c.835A>T,deleterious_low_confidence,0.0
GRIN2B,NM_000834.5,ENST00000609686,c.1623C>A,deleterious_low_confidence,0.0
GRIN2B,NM_000834.5,ENST00000609686,c.1931C>A,deleterious_low_confidence,0.0
GRIN2B,NM_000834.5,ENST00000609686,c.1675T>C,deleterious_low_confidence,0.0
GRIN2B,NM_000834.5,ENST00000609686,c.2437C>G,deleterious_low_confidence,0.0
GRIN2B,NM_000834.5,ENST00000609686,c.1598G>A,deleterious_low_confidence,0.0
GRIN2B,NM_000834.5,ENST00000609686,c.2430C>A,deleterious_low_confidence,0.0
FGFR2,NM_000141.5,ENST00000358487,c.1012G>A,deleterious_low_confidence,0.0
GRIN2B,NM_000834.5,ENST00000609686,c.514G>A,deleterious_low_confidence,0.0
GRIN2B,NM_000834.5,ENST00000609686,c.3818C>A,tolerated_low_confidence,0.19
GRIN2B,NM_000834.5,ENST00000609686,c.2081A>G,deleterious_low_confidence,0.0
GRIN2B,NM_000834.5,ENST00000609686,c.3332G>A,deleterious_low_confidence,0.0
GRIN2B,NM_000834.5,ENST00000609686,c.2459G>T,deleterious_low_confidence,0.0
BRAF,NM_004333.6,ENST00000496384,c.739T>C,deleterious_low_confidence,0.0
BRAF,NM_004333.6,ENST00000496384,c.735A>T,deleterious_low_confidence,0.0
GRIN2B,NM_000834.5,ENST00000609686,c.1495G>A,deleterious_low_confidence,0.0
GRIN2B,NM_000834.5,ENST00000609686,c.1928T>C,deleterious_low_confidence,0.0
BRAF,NM_004333.6,ENST00000496384,c.1591T>C,deleterious_low_confidence,0.0
GRIN2B,NM_000834.5,ENST00000609686,c.2477G>A,deleterious_low_confidence,0.0
GRIN2B,NM_000834.5,ENST00000609686,c.2453T>C,deleterious_low_confidence,0.0
GRIN2B,NM_000834.5,ENST00000609686,c.3389G>A,deleterious_low_confidence,0.0
GRIN2B,NM_000834.5,ENST00000609686,c.1658C>T,deleterious_low_confidence,0.0
FGFR2,NM_000141.5,ENST00000358487,c.1694A>G,deleterious_low_confidence,0.0
GRIN2B,NM_000834.5,ENST00000609686,c.2086C>T,deleterious_low_confidence,0.0
GRIN2B,NM_000834.5,ENST00000609686,c.2084T>C,deleterious_low_confidence,0.0
GRIN2B,NM_000834.5,ENST00000609686,c.2002G>T,deleterious_low_confidence,0.0
GRIN2B,NM_000834.5,ENST00000609686,c.1970A>G,deleterious_low_confidence,0.0
GRIN2B,NM_000834.5,ENST00000609686,c.1832G>T,deleterious_low_confidence,0.0
FGFR2,NM_000141.5,ENST00000358487,c.1019A>G,deleterious_low_confidence,0.02
FGFR2,NM_000141.5,ENST00000358487,c.1012G>C,deleterious_low_confidence,0.0
FGFR2,NM_000141.5,ENST00000358487,c.868T>C,deleterious_low_confidence,0.0
FGFR2,NM_000141.5,ENST00000358487,c.1026C>G,deleterious_low_confidence,0.0
BRAF,NM_004333.6,ENST00000496384,c.785A>G,deleterious_low_confidence,0.0
GRIN2B,NM_000834.5,ENST00000609686,c.1858G>A,deleterious_low_confidence,0.0
FGFR1,NM_023110.3,ENST00000447712,c.709G>A,deleterious_low_confidence,0.0
FGFR1,NM_023110.3,ENST00000649678,c.2008G>A,deleterious_low_confidence,0.0
NTRK2,NM_006180.6,ENST00000693539,c.1232C>T,deleterious_low_confidence,0.03
CTNNB1,NM_001904.4,ENST00000643541,c.2159A>C,tolerated_low_confidence,0.06
KRAS,NM_033360.4,ENST00000256078,c.64C>A,deleterious_low_confidence,0.0
KRAS,NM_004985.5,ENST00000256078,c.37G>T,deleterious_low_confidence,0.0
TP53,NM_000546.6,ENST00000635293,c.875A>G,deleterious,0.03
TP53,NM_000546.6,ENST00000413465,c.779C>A,deleterious,0.01
CTNNB1,NM_001904.4,ENST00000643541,c.133T>C,deleterious_low_confidence,0.0
BRAF,NM_004333.6,ENST00000496384,c.1574T>C,deleterious_low_confidence,0.0
BRAF,NM_004333.6,ENST00000496384,c.1396G>A,deleterious_low_confidence,0.0
BRAF,NM_004333.6,ENST00000496384,c.1411G>T,deleterious_low_confidence,0.0
FGFR2,NM_000141.5,ENST00000358487,c.1991G>A,deleterious_low_confidence,0.0
FGFR2,NM_000141.5,ENST00000358487,c.868T>A,deleterious_low_confidence,0.0
BRAF,NM_004333.6,ENST00000496384,c.1502A>C,deleterious_low_confidence,0.0
FGFR2,NM_000141.5,ENST00000358487,c.1148T>C,deleterious_low_confidence,0.0
CTNNB1,NM_001904.4,ENST00000643541,c.1639A>T,tolerated_low_confidence,0.06
FGFR3,NM_000142.5,ENST00000340107,c.833A>G,deleterious_low_confidence,0.0
PTEN,NM_000314.8,ENST00000688308,c.740T>C,deleterious,0.02
GRIN2B,NM_000834.5,ENST00000609686,c.2002G>A,deleterious_low_confidence,0.0
FGFR1,NM_023110.3,ENST00000649678,c.232C>T,deleterious_low_confidence,0.0
FGFR3,NM_000142.5,ENST00000440486,c.1349C>T,tolerated_low_confidence,0.12
GRIN2B,NM_000834.5,ENST00000609686,c.1556G>A,deleterious_low_confidence,0.0
FGFR1,NM_023110.3,ENST00000447712,c.749G>A,deleterious_low_confidence,0.0
FGFR2,NM_000141.5,ENST00000358487,c.866A>C,deleterious_low_confidence,0.0
FGFR2,NM_000141.5,ENST00000358487,c.1031C>G,deleterious_low_confidence,0.02
PIK3CA,NM_006218.4,ENST00000263967,c.344G>C,tolerated,0.12
FGFR2,NM_000141.5,ENST00000358487,c.263T>C,tolerated_low_confidence,0.59
VHL,NM_000551.4,ENST00000256474,c.344A>C,deleterious,0.0
TP53,NM_000546.6,ENST00000635293,c.866T>C,deleterious,0.0
TP53,NM_000546.6,ENST00000413465,c.144C>A,tolerated,1.0
CTNNB1,NM_001904.4,ENST00000643541,c.1139A>T,deleterious_low_confidence,0.0
FGFR3,NM_000142.5,ENST00000440486,c.977T>G,deleterious_low_confidence,0.0
FGFR3,NM_000142.5,ENST00000440486,c.1183C>A,tolerated_low_confidence,0.05
FGFR3,NM_000142.5,ENST00000340107,c.1144G>A,deleterious_low_confidence,0.0
FGFR3,NM_000142.5,ENST00000340107,c.1618A>C,deleterious_low_confidence,0.0
CTNNB1,NM_001904.4,ENST00000643541,c.134C>T,deleterious_low_confidence,0.0
FGFR3,NM_000142.5,ENST00000440486,c.1861C>T,deleterious_low_confidence,0.0
FGFR3,NM_000142.5,ENST00000340107,c.970C>G,tolerated_low_confidence,0.14
FGFR3,NM_000142.5,ENST00000440486,c.1882G>A,deleterious_low_confidence,0.0
FGFR3,NM_000142.5,ENST00000340107,c.802G>T,deleterious_low_confidence,0.0
FGFR3,NM_000142.5,ENST00000340107,c.791C>T,deleterious_low_confidence,0.0
FGFR3,NM_000142.5,ENST00000340107,c.1954A>G,deleterious_low_confidence,0.0
FGFR3,NM_000142.5,ENST00000440486,c.2419T>C,deleterious_low_confidence,0.01
FGFR1,NM_023110.3,ENST00000649678,c.1936C>T,deleterious_low_confidence,0.0
FGFR1,NM_023110.3,ENST00000703405,c.1469G>T,deleterious_low_confidence,0.0
FGFR1,NM_023110.3,ENST00000649678,c.2155A>G,deleterious_low_confidence,0.01
FGFR1,NM_023110.3,ENST00000703405,c.1010G>A,deleterious_low_confidence,0.0
FGFR1,NM_023110.3,ENST00000447712,c.836T>G,deleterious_low_confidence,0.0
FGFR1,NM_023110.3,ENST00000703405,c.2073G>T,deleterious_low_confidence,0.0
FGFR1,NM_023110.3,ENST00000447712,c.917C>T,deleterious_low_confidence,0.0
FGFR1,NM_023110.3,ENST00000703405,c.2241C>A,deleterious_low_confidence,0.0
FGFR1,NM_023110.3,ENST00000703405,c.2231G>T,deleterious_low_confidence,0.0
FGFR1,NM_023110.3,ENST00000649678,c.2152C>T,deleterious_low_confidence,0.0
FGFR1,NM_023110.3,ENST00000703405,c.2011G>C,deleterious_low_confidence,0.0
FGFR1,NM_023110.3,ENST00000703405,c.1854G>T,deleterious_low_confidence,0.0
FGFR1,NM_023110.3,ENST00000703405,c.1829G>A,deleterious_low_confidence,0.0
FGFR1,NM_023110.3,ENST00000703405,c.1286T>A,deleterious_low_confidence,0.04
FGFR1,NM_023110.3,ENST00000447712,c.1018A>G,deleterious_low_confidence,0.0
FGFR1,NM_023110.3,ENST00000649678,c.797C>T,tolerated_low_confidence,0.08
FGFR1,NM_023110.3,ENST00000447712,c.716T>C,deleterious_low_confidence,0.0
FGFR1,NM_023110.3,ENST00000649678,c.682T>G,deleterious_low_confidence,0.0
FGFR1,NM_023110.3,ENST00000703405,c.2059G>C,deleterious_low_confidence,0.0
FGFR1,NM_023110.3,ENST00000649678,c.2165C>A,deleterious_low_confidence,0.0
FGFR3,NM_000142.5,ENST00000440486,c.2249G>T,deleterious_low_confidence,0.0
FGFR3,NM_000142.5,ENST00000340107,c.2244G>A,tolerated_low_confidence,0.37
FGFR3,NM_000142.5,ENST00000340107,c.2414G>A,deleterious_low_confidence,0.0
FGFR3,NM_000142.5,ENST00000340107,c.794C>T,deleterious_low_confidence,0.04
FGFR3,NM_000142.5,ENST00000340107,c.1201C>A,deleterious_low_confidence,0.0
FGFR3,NM_000142.5,ENST00000440486,c.2200G>A,deleterious_low_confidence,0.0
FGFR3,NM_000142.5,ENST00000440486,c.1738G>A,deleterious_low_confidence,0.03
FGFR3,NM_000142.5,ENST00000340107,c.347G>A,tolerated_low_confidence,0.08
FGFR3,NM_000142.5,ENST00000340107,c.349G>A,deleterious_low_confidence,0.05
FGFR3,NM_000142.5,ENST00000340107,c.316G>A,tolerated_low_confidence,0.07
FGFR3,NM_000142.5,ENST00000340107,c.87G>C,deleterious_low_confidence,0.01
FGFR3,NM_000142.5,ENST00000340107,c.304G>A,deleterious_low_confidence,0.0
FGFR3,NM_000142.5,ENST00000440486,c.2202G>A,tolerated_low_confidence,0.06
FGFR3,NM_000142.5,ENST00000440486,c.2067G>A,tolerated_low_confidence,1.0
FGFR3,NM_000142.5,ENST00000440486,c.2064C>T,deleterious_low_confidence,0.0
FGFR3,NM_000142.5,ENST00000440486,c.2166C>T,tolerated_low_confidence,0.27
FGFR3,NM_000142.5,ENST00000440486,c.2292G>A,tolerated_low_confidence,0.18
FGFR3,NM_000142.5,ENST00000340107,c.2106G>A,deleterious_low_confidence,0.01
FGFR3,NM_000142.5,ENST00000340107,c.2238G>A,deleterious_low_confidence,0.0
FGFR3,NM_000142.5,ENST00000440486,c.2268C>T,deleterious_low_confidence,0.0
FGFR3,NM_000142.5,ENST00000440486,c.2281C>T,deleterious_low_confidence,0.0
FGFR3,NM_000142.5,ENST00000440486,c.2199C>T,tolerated_low_confidence,0.12
FGFR3,NM_000142.5,ENST00000340107,c.2388G>A,deleterious_low_confidence,0.0
FGFR3,NM_000142.5,ENST00000440486,c.2214G>A,deleterious_low_confidence,0.0
FGFR3,NM_000142.5,ENST00000340107,c.2397C>A,deleterious_low_confidence,0.0
FGFR3,NM_000142.5,ENST00000440486,c.2385C>T,deleterious_low_confidence,0.03
FGFR3,NM_000142.5,ENST00000440486,c.2361C>T,tolerated_low_confidence,0.14
FGFR3,NM_000142.5,ENST00000340107,c.2148C>G,deleterious_low_confidence,0.0
FGFR3,NM_000142.5,ENST00000340107,c.2049G>C,deleterious_low_confidence,0.0
FGFR3,NM_000142.5,ENST00000440486,c.2331C>T,deleterious_low_confidence,0.0
FGFR3,NM_000142.5,ENST00000440486,c.940G>A,deleterious_low_confidence,0.0
FGFR1,NM_023110.3,ENST00000397091,c.1958A>G,deleterious_low_confidence,0.0
FGFR1,NM_023110.3,ENST00000397091,c.1550A>C,deleterious_low_confidence,0.02
FGFR1,NM_023110.3,ENST00000703405,c.2016A>T,deleterious_low_confidence,0.0
FGFR1,NM_023110.3,ENST00000703405,c.2044G>A,deleterious_low_confidence,0.0
FGFR1,NM_023110.3,ENST00000703405,c.2138T>C,deleterious_low_confidence,0.0
FGFR1,NM_023110.3,ENST00000397091,c.1592A>G,deleterious_low_confidence,0.0
FGFR1,NM_023110.3,ENST00000447712,c.752C>T,deleterious_low_confidence,0.0
FGFR1,NM_023110.3,ENST00000649678,c.2152C>G,deleterious_low_confidence,0.0
FGFR1,NM_023110.3,ENST00000397091,c.1864C>G,deleterious_low_confidence,0.01
FGFR1,NM_023110.3,ENST00000703405,c.1988C>G,deleterious_low_confidence,0.0
FGFR1,NM_023110.3,ENST00000703405,c.1889T>C,deleterious_low_confidence,0.0
FGFR1,NM_023110.3,ENST00000447712,c.1009G>C,deleterious_low_confidence,0.0
FGFR1,NM_023110.3,ENST00000447712,c.749G>C,deleterious_low_confidence,0.0
FGFR3,NM_000142.5,ENST00000440486,c.1498G>A,tolerated_low_confidence,0.16
FGFR3,NM_000142.5,ENST00000440486,c.1706C>T,deleterious_low_confidence,0.0
FGFR3,NM_000142.5,ENST00000440486,c.2220C>T,deleterious_low_confidence,0.0
FGFR3,NM_000142.5,ENST00000440486,c.2217C>G,deleterious_low_confidence,0.0
FGFR3,NM_000142.5,ENST00000340107,c.2418G>A,deleterious_low_confidence,0.02
FGFR1,NM_023110.3,ENST00000649678,c.1882A>G,deleterious_low_confidence,0.0
FGFR1,NM_023110.3,ENST00000703405,c.2089G>C,deleterious_low_confidence,0.0
FGFR1,NM_023110.3,ENST00000703405,c.2048T>G,deleterious_low_confidence,0.0
FGFR1,NM_023110.3,ENST00000649678,c.748C>T,deleterious_low_confidence,0.0
FGFR1,NM_023110.3,ENST00000703405,c.1996T>C,deleterious_low_confidence,0.0
FGFR1,NM_023110.3,ENST00000703405,c.1869C>G,deleterious_low_confidence,0.0
FGFR1,NM_023110.3,ENST00000649678,c.1921G>A,deleterious_low_confidence,0.0
FGFR1,NM_023110.3,ENST00000397091,c.1604T>A,deleterious_low_confidence,0.0
FGFR1,NM_023110.3,ENST00000649678,c.221C>T,tolerated_low_confidence,0.24
FGFR1,NM_023110.3,ENST00000447712,c.454G>A,deleterious_low_confidence,0.0
FGFR3,NM_000142.5,ENST00000340107,c.184C>G,tolerated_low_confidence,0.05
FGFR3,NM_000142.5,ENST00000440486,c.1862G>A,deleterious_low_confidence,0.0
FGFR3,NM_000142.5,ENST00000440486,c.2421A>C,deleterious_low_confidence,0.01
FGFR1,NM_023110.3,ENST00000649678,c.262G>T,deleterious_low_confidence,0.02
FGFR1,NM_023110.3,ENST00000649678,c.182T>C,deleterious_low_confidence,0.0
FGFR1,NM_023110.3,ENST00000703405,c.1096C>T,deleterious_low_confidence,0.02
FGFR1,NM_023110.3,ENST00000649678,c.1324C>T,deleterious_low_confidence,0.0
FGFR1,NM_023110.3,ENST00000649678,c.311G>A,tolerated_low_confidence,1.0
FGFR1,NM_023110.3,ENST00000649678,c.256G>A,deleterious_low_confidence,0.0
FGFR1,NM_023110.3,ENST00000649678,c.1492A>G,deleterious_low_confidence,0.0
FGFR1,NM_023110.3,ENST00000649678,c.532T>G,tolerated_low_confidence,0.21
FGFR1,NM_023110.3,ENST00000447712,c.1025T>C,deleterious_low_confidence,0.0
FGFR3,NM_000142.5,ENST00000340107,c.172G>C,deleterious_low_confidence,0.0
FGFR1,NM_023110.3,ENST00000649678,c.302G>T,deleterious_low_confidence,0.0
FGFR1,NM_023110.3,ENST00000703405,c.1883A>G,deleterious_low_confidence,0.0
FGFR1,NM_023110.3,ENST00000447712,c.625C>T,deleterious_low_confidence,0.0
PTEN,NM_000314.8,ENST00000688308,c.500C>A,deleterious,0.0
FGFR3,NM_000142.5,ENST00000440486,c.1285G>A,deleterious_low_confidence,0.0
FGFR1,NM_023110.3,ENST00000703405,c.2234C>T,deleterious_low_confidence,0.0
FGFR1,NM_023110.3,ENST00000649678,c.1081G>C,deleterious_low_confidence,0.0
FGFR1,NM_023110.3,ENST00000703405,c.1460G>A,deleterious_low_confidence,0.0
FGFR1,NM_023110.3,ENST00000649678,c.1324C>G,deleterious_low_confidence,0.0
FGFR3,NM_000142.5,ENST00000440486,c.1043C>G,deleterious_low_confidence,0.0
GRIN2A,NM_001134407.3,ENST00000396573,c.1538C>T,deleterious_low_confidence,0.0
GRIN2A,NM_001134407.3,ENST00000396573,c.4375A>G,deleterious_low_confidence,0.0
FGFR1,NM_023110.3,ENST00000619564,c.787G>A,tolerated_low_confidence,0.15
GRIN2B,NM_000834.5,ENST00000609686,c.1547A>G,deleterious_low_confidence,0.0
GRIN2A,NM_001134407.3,ENST00000396573,c.1832T>A,deleterious_low_confidence,0.0
GRIN2A,NM_001134407.3,ENST00000396573,c.2434C>A,deleterious_low_confidence,0.0
GRIN2A,NM_001134407.3,ENST00000396573,c.2450T>G,deleterious_low_confidence,0.0
GRIN2A,NM_001134407.3,ENST00000396573,c.1552C>T,deleterious_low_confidence,0.0
GRIN2A,NM_001134407.3,ENST00000396573,c.2449A>G,deleterious_low_confidence,0.0
GRIN2A,NM_001134407.3,ENST00000396573,c.1943A>G,deleterious_low_confidence,0.0
GRIN2A,NM_001134407.3,ENST00000396573,c.2453C>T,deleterious_low_confidence,0.0
GRIN2A,NM_001134407.3,ENST00000396573,c.2627T>A,deleterious_low_confidence,0.01
GRIN2A,NM_001134407.3,ENST00000396573,c.3795G>T,tolerated_low_confidence,0.07
GRIN2A,NM_001134407.3,ENST00000396573,c.1006C>T,tolerated_low_confidence,0.05
GRIN2A,NM_001134407.3,ENST00000396573,c.1655C>A,deleterious_low_confidence,0.0
GRIN2A,NM_001134407.3,ENST00000396573,c.83A>C,deleterious_low_confidence,0.01
GRIN2A,NM_001134407.3,ENST00000396573,c.3064C>T,deleterious_low_confidence,0.0
GRIN2A,NM_001134407.3,ENST00000396573,c.1936A>G,deleterious_low_confidence,0.0
GRIN2A,NM_001134407.3,ENST00000396573,c.1595G>T,deleterious_low_confidence,0.0
GRIN2A,NM_001134407.3,ENST00000396573,c.2427C>A,deleterious_low_confidence,0.0
GRIN2A,NM_001134407.3,ENST00000396573,c.1642G>C,deleterious_low_confidence,0.0
GRIN2A,NM_001134407.3,ENST00000396573,c.2050A>G,deleterious_low_confidence,0.0
GRIN2A,NM_001134407.3,ENST00000396573,c.1447G>A,deleterious_low_confidence,0.0
GRIN2A,NM_001134407.3,ENST00000396573,c.2084G>A,deleterious_low_confidence,0.0
GRIN2A,NM_001134407.3,ENST00000396573,c.1532C>T,deleterious_low_confidence,0.0
GRIN2A,NM_001134407.3,ENST00000396573,c.2663C>T,deleterious_low_confidence,0.0
GRIN2A,NM_001134407.3,ENST00000396573,c.145C>A,tolerated_low_confidence,0.18
GRIN2A,NM_001134407.3,ENST00000396573,c.949A>C,tolerated_low_confidence,0.21
GRIN2A,NM_001134407.3,ENST00000396573,c.3400C>A,tolerated_low_confidence,0.15
GRIN2A,NM_001134407.3,ENST00000396573,c.4015A>G,deleterious_low_confidence,0.01
GRIN2A,NM_001134407.3,ENST00000396573,c.4185G>A,tolerated_low_confidence,0.13
BRAF,NM_004333.6,ENST00000496384,c.1502A>T,deleterious_low_confidence,0.0
BRAF,NM_004333.6,ENST00000496384,c.1405G>C,deleterious_low_confidence,0.0
GRIN2A,NM_001134407.3,ENST00000396573,c.1904C>A,deleterious_low_confidence,0.0
FGFR3,NM_000142.5,ENST00000440486,c.1950G>T,deleterious_low_confidence,0.0
GRIN2A,NM_001134407.3,ENST00000396573,c.2081T>C,deleterious_low_confidence,0.0
GRIN2A,NM_001134407.3,ENST00000396573,c.1961T>C,deleterious_low_confidence,0.0
GRIN2A,NM_001134407.3,ENST00000396573,c.1492G>A,deleterious_low_confidence,0.0
GRIN2A,NM_001134407.3,ENST00000396573,c.2453C>A,deleterious_low_confidence,0.0
GRIN2A,NM_001134407.3,ENST00000396573,c.2735C>G,deleterious_low_confidence,0.01
GRIN2A,NM_001134407.3,ENST00000396573,c.2765C>T,tolerated_low_confidence,0.24
GRIN2A,NM_001134407.3,ENST00000396573,c.76G>T,tolerated_low_confidence,0.44
BRAF,NM_004333.6,ENST00000496384,c.1593G>C,deleterious_low_confidence,0.0
TP53,NM_000546.6,ENST00000359597,c.883C>T,tolerated,0.37
GRIN2A,NM_001134407.3,ENST00000396573,c.2069C>A,deleterious_low_confidence,0.0
GRIN2A,NM_001134407.3,ENST00000396573,c.2326G>T,deleterious_low_confidence,0.0
GRIN2A,NM_001134407.3,ENST00000396573,c.2450T>C,deleterious_low_confidence,0.0
GRIN2A,NM_001134407.3,ENST00000396573,c.1306T>C,deleterious_low_confidence,0.0
GRIN2A,NM_001134407.3,ENST00000396573,c.1945C>G,deleterious_low_confidence,0.0
PIK3CA,NM_006218.4,ENST00000263967,c.2758A>G,deleterious,0.0
PIK3CA,NM_006218.4,ENST00000263967,c.3074C>A,deleterious,0.0
PIK3CA,NM_006218.4,ENST00000263967,c.333G>T,deleterious,0.04
PIK3CA,NM_006218.4,ENST00000263967,c.316G>T,deleterious,0.01
PIK3CA,NM_006218.4,ENST00000263967,c.1798G>A,deleterious,0.0
PIK3CA,NM_006218.4,ENST00000263967,c.1034A>G,deleterious,0.01
PIK3CA,NM_006218.4,ENST00000263967,c.1637A>T,deleterious,0.0
PIK3CA,NM_006218.4,ENST00000263967,c.1037T>G,deleterious,0.0
PIK3CA,NM_006218.4,ENST00000263967,c.2702G>T,deleterious,0.03
PIK3CA,NM_006218.4,ENST00000263967,c.2173G>A,tolerated,0.09
PIK3CA,NM_006218.4,ENST00000263967,c.3127A>C,tolerated,0.52
GRIN2A,NM_001134407.3,ENST00000396573,c.3468A>T,tolerated_low_confidence,1.0
PIK3CA,NM_006218.4,ENST00000263967,c.1034A>C,deleterious,0.0
PIK3CA,NM_006218.4,ENST00000263967,c.3091A>G,deleterious,0.03
KCNMB3,NM_001163677.2,ENST00000497599,c.473G>C,tolerated_low_confidence,0.23
PIK3CA,NM_006218.4,ENST00000263967,c.2597T>G,deleterious,0.02
PIK3CA,NM_006218.4,ENST00000263967,c.3104C>T,deleterious,0.0
PTEN,NM_000314.8,ENST00000688308,c.198G>T,deleterious,0.02
FGFR1,NM_023110.3,ENST00000649678,c.289G>C,deleterious_low_confidence,0.0
PIK3CA,NM_006218.4,ENST00000263967,c.1636C>G,deleterious,0.04
GRIN2A,NM_001134407.3,ENST00000396573,c.1662C>A,deleterious_low_confidence,0.01
GRIN2A,NM_001134407.3,ENST00000396573,c.2T>C,deleterious_low_confidence,0.0
FGFR3,NM_000142.5,ENST00000440486,c.2421A>G,deleterious_low_confidence,0.0
PIK3CA,NM_006218.4,ENST00000263967,c.3073A>G,deleterious,0.0
GRIN2A,NM_001134407.3,ENST00000396573,c.2852G>T,deleterious_low_confidence,0.03
GRIN2A,NM_001134407.3,ENST00000396573,c.1510C>T,deleterious_low_confidence,0.0
FGFR3,NM_000142.5,ENST00000440486,c.2419T>A,deleterious_low_confidence,0.0
PIK3CA,NM_006218.4,ENST00000263967,c.895A>G,tolerated,0.28
PIK3CA,NM_006218.4,ENST00000263967,c.548A>G,tolerated,1.0
BRAF,NM_004333.6,ENST00000496384,c.2132T>C,deleterious_low_confidence,0.0
BRAF,NM_004333.6,ENST00000496384,c.708C>G,deleterious_low_confidence,0.0
BRAF,NM_004333.6,ENST00000496384,c.1448A>T,deleterious_low_confidence,0.0
BRAF,NM_004333.6,ENST00000496384,c.1765A>C,deleterious_low_confidence,0.0
BRAF,NM_004333.6,ENST00000496384,c.1493T>A,deleterious_low_confidence,0.0
BRAF,NM_004333.6,ENST00000496384,c.1411G>A,deleterious_low_confidence,0.0
BRAF,NM_004333.6,ENST00000496384,c.1099C>G,deleterious_low_confidence,0.0
BRAF,NM_004333.6,ENST00000496384,c.644C>T,deleterious_low_confidence,0.0
BRAF,NM_004333.6,ENST00000496384,c.2276G>A,deleterious_low_confidence,0.0
BRAF,NM_004333.6,ENST00000496384,c.1096G>C,deleterious_low_confidence,0.0
BRAF,NM_004333.6,ENST00000496384,c.1501G>C,deleterious_low_confidence,0.0
BRAF,NM_004333.6,ENST00000496384,c.794G>C,deleterious_low_confidence,0.0
BRAF,NM_004333.6,ENST00000496384,c.1749T>G,deleterious_low_confidence,0.05
BRAF,NM_004333.6,ENST00000496384,c.1695T>A,deleterious_low_confidence,0.03
BRAF,NM_004333.6,ENST00000496384,c.1592G>T,deleterious_low_confidence,0.0
BRAF,NM_004333.6,ENST00000496384,c.721A>G,deleterious_low_confidence,0.0
BRAF,NM_004333.6,ENST00000496384,c.1396G>C,deleterious_low_confidence,0.0
BRAF,NM_004333.6,ENST00000496384,c.1591T>A,deleterious_low_confidence,0.0
BRAF,NM_004333.6,ENST00000496384,c.1738A>G,deleterious_low_confidence,0.0
BRAF,NM_004333.6,ENST00000496384,c.2125C>G,deleterious_low_confidence,0.0
BRAF,NM_004333.6,ENST00000496384,c.1390G>C,deleterious_low_confidence,0.0
BRAF,NM_004333.6,ENST00000496384,c.1593G>T,deleterious_low_confidence,0.0
BRAF,NM_004333.6,ENST00000496384,c.1722C>A,deleterious_low_confidence,0.0
BRAF,NM_004333.6,ENST00000496384,c.1574T>G,deleterious_low_confidence,0.0
APOE,NM_000041.4,ENST00000446996,c.127C>T,deleterious,0.0
BRAF,NM_004333.6,ENST00000496384,c.2126A>G,deleterious_low_confidence,0.0
BRAF,NM_004333.6,ENST00000496384,c.1454T>G,deleterious_low_confidence,0.0
BRAF,NM_004333.6,ENST00000496384,c.1592G>C,deleterious_low_confidence,0.0
BRAF,NM_004333.6,ENST00000496384,c.1399T>G,deleterious_low_confidence,0.0
BRAF,NM_004333.6,ENST00000496384,c.1497A>T,deleterious_low_confidence,0.0
BRAF,NM_004333.6,ENST00000496384,c.1402T>C,deleterious_low_confidence,0.0
BRAF,NM_004333.6,ENST00000496384,c.1448A>C,deleterious_low_confidence,0.0
BRAF,NM_004333.6,ENST00000496384,c.1720C>T,deleterious_low_confidence,0.0
BRAF,NM_004333.6,ENST00000496384,c.350T>C,tolerated_low_confidence,1.0
BRAF,NM_004333.6,ENST00000496384,c.433G>T,tolerated_low_confidence,1.0
BRAF,NM_004333.6,ENST00000496384,c.406T>G,tolerated_low_confidence,0.23
BRAF,NM_004333.6,ENST00000496384,c.2224G>A,deleterious_low_confidence,0.0
BRAF,NM_004333.6,ENST00000496384,c.259A>G,deleterious_low_confidence,0.0
BRAF,NM_004333.6,ENST00000496384,c.349A>G,deleterious_low_confidence,0.03
PIK3CA,NM_006218.4,ENST00000263967,c.3145G>T,deleterious,0.0
BRAF,NM_004333.6,ENST00000496384,c.1391G>C,deleterious_low_confidence,0.0
FGFR3,NM_000142.5,ENST00000440486,c.1123G>T,deleterious_low_confidence,0.01
GRIN2A,NM_001134407.3,ENST00000396573,c.2278G>A,deleterious_low_confidence,0.0
GRIN2A,NM_001134407.3,ENST00000396573,c.2191G>A,deleterious_low_confidence,0.0
BRAF,NM_004333.6,ENST00000496384,c.1390G>A,deleterious_low_confidence,0.0
FGFR2,NM_000141.5,ENST00000358487,c.833G>T,deleterious_low_confidence,0.0
FGFR2,NM_000141.5,ENST00000358487,c.943G>T,tolerated_low_confidence,0.31
BRAF,NM_004333.6,ENST00000496384,c.1406G>T,deleterious_low_confidence,0.0
TP53,NM_000546.6,ENST00000635293,c.1015G>C,deleterious_low_confidence,0.03
TP53,NM_000546.6,ENST00000413465,c.364G>A,deleterious,0.0
BRAF,NM_004333.6,ENST00000496384,c.1798G>A,deleterious_low_confidence,0.0
GRIN2A,NM_001134407.3,ENST00000396573,c.1592C>T,deleterious_low_confidence,0.0
GRIN2B,NM_000834.5,ENST00000609686,c.2458G>A,deleterious_low_confidence,0.0
GRIN2B,NM_000834.5,ENST00000609686,c.2515G>A,deleterious_low_confidence,0.0
FGFR3,NM_000142.5,ENST00000340107,c.251C>T,deleterious_low_confidence,0.01
GRIN2A,NM_001134407.3,ENST00000396573,c.236C>G,deleterious_low_confidence,0.0
PTEN,NM_000314.8,ENST00000688308,c.91A>G,deleterious,0.01
PTEN,NM_000314.8,ENST00000688308,c.520T>A,deleterious,0.0
PTEN,NM_000314.8,ENST00000688308,c.181C>G,deleterious,0.0
PTEN,NM_000314.8,ENST00000688308,c.113C>T,deleterious,0.01
PTEN,NM_000314.8,ENST00000688308,c.392C>T,deleterious,0.03
FGFR1,NM_023110.3,ENST00000619564,c.1042G>A,deleterious_low_confidence,0.0
PIK3CA,NM_006218.4,ENST00000263967,c.3061T>C,deleterious,0.0
PIK3CA,NM_006218.4,ENST00000263967,c.311C>T,deleterious,0.0
PIK3CA,NM_006218.4,ENST00000263967,c.1625A>G,deleterious,0.02
MTOR,NM_004958.4,ENST00000703140,c.5351G>A,tolerated_low_confidence,0.14
MTOR,NM_004958.4,ENST00000703143,c.5138C>T,deleterious_low_confidence,0.0
MTOR,NM_004958.4,ENST00000703143,c.3352A>G,tolerated_low_confidence,0.4
MTOR,NM_004958.4,ENST00000703143,c.5048G>A,tolerated_low_confidence,0.18
MTOR,NM_004958.4,ENST00000703143,c.5494G>A,tolerated_low_confidence,0.2
CDH1,NM_004360.5,ENST00000261769,c.1703C>G,deleterious,0.01
MTOR,NM_004958.4,ENST00000703143,c.5662T>C,deleterious_low_confidence,0.02
MTOR,NM_004958.4,ENST00000703140,c.1081T>A,tolerated_low_confidence,0.31
MTOR,NM_004958.4,ENST00000703140,c.482A>G,deleterious_low_confidence,0.03
MTOR,NM_004958.4,ENST00000703143,c.5187G>T,tolerated_low_confidence,0.08
MTOR,NM_004958.4,ENST00000703140,c.831G>T,tolerated_low_confidence,0.41
CDH1,NM_004360.5,ENST00000261769,c.92G>T,deleterious,0.02
MTOR,NM_004958.4,ENST00000703140,c.1909A>G,tolerated_low_confidence,0.17
MTOR,NM_004958.4,ENST00000703143,c.5350C>T,deleterious_low_confidence,0.01
MTOR,NM_004958.4,ENST00000703140,c.1882C>T,deleterious_low_confidence,0.05
MTOR,NM_004958.4,ENST00000703140,c.4846C>T,deleterious_low_confidence,0.01
MTOR,NM_004958.4,ENST00000703143,c.4941T>G,tolerated_low_confidence,0.69
BRAF,NM_004333.6,ENST00000496384,c.785A>C,deleterious_low_confidence,0.0
GRIN2A,NM_001134407.3,ENST00000396573,c.1553G>A,deleterious_low_confidence,0.01
BRAF,NM_004333.6,ENST00000496384,c.1798G>T,deleterious_low_confidence,0.02
BRAF,NM_004333.6,ENST00000496384,c.1406G>C,deleterious_low_confidence,0.0
PIK3CA,NM_006218.4,ENST00000263967,c.115G>A,deleterious,0.0
PIK3CA,NM_006218.4,ENST00000263967,c.113G>A,deleterious,0.0
PIK3CA,NM_006218.4,ENST00000263967,c.1616C>G,deleterious,0.02
PIK3CA,NM_006218.4,ENST00000263967,c.1634A>C,deleterious,0.0
GRIN2B,NM_000834.5,ENST00000609686,c.2238C>G,deleterious_low_confidence,0.0
GRIN2B,NM_000834.5,ENST00000609686,c.2455G>T,deleterious_low_confidence,0.0
GRIN2B,NM_000834.5,ENST00000609686,c.1456C>T,deleterious_low_confidence,0.0
GRIN2B,NM_000834.5,ENST00000609686,c.2001C>A,deleterious_low_confidence,0.0
GRIN2B,NM_000834.5,ENST00000609686,c.2084T>G,deleterious_low_confidence,0.0
GRIN2B,NM_000834.5,ENST00000609686,c.2251A>C,deleterious_low_confidence,0.02
GRIN2B,NM_000834.5,ENST00000609686,c.1955C>G,deleterious_low_confidence,0.0
GRIN2B,NM_000834.5,ENST00000609686,c.509C>T,deleterious_low_confidence,0.0
GRIN2B,NM_000834.5,ENST00000609686,c.2452A>T,deleterious_low_confidence,0.0
GRIN2B,NM_000834.5,ENST00000609686,c.1744C>T,deleterious_low_confidence,0.0
GRIN2B,NM_000834.5,ENST00000609686,c.2454G>A,deleterious_low_confidence,0.0
GRIN2B,NM_000834.5,ENST00000609686,c.2472G>A,deleterious_low_confidence,0.0
GRIN2B,NM_000834.5,ENST00000609686,c.1971G>C,deleterious_low_confidence,0.0
GRIN2B,NM_000834.5,ENST00000609686,c.2189T>C,deleterious_low_confidence,0.0
GRIN2B,NM_000834.5,ENST00000609686,c.1458T>A,deleterious_low_confidence,0.0
GRIN2B,NM_000834.5,ENST00000609686,c.2196T>G,deleterious_low_confidence,0.0
GRIN2B,NM_000834.5,ENST00000609686,c.2026G>A,deleterious_low_confidence,0.0
GRIN2B,NM_000834.5,ENST00000609686,c.2471T>A,deleterious_low_confidence,0.0
GRIN2B,NM_000834.5,ENST00000609686,c.1549G>A,deleterious_low_confidence,0.03
GRIN2B,NM_000834.5,ENST00000609686,c.2470A>G,deleterious_low_confidence,0.0
GRIN2B,NM_000834.5,ENST00000609686,c.2198C>A,deleterious_low_confidence,0.0
GRIN2B,NM_000834.5,ENST00000609686,c.1627G>A,deleterious_low_confidence,0.0
GRIN2B,NM_000834.5,ENST00000609686,c.1237G>A,deleterious_low_confidence,0.0
GRIN2B,NM_000834.5,ENST00000609686,c.1685T>G,deleterious_low_confidence,0.0
GRIN2B,NM_000834.5,ENST00000609686,c.1496G>T,deleterious_low_confidence,0.0
GRIN2B,NM_000834.5,ENST00000609686,c.2197G>C,deleterious_low_confidence,0.0
GRIN2B,NM_000834.5,ENST00000609686,c.1847A>G,deleterious_low_confidence,0.0
GRIN2B,NM_000834.5,ENST00000609686,c.2555G>C,deleterious_low_confidence,0.0
GRIN2B,NM_000834.5,ENST00000609686,c.1280G>T,deleterious_low_confidence,0.0
GRIN2B,NM_000834.5,ENST00000609686,c.2125T>G,deleterious_low_confidence,0.0
GRIN2B,NM_000834.5,ENST00000609686,c.2216T>G,deleterious_low_confidence,0.0
GRIN2B,NM_000834.5,ENST00000609686,c.2455G>A,deleterious_low_confidence,0.0
GRIN2B,NM_000834.5,ENST00000609686,c.2456C>T,deleterious_low_confidence,0.0
GRIN2B,NM_000834.5,ENST00000609686,c.1607T>C,deleterious_low_confidence,0.0
GRIN2B,NM_000834.5,ENST00000609686,c.2453T>A,deleterious_low_confidence,0.0
GRIN2B,NM_000834.5,ENST00000609686,c.1646C>T,deleterious_low_confidence,0.0
GRIN2B,NM_000834.5,ENST00000609686,c.2236T>A,deleterious_low_confidence,0.0
GRIN2B,NM_000834.5,ENST00000609686,c.1985A>C,deleterious_low_confidence,0.0
GRIN2B,NM_000834.5,ENST00000609686,c.1963A>T,deleterious_low_confidence,0.0
GRIN2B,NM_000834.5,ENST00000609686,c.1906G>C,deleterious_low_confidence,0.0
GRIN2B,NM_000834.5,ENST00000609686,c.1883C>T,deleterious_low_confidence,0.0
GRIN2B,NM_000834.5,ENST00000609686,c.1883C>G,deleterious_low_confidence,0.0
GRIN2B,NM_000834.5,ENST00000609686,c.1848C>G,deleterious_low_confidence,0.0
GRIN2B,NM_000834.5,ENST00000609686,c.1845C>G,deleterious_low_confidence,0.0
GRIN2B,NM_000834.5,ENST00000609686,c.1821G>T,deleterious_low_confidence,0.0
GRIN2B,NM_000834.5,ENST00000609686,c.1573T>G,deleterious_low_confidence,0.0
GRIN2B,NM_000834.5,ENST00000609686,c.1540A>G,deleterious_low_confidence,0.0
GRIN2B,NM_000834.5,ENST00000609686,c.2473T>G,deleterious_low_confidence,0.0
GRIN2B,NM_000834.5,ENST00000609686,c.2419G>A,deleterious_low_confidence,0.0
GRIN2B,NM_000834.5,ENST00000609686,c.2079A>T,deleterious_low_confidence,0.0
GRIN2B,NM_000834.5,ENST00000609686,c.2060C>G,deleterious_low_confidence,0.0
GRIN2B,NM_000834.5,ENST00000609686,c.1907C>T,deleterious_low_confidence,0.0
GRIN2B,NM_000834.5,ENST00000609686,c.2458G>C,deleterious_low_confidence,0.0
GRIN2B,NM_000834.5,ENST00000609686,c.1954G>C,deleterious_low_confidence,0.0
GRIN2B,NM_000834.5,ENST00000609686,c.2117T>A,deleterious_low_confidence,0.0
GRIN2B,NM_000834.5,ENST00000609686,c.1849T>A,deleterious_low_confidence,0.0
GRIN2B,NM_000834.5,ENST00000609686,c.2072C>G,deleterious_low_confidence,0.0
GRIN2B,NM_000834.5,ENST00000609686,c.2192A>G,deleterious_low_confidence,0.0
GRIN2B,NM_000834.5,ENST00000609686,c.2402G>A,deleterious_low_confidence,0.0
GRIN2B,NM_000834.5,ENST00000609686,c.1223T>C,deleterious_low_confidence,0.0
GRIN2B,NM_000834.5,ENST00000609686,c.1382G>A,deleterious_low_confidence,0.0
GRIN2B,NM_000834.5,ENST00000609686,c.1844A>G,deleterious_low_confidence,0.03
GRIN2B,NM_000834.5,ENST00000609686,c.1628G>A,deleterious_low_confidence,0.0
GRIN2B,NM_000834.5,ENST00000609686,c.2410G>A,deleterious_low_confidence,0.0
GRIN2B,NM_000834.5,ENST00000609686,c.2150C>T,deleterious_low_confidence,0.0
GRIN2B,NM_000834.5,ENST00000609686,c.2461G>T,deleterious_low_confidence,0.0
GRIN2B,NM_000834.5,ENST00000609686,c.2480C>A,deleterious_low_confidence,0.0
GRIN2B,NM_000834.5,ENST00000609686,c.1576T>C,deleterious_low_confidence,0.0
GRIN2B,NM_000834.5,ENST00000609686,c.2341C>G,deleterious_low_confidence,0.01
GRIN2B,NM_000834.5,ENST00000609686,c.3881A>C,tolerated_low_confidence,0.17
GRIN2B,NM_000834.5,ENST00000609686,c.973C>G,tolerated_low_confidence,0.12
GRIN2B,NM_000834.5,ENST00000609686,c.4359C>A,deleterious_low_confidence,0.01
GRIN2B,NM_000834.5,ENST00000609686,c.3233C>G,tolerated_low_confidence,0.08
GRIN2B,NM_000834.5,ENST00000609686,c.3792C>G,tolerated_low_confidence,0.52
GRIN2B,NM_000834.5,ENST00000609686,c.2745T>A,deleterious_low_confidence,0.0
GRIN2B,NM_000834.5,ENST00000609686,c.856G>C,deleterious_low_confidence,0.0
GRIN2B,NM_000834.5,ENST00000609686,c.362C>T,tolerated_low_confidence,1.0
GRIN2B,NM_000834.5,ENST00000609686,c.2698C>T,deleterious_low_confidence,0.0
GRIN2B,NM_000834.5,ENST00000609686,c.3550G>A,tolerated_low_confidence,0.07
GRIN2B,NM_000834.5,ENST00000609686,c.2816G>T,deleterious_low_confidence,0.0
GRIN2B,NM_000834.5,ENST00000609686,c.370C>G,deleterious_low_confidence,0.0
GRIN2B,NM_000834.5,ENST00000609686,c.3641T>C,deleterious_low_confidence,0.03
GRIN2B,NM_000834.5,ENST00000609686,c.4021G>C,deleterious_low_confidence,0.01
GRIN2B,NM_000834.5,ENST00000609686,c.3943G>A,deleterious_low_confidence,0.04
GRIN2B,NM_000834.5,ENST00000609686,c.313C>G,deleterious_low_confidence,0.0
GRIN2B,NM_000834.5,ENST00000609686,c.511A>G,deleterious_low_confidence,0.01
GRIN2B,NM_000834.5,ENST00000609686,c.2717A>G,deleterious_low_confidence,0.0
GRIN2B,NM_000834.5,ENST00000609686,c.2552T>C,deleterious_low_confidence,0.01
GRIN2B,NM_000834.5,ENST00000609686,c.3964G>T,deleterious_low_confidence,0.01
GRIN2B,NM_000834.5,ENST00000609686,c.3082C>T,deleterious_low_confidence,0.02
GRIN2B,NM_000834.5,ENST00000609686,c.4289T>C,tolerated_low_confidence,0.28
GRIN2B,NM_000834.5,ENST00000609686,c.3160G>A,tolerated_low_confidence,0.16
GRIN2B,NM_000834.5,ENST00000609686,c.4337T>A,deleterious_low_confidence,0.0
GRIN2B,NM_000834.5,ENST00000609686,c.4162A>G,deleterious_low_confidence,0.02
GRIN2B,NM_000834.5,ENST00000609686,c.4102G>T,deleterious_low_confidence,0.0
GRIN2B,NM_000834.5,ENST00000609686,c.3991A>C,tolerated_low_confidence,1.0
GRIN2B,NM_000834.5,ENST00000609686,c.4075G>T,tolerated_low_confidence,0.61
GRIN2B,NM_000834.5,ENST00000609686,c.4148C>T,deleterious_low_confidence,0.0
GRIN2B,NM_000834.5,ENST00000609686,c.3722G>A,deleterious_low_confidence,0.0
GRIN2B,NM_000834.5,ENST00000609686,c.568A>G,deleterious_low_confidence,0.03
GRIN2B,NM_000834.5,ENST00000609686,c.3344G>A,tolerated_low_confidence,0.37
GRIN2B,NM_000834.5,ENST00000609686,c.425T>C,deleterious_low_confidence,0.0
GRIN2B,NM_000834.5,ENST00000609686,c.188C>T,deleterious_low_confidence,0.0
GRIN2B,NM_000834.5,ENST00000609686,c.3148A>G,tolerated_low_confidence,1.0
GRIN2B,NM_000834.5,ENST00000609686,c.76G>A,deleterious_low_confidence,0.05
GRIN2B,NM_000834.5,ENST00000609686,c.2538C>A,tolerated_low_confidence,1.0
GRIN2B,NM_000834.5,ENST00000609686,c.3049T>G,tolerated_low_confidence,0.15
GRIN2B,NM_000834.5,ENST00000609686,c.959G>C,deleterious_low_confidence,0.01
GRIN2B,NM_000834.5,ENST00000609686,c.3950T>C,tolerated_low_confidence,0.2
GRIN2B,NM_000834.5,ENST00000609686,c.4093A>C,tolerated_low_confidence,0.21
GRIN2B,NM_000834.5,ENST00000609686,c.598G>C,deleterious_low_confidence,0.01
GRIN2B,NM_000834.5,ENST00000609686,c.3473G>T,deleterious_low_confidence,0.03
GRIN2B,NM_000834.5,ENST00000609686,c.619A>G,deleterious_low_confidence,0.03
GRIN2B,NM_000834.5,ENST00000609686,c.2665G>A,deleterious_low_confidence,0.03
GRIN2B,NM_000834.5,ENST00000609686,c.3514C>T,tolerated_low_confidence,1.0
GRIN2B,NM_000834.5,ENST00000609686,c.3340C>T,tolerated_low_confidence,0.05
GRIN2B,NM_000834.5,ENST00000609686,c.3543C>A,deleterious_low_confidence,0.04
GRIN2B,NM_000834.5,ENST00000609686,c.4286C>T,tolerated_low_confidence,0.56
GRIN2B,NM_000834.5,ENST00000609686,c.3805C>T,tolerated_low_confidence,0.14
GRIN2B,NM_000834.5,ENST00000609686,c.3141C>A,deleterious_low_confidence,0.04
GRIN2B,NM_000834.5,ENST00000609686,c.3127T>G,deleterious_low_confidence,0.0
GRIN2B,NM_000834.5,ENST00000609686,c.3365A>G,deleterious_low_confidence,0.01
GRIN2B,NM_000834.5,ENST00000609686,c.4321C>T,deleterious_low_confidence,0.0
GRIN2B,NM_000834.5,ENST00000609686,c.4229C>G,deleterious_low_confidence,0.05
GRIN2B,NM_000834.5,ENST00000609686,c.4031C>T,deleterious_low_confidence,0.0
GRIN2B,NM_000834.5,ENST00000609686,c.868C>T,tolerated_low_confidence,0.08
GRIN2B,NM_000834.5,ENST00000609686,c.1318A>G,tolerated_low_confidence,0.09
GRIN2B,NM_000834.5,ENST00000609686,c.3685G>A,tolerated_low_confidence,0.16
GRIN2B,NM_000834.5,ENST00000609686,c.871G>A,deleterious_low_confidence,0.03
GRIN2B,NM_000834.5,ENST00000609686,c.278A>G,tolerated_low_confidence,0.74
GRIN2B,NM_000834.5,ENST00000609686,c.2325G>C,tolerated_low_confidence,0.36
GRIN2B,NM_000834.5,ENST00000609686,c.3389G>T,deleterious_low_confidence,0.0
GRIN2B,NM_000834.5,ENST00000609686,c.3673T>A,tolerated_low_confidence,0.22
GRIN2B,NM_000834.5,ENST00000609686,c.4270C>T,tolerated_low_confidence,0.24
GRIN2B,NM_000834.5,ENST00000637214,c.92G>C,deleterious_low_confidence,0.01
GRIN2B,NM_000834.5,ENST00000609686,c.4229C>T,tolerated_low_confidence,0.09
GRIN2B,NM_000834.5,ENST00000609686,c.2854C>T,deleterious_low_confidence,0.0
GRIN2B,NM_000834.5,ENST00000609686,c.2960A>G,deleterious_low_confidence,0.0
GRIN2B,NM_000834.5,ENST00000609686,c.3886A>C,deleterious_low_confidence,0.02
GRIN2B,NM_000834.5,ENST00000609686,c.3683C>T,deleterious_low_confidence,0.03
GRIN2B,NM_000834.5,ENST00000609686,c.2975A>G,tolerated_low_confidence,0.39
GRIN2B,NM_000834.5,ENST00000609686,c.1664G>C,deleterious_low_confidence,0.0
GRIN2B,NM_000834.5,ENST00000609686,c.1606G>A,deleterious_low_confidence,0.0
GRIN2B,NM_000834.5,ENST00000609686,c.1623C>G,deleterious_low_confidence,0.0
GRIN2B,NM_000834.5,ENST00000609686,c.1618C>T,deleterious_low_confidence,0.0
GRIN2B,NM_000834.5,ENST00000609686,c.1831G>C,deleterious_low_confidence,0.0
GRIN2B,NM_000834.5,ENST00000609686,c.1238A>G,deleterious_low_confidence,0.0
GRIN2B,NM_000834.5,ENST00000609686,c.4114A>G,tolerated_low_confidence,0.15
GRIN2B,NM_000834.5,ENST00000637214,c.14C>T,deleterious_low_confidence,0.03
GRIN2B,NM_000834.5,ENST00000609686,c.3638A>T,deleterious_low_confidence,0.0
GRIN2B,NM_000834.5,ENST00000609686,c.1213C>T,deleterious_low_confidence,0.0
GRIN2B,NM_000834.5,ENST00000609686,c.544T>C,deleterious_low_confidence,0.0
GRIN2B,NM_000834.5,ENST00000609686,c.1786G>A,deleterious_low_confidence,0.0
GRIN2B,NM_000834.5,ENST00000609686,c.533G>A,deleterious_low_confidence,0.0
GRIN2B,NM_000834.5,ENST00000609686,c.199C>T,deleterious_low_confidence,0.0
GRIN2B,NM_000834.5,ENST00000609686,c.511A>T,deleterious_low_confidence,0.0
GRIN2B,NM_000834.5,ENST00000609686,c.4385C>A,deleterious_low_confidence,0.0
GRIN2B,NM_000834.5,ENST00000609686,c.2897T>A,deleterious_low_confidence,0.0
GRIN2B,NM_000834.5,ENST00000609686,c.1126G>A,deleterious_low_confidence,0.0
GRIN2B,NM_000834.5,ENST00000609686,c.3968G>A,deleterious_low_confidence,0.0
GRIN2B,NM_000834.5,ENST00000609686,c.3302A>T,deleterious_low_confidence,0.0
GRIN2B,NM_000834.5,ENST00000609686,c.631G>A,deleterious_low_confidence,0.0
GRIN2B,NM_000834.5,ENST00000609686,c.4421A>G,deleterious_low_confidence,0.0
GRIN2B,NM_000834.5,ENST00000609686,c.920T>G,deleterious_low_confidence,0.0
GRIN2B,NM_000834.5,ENST00000609686,c.3433C>T,deleterious_low_confidence,0.0
GRIN2B,NM_000834.5,ENST00000609686,c.3043T>A,deleterious_low_confidence,0.01
GRIN2B,NM_000834.5,ENST00000609686,c.3296G>A,deleterious_low_confidence,0.0
GRIN2B,NM_000834.5,ENST00000609686,c.2708G>A,deleterious_low_confidence,0.0
GRIN2B,NM_000834.5,ENST00000609686,c.2479G>A,deleterious_low_confidence,0.0
GRIN2B,NM_000834.5,ENST00000609686,c.2761G>C,deleterious_low_confidence,0.0
GRIN2B,NM_000834.5,ENST00000609686,c.3920T>C,deleterious_low_confidence,0.0
GRIN2B,NM_000834.5,ENST00000609686,c.3343C>A,tolerated_low_confidence,0.15
GRIN2B,NM_000834.5,ENST00000609686,c.3253T>C,deleterious_low_confidence,0.02
GRIN2B,NM_000834.5,ENST00000609686,c.3838A>G,tolerated_low_confidence,0.11
GRIN2B,NM_000834.5,ENST00000609686,c.2741T>C,deleterious_low_confidence,0.01
GRIN2B,NM_000834.5,ENST00000609686,c.4416T>G,deleterious_low_confidence,0.0
GRIN2B,NM_000834.5,ENST00000609686,c.3505G>A,deleterious_low_confidence,0.02
GRIN2B,NM_000834.5,ENST00000609686,c.3275G>A,deleterious_low_confidence,0.0
GRIN2B,NM_000834.5,ENST00000609686,c.1852G>A,deleterious_low_confidence,0.03
GRIN2B,NM_000834.5,ENST00000609686,c.1022A>T,deleterious_low_confidence,0.0
GRIN2B,NM_000834.5,ENST00000609686,c.1664G>T,deleterious_low_confidence,0.0
GRIN2B,NM_000834.5,ENST00000609686,c.2429G>A,deleterious_low_confidence,0.0
GRIN2B,NM_000834.5,ENST00000609686,c.2225G>T,deleterious_low_confidence,0.0
GRIN2B,NM_000834.5,ENST00000609686,c.2060C>T,deleterious_low_confidence,0.0
GRIN2B,NM_000834.5,ENST00000609686,c.1367G>A,deleterious_low_confidence,0.0
FGFR2,NM_000141.5,ENST00000358487,c.1024T>G,deleterious_low_confidence,0.0
FGFR2,NM_000141.5,ENST00000358487,c.799T>C,deleterious_low_confidence,0.0
GRIN2B,NM_000834.5,ENST00000609686,c.2431A>T,deleterious_low_confidence,0.0
GRIN2B,NM_000834.5,ENST00000609686,c.3949C>G,tolerated_low_confidence,0.27
GRIN2B,NM_000834.5,ENST00000609686,c.4318G>T,tolerated_low_confidence,0.18
GRIN2B,NM_000834.5,ENST00000609686,c.2044C>T,deleterious_low_confidence,0.0
MTOR,NM_004958.4,ENST00000703140,c.1145A>G,tolerated_low_confidence,0.53
TP53,NM_000546.6,ENST00000622645,c.1136G>T,deleterious,0.0
TP53,NM_000546.6,ENST00000359597,c.907A>G,tolerated,0.51
GRIN2B,NM_000834.5,ENST00000609686,c.1844A>T,deleterious_low_confidence,0.0
GRIN2B,NM_000834.5,ENST00000609686,c.1853T>G,deleterious_low_confidence,0.0
MTOR,NM_004958.4,ENST00000703143,c.6981G>A,deleterious_low_confidence,0.0
GRIN2B,NM_000834.5,ENST00000609686,c.2938G>A,deleterious_low_confidence,0.01
BRAF,NM_004333.6,ENST00000496384,c.1455G>T,deleterious_low_confidence,0.0
GRIN2B,NM_000834.5,ENST00000609686,c.2825C>T,deleterious_low_confidence,0.0
PIK3CA,NM_006218.4,ENST00000263967,c.3062A>G,deleterious,0.0
PTEN,NM_000314.8,ENST00000688308,c.64G>C,deleterious,0.0
PTEN,NM_000314.8,ENST00000688308,c.106G>C,deleterious,0.0
PIK3CA,NM_006218.4,ENST00000263967,c.1438T>C,tolerated,0.13
MTOR,NM_004958.4,ENST00000703140,c.7216G>A,tolerated_low_confidence,0.15
PIK3CA,NM_006218.4,ENST00000263967,c.1635G>T,tolerated,0.09
FGFR1,NM_023110.3,ENST00000649678,c.394G>A,deleterious_low_confidence,0.0
PIK3CA,NM_006218.4,ENST00000263967,c.3129G>T,deleterious,0.04
CDH1,NM_004360.5,ENST00000261769,c.113C>A,tolerated,0.07
MTOR,NM_004958.4,ENST00000703143,c.5663T>G,deleterious_low_confidence,0.0
BRAF,NM_004333.6,ENST00000496384,c.1742A>G,deleterious_low_confidence,0.05
GRIN2A,NM_001134407.3,ENST00000396573,c.2179G>A,deleterious_low_confidence,0.0
GRIN2B,NM_000834.5,ENST00000609686,c.2056G>A,deleterious_low_confidence,0.0
GRIN2B,NM_000834.5,ENST00000609686,c.2459G>A,deleterious_low_confidence,0.0
GRIN2B,NM_000834.5,ENST00000609686,c.1916C>T,deleterious_low_confidence,0.0
PTEN,NM_000314.8,ENST00000688308,c.477G>T,deleterious,0.0
MTOR,NM_004958.4,ENST00000703140,c.985G>A,tolerated_low_confidence,0.18
TP53,NM_000546.6,ENST00000359597,c.943T>A,tolerated,0.21
IDH1,NM_005896.4,ENST00000345146,c.395G>A,tolerated_low_confidence,0.07
NTRK2,NM_006180.6,ENST00000692804,c.500C>A,deleterious_low_confidence,0.01
PIK3CA,NM_006218.4,ENST00000263967,c.1031T>G,deleterious,0.0
TP53,NM_000546.6,ENST00000413465,c.799C>G,tolerated_low_confidence,0.53
VHL,NM_000551.4,ENST00000256474,c.302T>A,deleterious,0.0
VHL,NM_000551.4,ENST00000256474,c.226T>C,deleterious,0.01
VHL,NM_000551.4,ENST00000256474,c.251T>A,deleterious,0.0
VHL,NM_000551.4,ENST00000256474,c.397A>C,tolerated,0.05
VHL,NM_000551.4,ENST00000256474,c.463G>T,deleterious,0.02
GRIN2B,NM_000834.5,ENST00000609686,c.1376G>A,deleterious_low_confidence,0.0
BRAF,NM_004333.6,ENST00000496384,c.1802A>C,deleterious_low_confidence,0.02
VHL,NM_000551.4,ENST00000256474,c.482G>C,deleterious,0.0
VHL,NM_000551.4,ENST00000256474,c.343C>T,deleterious,0.0
VHL,NM_000551.4,ENST00000256474,c.11G>A,tolerated_low_confidence,1.0
VHL,NM_000551.4,ENST00000256474,c.236G>C,deleterious,0.0
VHL,NM_000551.4,ENST00000256474,c.226T>A,deleterious,0.0
GRIN2B,NM_000834.5,ENST00000609686,c.2116A>G,deleterious_low_confidence,0.0
GRIN2B,NM_000834.5,ENST00000609686,c.3239G>A,tolerated_low_confidence,0.46
PTEN,NM_000314.8,ENST00000688308,c.191A>C,deleterious,0.0
PTEN,NM_000314.8,ENST00000688308,c.517C>G,deleterious,0.0
PTEN,NM_000314.8,ENST00000688308,c.827A>G,deleterious,0.0
PTEN,NM_000314.8,ENST00000700029,c.-513G>C,deleterious_low_confidence,0.0
KLLN,NM_001126049.2,ENST00000445946,c.392A>G,tolerated,1.0
KLLN,NM_001126049.2,ENST00000445946,c.445T>A,tolerated,0.08
PTEN,NM_000314.8,ENST00000688308,c.761A>C,deleterious,0.0
GRIN2B,NM_000834.5,ENST00000609686,c.2644T>G,deleterious_low_confidence,0.0
GRIN2B,NM_000834.5,ENST00000609686,c.2813G>A,deleterious_low_confidence,0.0
GRIN2B,NM_000834.5,ENST00000609686,c.4066G>A,tolerated_low_confidence,0.12
PTEN,NM_000314.8,ENST00000688308,c.-12A>T,deleterious_low_confidence,0.0
PTEN,NM_000314.8,ENST00000688308,c.494G>T,deleterious,0.02
PTEN,NM_000314.8,ENST00000688308,c.402G>T,deleterious,0.0
PTEN,NM_000314.8,ENST00000688308,c.355G>C,deleterious,0.03
VHL,NM_000551.4,ENST00000256474,c.475A>G,deleterious,0.0
TP53,NM_000546.6,ENST00000455263,c.1163A>C,tolerated,0.26
KRAS,NM_004985.5,ENST00000256078,c.108A>G,deleterious_low_confidence,0.0
TP53,NM_000546.6,ENST00000413465,c.695T>A,deleterious,0.0
TP53,NM_000546.6,ENST00000413465,c.325T>A,deleterious,0.0
PTEN,NM_000314.8,ENST00000688308,c.402G>C,deleterious,0.0
PTEN,NM_000314.8,ENST00000688308,c.59G>T,deleterious,0.0
CDH1,NM_004360.5,ENST00000261769,c.161G>A,tolerated,0.83
CDH1,NM_004360.5,ENST00000261769,c.223T>C,deleterious,0.05
PTEN,NM_000314.8,ENST00000688308,c.721T>C,tolerated,0.09
FGFR3,NM_000142.5,ENST00000440486,c.1345C>T,deleterious_low_confidence,0.0
GRIN2B,NM_000834.5,ENST00000609686,c.1649T>C,deleterious_low_confidence,0.0
VHL,NM_000551.4,ENST00000256474,c.357C>A,deleterious,0.0
GRIN2A,NM_001134407.3,ENST00000396573,c.1201C>G,tolerated_low_confidence,0.75
GRIN2A,NM_001134407.3,ENST00000396573,c.2681T>A,deleterious_low_confidence,0.0
GRIN2A,NM_001134407.3,ENST00000396573,c.2809G>A,tolerated_low_confidence,0.27
GRIN2A,NM_001134407.3,ENST00000396573,c.3028C>A,deleterious_low_confidence,0.01
GRIN2A,NM_001134407.3,ENST00000396573,c.3915C>G,deleterious_low_confidence,0.04
BRAF,NM_004333.6,ENST00000496384,c.1743T>A,deleterious_low_confidence,0.0
BRAF,NM_004333.6,ENST00000496384,c.1802A>T,deleterious_low_confidence,0.0
GRIN2A,NM_001134407.3,ENST00000396573,c.2264T>A,deleterious_low_confidence,0.0
GRIN2A,NM_001134407.3,ENST00000396573,c.2456G>T,deleterious_low_confidence,0.0
GRIN2A,NM_001134407.3,ENST00000396573,c.2407G>A,deleterious_low_confidence,0.0
GRIN2A,NM_001134407.3,ENST00000396573,c.1959G>T,deleterious_low_confidence,0.0
GRIN2A,NM_001134407.3,ENST00000396573,c.1643C>G,deleterious_low_confidence,0.0
GRIN2A,NM_001134407.3,ENST00000396573,c.1307G>T,deleterious_low_confidence,0.0
GRIN2A,NM_001134407.3,ENST00000396573,c.1937C>G,deleterious_low_confidence,0.0
GRIN2A,NM_001134407.3,ENST00000396573,c.3G>T,deleterious_low_confidence,0.0
GRIN2A,NM_001134407.3,ENST00000396573,c.1328A>G,tolerated_low_confidence,0.05
GRIN2A,NM_001134407.3,ENST00000396573,c.2258G>C,deleterious_low_confidence,0.0
GRIN2A,NM_001134407.3,ENST00000396573,c.1895C>T,deleterious_low_confidence,0.0
GRIN2A,NM_001134407.3,ENST00000396573,c.4067C>G,deleterious_low_confidence,0.0
GRIN2A,NM_001134407.3,ENST00000396573,c.1924C>A,deleterious_low_confidence,0.0
GRIN2A,NM_001134407.3,ENST00000396573,c.2658T>A,deleterious_low_confidence,0.01
GRIN2A,NM_001134407.3,ENST00000396573,c.728C>T,deleterious_low_confidence,0.0
GRIN2A,NM_001134407.3,ENST00000396573,c.1630G>A,deleterious_low_confidence,0.0
GRIN2A,NM_001134407.3,ENST00000396573,c.2077A>G,deleterious_low_confidence,0.0
GRIN2A,NM_001134407.3,ENST00000396573,c.1373G>A,deleterious_low_confidence,0.0
GRIN2A,NM_001134407.3,ENST00000396573,c.292C>T,deleterious_low_confidence,0.0
GRIN2A,NM_001134407.3,ENST00000396573,c.1912G>A,deleterious_low_confidence,0.0
GRIN2A,NM_001134407.3,ENST00000396573,c.1849G>A,deleterious_low_confidence,0.0
GRIN2A,NM_001134407.3,ENST00000396573,c.2326G>A,deleterious_low_confidence,0.0
GRIN2A,NM_001134407.3,ENST00000396573,c.2113A>G,deleterious_low_confidence,0.0
GRIN2A,NM_001134407.3,ENST00000396573,c.2063G>C,deleterious_low_confidence,0.0
GRIN2A,NM_001134407.3,ENST00000396573,c.1959G>A,deleterious_low_confidence,0.0
GRIN2A,NM_001134407.3,ENST00000396573,c.1957A>G,deleterious_low_confidence,0.0
GRIN2A,NM_001134407.3,ENST00000396573,c.1930A>G,deleterious_low_confidence,0.0
GRIN2A,NM_001134407.3,ENST00000396573,c.1642G>A,deleterious_low_confidence,0.0
GRIN2A,NM_001134407.3,ENST00000396573,c.1232T>A,deleterious_low_confidence,0.0
GRIN2A,NM_001134407.3,ENST00000396573,c.691T>C,deleterious_low_confidence,0.0
GRIN2A,NM_001134407.3,ENST00000396573,c.551T>G,deleterious_low_confidence,0.0
GRIN2A,NM_001134407.3,ENST00000396573,c.1961T>G,deleterious_low_confidence,0.0
GRIN2A,NM_001134407.3,ENST00000396573,c.2054T>G,deleterious_low_confidence,0.0
GRIN2A,NM_001134407.3,ENST00000396573,c.1285T>C,deleterious_low_confidence,0.0
GRIN2A,NM_001134407.3,ENST00000396573,c.2079C>G,deleterious_low_confidence,0.0
GRIN2A,NM_001134407.3,ENST00000396573,c.1847C>T,deleterious_low_confidence,0.0
GRIN2A,NM_001134407.3,ENST00000396573,c.1639T>C,deleterious_low_confidence,0.0
GRIN2A,NM_001134407.3,ENST00000396573,c.1691T>G,deleterious_low_confidence,0.0
GRIN2A,NM_001134407.3,ENST00000396573,c.2289T>G,deleterious_low_confidence,0.0
GRIN2A,NM_001134407.3,ENST00000396573,c.2189A>G,deleterious_low_confidence,0.0
GRIN2A,NM_001134407.3,ENST00000396573,c.1939G>T,deleterious_low_confidence,0.0
GRIN2A,NM_001134407.3,ENST00000396573,c.1673G>C,deleterious_low_confidence,0.0
GRIN2A,NM_001134407.3,ENST00000396573,c.2497A>G,deleterious_low_confidence,0.01
GRIN2A,NM_001134407.3,ENST00000396573,c.3223G>A,tolerated_low_confidence,0.1
GRIN2A,NM_001134407.3,ENST00000396573,c.3976G>A,deleterious_low_confidence,0.0
GRIN2A,NM_001134407.3,ENST00000396573,c.2859G>C,tolerated_low_confidence,0.83
GRIN2A,NM_001134407.3,ENST00000396573,c.1802T>C,deleterious_low_confidence,0.0
GRIN2A,NM_001134407.3,ENST00000396573,c.1345G>T,deleterious_low_confidence,0.0
GRIN2A,NM_001134407.3,ENST00000396573,c.1341T>A,tolerated_low_confidence,0.36
GRIN2A,NM_001134407.3,ENST00000396573,c.4184C>T,tolerated_low_confidence,0.12
GRIN2A,NM_001134407.3,ENST00000396573,c.566C>A,tolerated_low_confidence,0.1
GRIN2A,NM_001134407.3,ENST00000396573,c.418C>G,tolerated_low_confidence,0.35
GRIN2A,NM_001134407.3,ENST00000396573,c.1770A>C,deleterious_low_confidence,0.01
GRIN2A,NM_001134407.3,ENST00000396573,c.1057G>A,deleterious_low_confidence,0.0
GRIN2A,NM_001134407.3,ENST00000396573,c.2147C>T,deleterious_low_confidence,0.0
GRIN2A,NM_001134407.3,ENST00000396573,c.2314A>G,deleterious_low_confidence,0.0
GRIN2A,NM_001134407.3,ENST00000396573,c.1382T>A,deleterious_low_confidence,0.0
PTEN,NM_000314.8,ENST00000688308,c.486C>G,deleterious,0.0
KLLN,NM_001126049.2,ENST00000445946,c.382C>G,deleterious,0.03
GRIN2A,NM_001134407.3,ENST00000396573,c.1831C>A,deleterious_low_confidence,0.0
GRIN2A,NM_001134407.3,ENST00000396573,c.1780C>T,deleterious_low_confidence,0.0
GRIN2A,NM_001134407.3,ENST00000396573,c.3322A>T,tolerated_low_confidence,0.8
GRIN2A,NM_001134407.3,ENST00000396573,c.502C>T,tolerated_low_confidence,0.39
GRIN2A,NM_001134407.3,ENST00000396573,c.2930A>G,tolerated_low_confidence,0.06
GRIN2A,NM_001134407.3,ENST00000396573,c.3320A>T,deleterious_low_confidence,0.0
GRIN2A,NM_001134407.3,ENST00000396573,c.3553A>G,tolerated_low_confidence,0.32
GRIN2A,NM_001134407.3,ENST00000396573,c.731G>A,deleterious_low_confidence,0.04
GRIN2A,NM_001134407.3,ENST00000396573,c.3721C>T,deleterious_low_confidence,0.0
GRIN2A,NM_001134407.3,ENST00000396573,c.205G>T,deleterious_low_confidence,0.01
GRIN2A,NM_001134407.3,ENST00000396573,c.2566C>T,deleterious_low_confidence,0.0
GRIN2A,NM_001134407.3,ENST00000396573,c.1152C>A,deleterious_low_confidence,0.04
GRIN2A,NM_001134407.3,ENST00000396573,c.178G>A,tolerated_low_confidence,0.25
GRIN2A,NM_001134407.3,ENST00000396573,c.1183T>C,tolerated_low_confidence,0.12
GRIN2A,NM_001134407.3,ENST00000396573,c.4242G>C,tolerated_low_confidence,0.09
GRIN2A,NM_001134407.3,ENST00000396573,c.97G>A,tolerated_low_confidence,1.0
GRIN2A,NM_001134407.3,ENST00000396573,c.2819A>C,tolerated_low_confidence,0.06
GRIN2A,NM_001134407.3,ENST00000396573,c.1352A>G,tolerated_low_confidence,0.44
GRIN2A,NM_001134407.3,ENST00000396573,c.3065G>A,deleterious_low_confidence,0.0
GRIN2A,NM_001134407.3,ENST00000396573,c.1322A>C,deleterious_low_confidence,0.03
GRIN2A,NM_001134407.3,ENST00000396573,c.2696G>C,deleterious_low_confidence,0.0
GRIN2A,NM_001134407.3,ENST00000396573,c.4274C>T,tolerated_low_confidence,0.07
GRIN2A,NM_001134407.3,ENST00000396573,c.3635C>A,deleterious_low_confidence,0.0
GRIN2A,NM_001134407.3,ENST00000396573,c.3785C>G,tolerated_low_confidence,0.67
GRIN2A,NM_001134407.3,ENST00000396573,c.3416T>G,tolerated_low_confidence,0.56
GRIN2A,NM_001134407.3,ENST00000396573,c.603G>C,deleterious_low_confidence,0.0
GRIN2A,NM_001134407.3,ENST00000396573,c.2626A>T,deleterious_low_confidence,0.0
GRIN2A,NM_001134407.3,ENST00000396573,c.629T>C,tolerated_low_confidence,0.4
GRIN2A,NM_001134407.3,ENST00000396573,c.685C>G,deleterious_low_confidence,0.0
GRIN2A,NM_001134407.3,ENST00000396573,c.4195A>G,tolerated_low_confidence,0.56
GRIN2A,NM_001134407.3,ENST00000396573,c.3113C>T,tolerated_low_confidence,0.28
GRIN2A,NM_001134407.3,ENST00000396573,c.3172C>G,deleterious_low_confidence,0.0
GRIN2A,NM_001134407.3,ENST00000396573,c.3569A>T,deleterious_low_confidence,0.03
GRIN2A,NM_001134407.3,ENST00000396573,c.3505C>G,tolerated_low_confidence,0.18
GRIN2A,NM_001134407.3,ENST00000396573,c.4314G>A,tolerated_low_confidence,0.45
GRIN2A,NM_001134407.3,ENST00000396573,c.94C>T,deleterious_low_confidence,0.01
GRIN2A,NM_001134407.3,ENST00000396573,c.2861G>C,tolerated_low_confidence,0.35
GRIN2A,NM_001134407.3,ENST00000396573,c.579C>G,deleterious_low_confidence,0.0
GRIN2A,NM_001134407.3,ENST00000396573,c.4017A>T,tolerated_low_confidence,1.0
GRIN2A,NM_001134407.3,ENST00000396573,c.4343G>A,deleterious_low_confidence,0.04
GRIN2A,NM_001134407.3,ENST00000396573,c.31G>A,tolerated_low_confidence,0.05
GRIN2A,NM_001134407.3,ENST00000396573,c.247A>G,deleterious_low_confidence,0.02
GRIN2A,NM_001134407.3,ENST00000396573,c.926A>G,tolerated_low_confidence,0.05
GRIN2A,NM_001134407.3,ENST00000396573,c.4085C>G,tolerated_low_confidence,0.63
GRIN2A,NM_001134407.3,ENST00000396573,c.1141C>A,tolerated_low_confidence,0.18
GRIN2A,NM_001134407.3,ENST00000396573,c.1426G>A,deleterious_low_confidence,0.01
GRIN2A,NM_001134407.3,ENST00000396573,c.1784A>G,deleterious_low_confidence,0.01
GRIN2A,NM_001134407.3,ENST00000396573,c.1145C>G,deleterious_low_confidence,0.04
GRIN2A,NM_001134407.3,ENST00000396573,c.4223C>T,deleterious_low_confidence,0.01
GRIN2A,NM_001134407.3,ENST00000396573,c.979C>A,tolerated_low_confidence,0.76
GRIN2A,NM_001134407.3,ENST00000396573,c.440T>C,deleterious_low_confidence,0.0
GRIN2A,NM_001134407.3,ENST00000396573,c.3227A>G,tolerated_low_confidence,0.27
GRIN2A,NM_001134407.3,ENST00000396573,c.3410A>T,deleterious_low_confidence,0.0
GRIN2A,NM_001134407.3,ENST00000396573,c.3196A>T,deleterious_low_confidence,0.0
GRIN2A,NM_001134407.3,ENST00000396573,c.4252G>T,deleterious_low_confidence,0.04
GRIN2A,NM_001134407.3,ENST00000396573,c.166G>A,tolerated_low_confidence,0.9
GRIN2A,NM_001134407.3,ENST00000396573,c.3845A>G,tolerated_low_confidence,0.11
GRIN2A,NM_001134407.3,ENST00000396573,c.3871T>A,deleterious_low_confidence,0.0
GRIN2A,NM_001134407.3,ENST00000396573,c.3872C>T,deleterious_low_confidence,0.0
GRIN2A,NM_001134407.3,ENST00000396573,c.306C>A,deleterious_low_confidence,0.0
GRIN2A,NM_001134407.3,ENST00000396573,c.3419C>T,tolerated_low_confidence,0.25
GRIN2A,NM_001134407.3,ENST00000396573,c.4023C>G,deleterious_low_confidence,0.01
GRIN2A,NM_001134407.3,ENST00000396573,c.3935G>C,deleterious_low_confidence,0.01
GRIN2A,NM_001134407.3,ENST00000396573,c.2651A>G,deleterious_low_confidence,0.01
GRIN2A,NM_001134407.3,ENST00000396573,c.600G>A,deleterious_low_confidence,0.0
GRIN2A,NM_001134407.3,ENST00000396573,c.3877G>C,deleterious_low_confidence,0.0
GRIN2A,NM_001134407.3,ENST00000396573,c.2995G>A,deleterious_low_confidence,0.04
GRIN2A,NM_001134407.3,ENST00000396573,c.3345C>G,tolerated_low_confidence,0.63
GRIN2A,NM_001134407.3,ENST00000396573,c.2263A>G,tolerated_low_confidence,0.53
GRIN2A,NM_001134407.3,ENST00000396573,c.1072C>A,tolerated_low_confidence,0.86
GRIN2A,NM_001134407.3,ENST00000396573,c.4378A>G,deleterious_low_confidence,0.0
GRIN2A,NM_001134407.3,ENST00000396573,c.2765C>G,tolerated_low_confidence,0.48
GRIN2A,NM_001134407.3,ENST00000396573,c.799C>A,tolerated_low_confidence,0.54
GRIN2A,NM_001134407.3,ENST00000396573,c.2794A>G,tolerated_low_confidence,0.07
GRIN2A,NM_001134407.3,ENST00000396573,c.4184C>A,deleterious_low_confidence,0.01
GRIN2A,NM_001134407.3,ENST00000396573,c.2795T>C,deleterious_low_confidence,0.05
GRIN2A,NM_001134407.3,ENST00000396573,c.3402G>C,tolerated_low_confidence,0.79
GRIN2A,NM_001134407.3,ENST00000396573,c.3308G>T,tolerated_low_confidence,1.0
GRIN2A,NM_001134407.3,ENST00000396573,c.3032G>C,deleterious_low_confidence,0.0
GRIN2A,NM_001134407.3,ENST00000396573,c.174G>T,tolerated_low_confidence,1.0
GRIN2A,NM_001134407.3,ENST00000396573,c.1351A>T,tolerated_low_confidence,0.25
GRIN2A,NM_001134407.3,ENST00000396573,c.2755A>G,deleterious_low_confidence,0.0
GRIN2A,NM_001134407.3,ENST00000396573,c.190C>T,tolerated_low_confidence,0.64
GRIN2A,NM_001134407.3,ENST00000396573,c.712C>G,deleterious_low_confidence,0.0
GRIN2A,NM_001134407.3,ENST00000396573,c.4151C>T,deleterious_low_confidence,0.0
GRIN2A,NM_001134407.3,ENST00000396573,c.2983A>G,deleterious_low_confidence,0.01
GRIN2A,NM_001134407.3,ENST00000396573,c.2601C>G,deleterious_low_confidence,0.0
GRIN2A,NM_001134407.3,ENST00000396573,c.4249C>T,deleterious_low_confidence,0.0
GRIN2A,NM_001134407.3,ENST00000396573,c.3889G>A,tolerated_low_confidence,0.07
GRIN2A,NM_001134407.3,ENST00000396573,c.633G>C,tolerated_low_confidence,0.88
GRIN2A,NM_001134407.3,ENST00000396573,c.3351C>G,deleterious_low_confidence,0.02
GRIN2A,NM_001134407.3,ENST00000396573,c.982G>C,tolerated_low_confidence,0.47
GRIN2A,NM_001134407.3,ENST00000396573,c.3799T>C,tolerated_low_confidence,0.08
GRIN2A,NM_001134407.3,ENST00000396573,c.566C>T,tolerated_low_confidence,0.22
GRIN2A,NM_001134407.3,ENST00000396573,c.2027A>C,deleterious_low_confidence,0.0
GRIN2A,NM_001134407.3,ENST00000396573,c.668A>T,deleterious_low_confidence,0.0
GRIN2A,NM_001134407.3,ENST00000396573,c.1020T>A,deleterious_low_confidence,0.0
GRIN2A,NM_001134407.3,ENST00000396573,c.3601A>G,tolerated_low_confidence,0.42
GRIN2A,NM_001134407.3,ENST00000396573,c.4022G>T,deleterious_low_confidence,0.0
GRIN2A,NM_001134407.3,ENST00000396573,c.985G>A,tolerated_low_confidence,0.18
GRIN2A,NM_001134407.3,ENST00000396573,c.3952C>G,deleterious_low_confidence,0.0
GRIN2A,NM_001134407.3,ENST00000396573,c.3144C>A,deleterious_low_confidence,0.0
GRIN2A,NM_001134407.3,ENST00000396573,c.3443C>T,deleterious_low_confidence,0.0
GRIN2A,NM_001134407.3,ENST00000396573,c.2554G>A,deleterious_low_confidence,0.02
GRIN2A,NM_001134407.3,ENST00000396573,c.4379T>C,deleterious_low_confidence,0.0
GRIN2A,NM_001134407.3,ENST00000396573,c.4234T>C,tolerated_low_confidence,0.17
GRIN2A,NM_001134407.3,ENST00000396573,c.595G>A,deleterious_low_confidence,0.01
GRIN2A,NM_001134407.3,ENST00000396573,c.4267T>G,tolerated_low_confidence,0.12
GRIN2A,NM_001134407.3,ENST00000396573,c.4247G>T,deleterious_low_confidence,0.0
GRIN2A,NM_001134407.3,ENST00000396573,c.2022T>G,tolerated_low_confidence,0.05
GRIN2A,NM_001134407.3,ENST00000396573,c.4019A>G,tolerated_low_confidence,0.18
GRIN2A,NM_001134407.3,ENST00000396573,c.4318T>C,tolerated_low_confidence,0.42
GRIN2A,NM_001134407.3,ENST00000396573,c.4313T>C,tolerated_low_confidence,0.5
GRIN2A,NM_001134407.3,ENST00000396573,c.2581T>C,deleterious_low_confidence,0.01
GRIN2A,NM_001134407.3,ENST00000396573,c.3952C>T,deleterious_low_confidence,0.0
GRIN2A,NM_001134407.3,ENST00000396573,c.3061A>G,deleterious_low_confidence,0.04
GRIN2A,NM_001134407.3,ENST00000396573,c.62C>T,tolerated_low_confidence,0.48
GRIN2A,NM_001134407.3,ENST00000396573,c.2134G>A,deleterious_low_confidence,0.0
GRIN2A,NM_001134407.3,ENST00000396573,c.4126C>G,tolerated_low_confidence,0.12
GRIN2A,NM_001134407.3,ENST00000396573,c.2518C>T,deleterious_low_confidence,0.0
GRIN2A,NM_001134407.3,ENST00000396573,c.3164A>T,deleterious_low_confidence,0.0
GRIN2A,NM_001134407.3,ENST00000396573,c.3393T>G,tolerated_low_confidence,0.08
GRIN2A,NM_001134407.3,ENST00000396573,c.397A>G,deleterious_low_confidence,0.0
GRIN2A,NM_001134407.3,ENST00000396573,c.167G>T,tolerated_low_confidence,0.1
GRIN2A,NM_001134407.3,ENST00000396573,c.61C>G,tolerated_low_confidence,0.35
GRIN2A,NM_001134407.3,ENST00000396573,c.3476G>T,deleterious_low_confidence,0.0
GRIN2A,NM_001134407.3,ENST00000396573,c.3817C>A,tolerated_low_confidence,0.08
GRIN2A,NM_001134407.3,ENST00000396573,c.179C>T,tolerated_low_confidence,0.38
GRIN2A,NM_001134407.3,ENST00000396573,c.4355G>A,tolerated_low_confidence,0.44
GRIN2A,NM_001134407.3,ENST00000396573,c.4259A>G,tolerated_low_confidence,0.21
GRIN2A,NM_001134407.3,ENST00000396573,c.4126C>T,tolerated_low_confidence,0.12
GRIN2A,NM_001134407.3,ENST00000396573,c.3953G>A,deleterious_low_confidence,0.02
GRIN2A,NM_001134407.3,ENST00000396573,c.2674A>G,deleterious_low_confidence,0.0
GRIN2A,NM_001134407.3,ENST00000396573,c.3875A>G,tolerated_low_confidence,0.07
GRIN2A,NM_001134407.3,ENST00000396573,c.4164A>G,tolerated_low_confidence,0.45
GRIN2A,NM_001134407.3,ENST00000396573,c.4152G>A,tolerated_low_confidence,0.38
GRIN2A,NM_001134407.3,ENST00000396573,c.4140G>C,tolerated_low_confidence,0.5
GRIN2A,NM_001134407.3,ENST00000396573,c.1842T>G,deleterious_low_confidence,0.0
GRIN2A,NM_001134407.3,ENST00000396573,c.1954T>G,deleterious_low_confidence,0.0
GRIN2A,NM_001134407.3,ENST00000396573,c.3413A>T,deleterious_low_confidence,0.0
GRIN2A,NM_001134407.3,ENST00000396573,c.1553G>T,deleterious_low_confidence,0.0
GRIN2A,NM_001134407.3,ENST00000396573,c.692G>A,deleterious_low_confidence,0.0
GRIN2A,NM_001134407.3,ENST00000396573,c.2095C>T,deleterious_low_confidence,0.0
KRAS,NM_004985.5,ENST00000256078,c.461A>G,deleterious_low_confidence,0.01
GRIN2A,NM_001134407.3,ENST00000396573,c.1845C>A,deleterious_low_confidence,0.0
GRIN2A,NM_001134407.3,ENST00000396573,c.4354C>T,deleterious_low_confidence,0.01
TP53,NM_000546.6,ENST00000413465,c.215C>A,deleterious,0.05
TP53,NM_000546.6,ENST00000413465,c.556G>A,tolerated,0.19
TP53,NM_000546.6,ENST00000413465,c.105G>C,tolerated,0.32
TP53,NM_000546.6,ENST00000413465,c.21T>A,tolerated,0.49
GRIN2A,NM_001134407.3,ENST00000396573,c.3476G>C,deleterious_low_confidence,0.0
EGFR,NM_005228.5,ENST00000275493,c.2777T>A,deleterious_low_confidence,0.0
PTEN,NM_000314.8,ENST00000688308,c.1034T>C,deleterious,0.0
PTEN,NM_000314.8,ENST00000688308,c.633C>G,deleterious,0.01
PTEN,NM_000314.8,ENST00000688308,c.170T>G,deleterious,0.0
FGFR1,NM_023110.3,ENST00000703405,c.2059G>A,deleterious_low_confidence,0.0
MTOR,NM_004958.4,ENST00000703140,c.1426A>G,tolerated_low_confidence,0.56
FGFR3,NM_000142.5,ENST00000340107,c.130G>A,tolerated_low_confidence,0.53
VHL,NM_000551.4,ENST00000256474,c.302T>G,deleterious,0.01
MTOR,NM_004958.4,ENST00000703140,c.1600G>A,deleterious_low_confidence,0.02
MTOR,NM_004958.4,ENST00000703143,c.5569G>A,tolerated_low_confidence,0.18
MTOR,NM_004958.4,ENST00000703140,c.61G>A,tolerated_low_confidence,0.21
MTOR,NM_004958.4,ENST00000703143,c.5759A>G,tolerated_low_confidence,0.41
TP53,NM_000546.6,ENST00000635293,c.827C>G,deleterious,0.03
FGFR1,NM_023110.3,ENST00000649678,c.350A>G,deleterious_low_confidence,0.02
MTOR,NM_004958.4,ENST00000376838,c.905A>T,tolerated_low_confidence,0.42
NTRK2,NM_006180.6,ENST00000693539,c.1301A>G,deleterious_low_confidence,0.0
PTEN,NM_000314.8,ENST00000688308,c.764T>A,deleterious,0.0
KRAS,NM_004985.5,ENST00000256078,c.182A>T,deleterious_low_confidence,0.02
GRIN2B,NM_000834.5,ENST00000609686,c.1672G>A,deleterious_low_confidence,0.0
PIK3CA,NM_006218.4,ENST00000263967,c.1252G>A,deleterious,0.01
TP53,NM_000546.6,ENST00000413465,c.757A>G,tolerated,0.08
TP53,NM_000546.6,ENST00000413465,c.578A>C,deleterious,0.0
TP53,NM_000546.6,ENST00000610538,c.1120G>C,deleterious,0.0
GRIN2A,NM_001134407.3,ENST00000396573,c.422C>A,tolerated_low_confidence,0.95
GRIN2A,NM_001134407.3,ENST00000396573,c.559G>A,tolerated_low_confidence,1.0
VHL,NM_000551.4,ENST00000256474,c.1A>C,deleterious_low_confidence,0.0
VHL,NM_000551.4,ENST00000256474,c.271T>G,deleterious,0.0
MTOR,NM_004958.4,ENST00000703143,c.7496A>G,tolerated_low_confidence,0.11
MTOR,NM_004958.4,ENST00000376838,c.1942G>A,tolerated_low_confidence,0.16
TP53,NM_000546.6,ENST00000413465,c.370T>A,tolerated,0.13
TP53,NM_000546.6,ENST00000413465,c.221C>T,tolerated,0.39
CDH1,NM_004360.5,ENST00000261769,c.1057G>A,tolerated,0.44
CDH1,NM_004360.5,ENST00000261769,c.1008G>T,deleterious,0.0
PTEN,NM_000314.8,ENST00000688308,c.70G>T,deleterious,0.0
CDH1,NM_004360.5,ENST00000261769,c.1A>G,deleterious,0.0
FGFR2,NM_000141.5,ENST00000358487,c.1040C>G,deleterious_low_confidence,0.03
MTOR,NM_004958.4,ENST00000703143,c.4550C>T,deleterious_low_confidence,0.03
MTOR,NM_004958.4,ENST00000703140,c.4298T>C,tolerated_low_confidence,0.14
MTOR,NM_004958.4,ENST00000703140,c.7076G>A,deleterious_low_confidence,0.03
MTOR,NM_004958.4,ENST00000703140,c.1816T>C,deleterious_low_confidence,0.0
MTOR,NM_004958.4,ENST00000703143,c.5660G>T,deleterious_low_confidence,0.0
MTOR,NM_004958.4,ENST00000703143,c.6643T>C,deleterious_low_confidence,0.0
MTOR,NM_004958.4,ENST00000703143,c.7500T>G,deleterious_low_confidence,0.0
MTOR,NM_004958.4,ENST00000703143,c.7535A>G,deleterious_low_confidence,0.0
MTOR,NM_004958.4,ENST00000703143,c.5912C>T,deleterious_low_confidence,0.0
MTOR,NM_004958.4,ENST00000703143,c.7292T>C,deleterious_low_confidence,0.0
CDH1,NM_004360.5,ENST00000261769,c.221G>A,deleterious,0.02
CDH1,NM_004360.5,ENST00000261769,c.173A>T,tolerated,0.37
CDH1,NM_004360.5,ENST00000261769,c.4G>A,deleterious,0.02
MTOR,NM_004958.4,ENST00000703143,c.4702A>G,deleterious_low_confidence,0.0
MTOR,NM_004958.4,ENST00000703143,c.5408A>C,deleterious_low_confidence,0.01
MTOR,NM_004958.4,ENST00000703140,c.4184A>G,tolerated_low_confidence,0.19
MTOR,NM_004958.4,ENST00000703140,c.4348T>G,deleterious_low_confidence,0.0
MTOR,NM_004958.4,ENST00000703143,c.4376C>A,deleterious_low_confidence,0.0
MTOR,NM_004958.4,ENST00000703143,c.4785G>A,deleterious_low_confidence,0.0
MTOR,NM_004958.4,ENST00000703143,c.7501A>T,deleterious_low_confidence,0.0
MTOR,NM_004958.4,ENST00000703140,c.5780T>A,deleterious_low_confidence,0.0
MTOR,NM_004958.4,ENST00000703143,c.4067C>A,deleterious_low_confidence,0.0
MTOR,NM_004958.4,ENST00000703143,c.5585C>T,deleterious_low_confidence,0.0
MTOR,NM_004958.4,ENST00000703140,c.1102G>A,tolerated_low_confidence,0.06
MTOR,NM_004958.4,ENST00000703143,c.2995A>C,deleterious_low_confidence,0.02
MTOR,NM_004958.4,ENST00000703143,c.3588T>G,tolerated_low_confidence,0.1
MTOR,NM_004958.4,ENST00000703140,c.1930G>A,tolerated_low_confidence,0.26
MTOR,NM_004958.4,ENST00000703143,c.2305C>T,deleterious_low_confidence,0.0
MTOR,NM_004958.4,ENST00000703140,c.932G>A,deleterious_low_confidence,0.03
MTOR,NM_004958.4,ENST00000703143,c.3422G>A,tolerated_low_confidence,0.38
MTOR,NM_004958.4,ENST00000703143,c.5018T>C,deleterious_low_confidence,0.0
MTOR,NM_004958.4,ENST00000703143,c.3677A>G,tolerated_low_confidence,0.06
MTOR,NM_004958.4,ENST00000703143,c.4936C>T,deleterious_low_confidence,0.0
MTOR,NM_004958.4,ENST00000703140,c.737A>G,deleterious_low_confidence,0.04
MTOR,NM_004958.4,ENST00000376838,c.855A>C,tolerated_low_confidence,0.06
MTOR,NM_004958.4,ENST00000703143,c.6923C>T,deleterious_low_confidence,0.0
MTOR,NM_004958.4,ENST00000376838,c.1844A>T,tolerated_low_confidence,0.69
MTOR,NM_004958.4,ENST00000703143,c.6232T>G,deleterious_low_confidence,0.0
MTOR,NM_004958.4,ENST00000703140,c.722C>T,tolerated_low_confidence,0.14
MTOR,NM_004958.4,ENST00000703143,c.6079T>G,deleterious_low_confidence,0.0
MTOR,NM_004958.4,ENST00000703143,c.4441A>G,deleterious_low_confidence,0.0
MTOR,NM_004958.4,ENST00000376838,c.2159G>T,tolerated_low_confidence,0.27
MTOR,NM_004958.4,ENST00000703143,c.5173C>G,tolerated_low_confidence,0.1
MTOR,NM_004958.4,ENST00000376838,c.1121G>T,deleterious_low_confidence,0.0
MTOR,NM_004958.4,ENST00000376838,c.1409A>G,deleterious_low_confidence,0.0
MTOR,NM_004958.4,ENST00000703143,c.5126G>T,deleterious_low_confidence,0.04
MTOR,NM_004958.4,ENST00000703140,c.904G>A,tolerated_low_confidence,0.14
MTOR,NM_004958.4,ENST00000703140,c.1406C>T,deleterious_low_confidence,0.04
MTOR,NM_004958.4,ENST00000703140,c.3881A>T,deleterious_low_confidence,0.0
MTOR,NM_004958.4,ENST00000703143,c.7208T>C,deleterious_low_confidence,0.0
MTOR,NM_004958.4,ENST00000703143,c.7402C>A,tolerated_low_confidence,0.29
MTOR,NM_004958.4,ENST00000703140,c.4409A>G,deleterious_low_confidence,0.04
MTOR,NM_004958.4,ENST00000703140,c.653T>G,deleterious_low_confidence,0.0
MTOR,NM_004958.4,ENST00000703143,c.4914G>A,deleterious_low_confidence,0.0
MTOR,NM_004958.4,ENST00000703140,c.1061C>T,deleterious_low_confidence,0.03
MTOR,NM_004958.4,ENST00000376838,c.1684G>C,deleterious_low_confidence,0.03
MTOR,NM_004958.4,ENST00000703143,c.7424T>C,tolerated_low_confidence,0.12
MTOR,NM_004958.4,ENST00000703143,c.3580A>G,deleterious_low_confidence,0.01
MTOR,NM_004958.4,ENST00000703143,c.2258G>A,deleterious_low_confidence,0.0
MTOR,NM_004958.4,ENST00000703143,c.3614A>G,tolerated_low_confidence,0.46
MTOR,NM_004958.4,ENST00000703143,c.5533G>A,tolerated_low_confidence,0.09
MTOR,NM_004958.4,ENST00000703140,c.35C>T,tolerated_low_confidence,0.21
MTOR,NM_004958.4,ENST00000376838,c.1046C>T,deleterious_low_confidence,0.0
MTOR,NM_004958.4,ENST00000703143,c.2437A>G,deleterious_low_confidence,0.02
MTOR,NM_004958.4,ENST00000703143,c.3512C>G,deleterious_low_confidence,0.03
MTOR,NM_004958.4,ENST00000703143,c.5335G>T,tolerated_low_confidence,0.38
MTOR,NM_004958.4,ENST00000703143,c.3681G>T,tolerated_low_confidence,0.49
MTOR,NM_004958.4,ENST00000703140,c.961G>A,tolerated_low_confidence,0.15
MTOR,NM_004958.4,ENST00000703140,c.6128A>G,deleterious_low_confidence,0.0
MTOR,NM_004958.4,ENST00000703143,c.6144T>G,tolerated_low_confidence,0.12
MTOR,NM_004958.4,ENST00000703140,c.655C>G,tolerated_low_confidence,1.0
MTOR,NM_004958.4,ENST00000703143,c.5521A>C,tolerated_low_confidence,0.1
MTOR,NM_004958.4,ENST00000703140,c.98A>T,deleterious_low_confidence,0.02
MTOR,NM_004958.4,ENST00000703143,c.2632C>G,tolerated_low_confidence,0.49
MTOR,NM_004958.4,ENST00000703143,c.5290A>G,tolerated_low_confidence,0.08
MTOR,NM_004958.4,ENST00000703143,c.4410C>G,tolerated_low_confidence,0.08
MTOR,NM_004958.4,ENST00000703143,c.3718G>A,tolerated_low_confidence,0.29
MTOR,NM_004958.4,ENST00000703140,c.919G>A,deleterious_low_confidence,0.01
MTOR,NM_004958.4,ENST00000703140,c.25G>A,deleterious_low_confidence,0.03
MTOR,NM_004958.4,ENST00000703140,c.5445G>C,tolerated_low_confidence,0.13
MTOR,NM_004958.4,ENST00000703140,c.185G>A,deleterious_low_confidence,0.05
MTOR,NM_004958.4,ENST00000703143,c.4420C>T,tolerated_low_confidence,0.77
MTOR,NM_004958.4,ENST00000703140,c.207T>G,deleterious_low_confidence,0.04
MTOR,NM_004958.4,ENST00000703140,c.761G>T,deleterious_low_confidence,0.0
MTOR,NM_004958.4,ENST00000703140,c.1183T>G,tolerated_low_confidence,0.24
MTOR,NM_004958.4,ENST00000703143,c.4936C>A,deleterious_low_confidence,0.0
MTOR,NM_004958.4,ENST00000703140,c.2875T>A,deleterious_low_confidence,0.0
MTOR,NM_004958.4,ENST00000703143,c.5518A>G,tolerated_low_confidence,0.83
MTOR,NM_004958.4,ENST00000703140,c.832G>C,tolerated_low_confidence,0.15
MTOR,NM_004958.4,ENST00000703140,c.937A>G,tolerated_low_confidence,0.38
MTOR,NM_004958.4,ENST00000703143,c.6053G>A,deleterious_low_confidence,0.0
MTOR,NM_004958.4,ENST00000703143,c.5332G>A,tolerated_low_confidence,0.54
MTOR,NM_004958.4,ENST00000703143,c.7435A>G,tolerated_low_confidence,0.31
MTOR,NM_004958.4,ENST00000703143,c.3246C>G,tolerated_low_confidence,0.48
MTOR,NM_004958.4,ENST00000703140,c.1029G>T,tolerated_low_confidence,0.22
MTOR,NM_004958.4,ENST00000703140,c.137A>G,tolerated_low_confidence,0.12
MTOR,NM_004958.4,ENST00000703140,c.785A>C,deleterious_low_confidence,0.0
MTOR,NM_004958.4,ENST00000703143,c.7355G>A,deleterious_low_confidence,0.02
MTOR,NM_004958.4,ENST00000703143,c.6401G>A,tolerated_low_confidence,0.09
MTOR,NM_004958.4,ENST00000703140,c.1405G>A,tolerated_low_confidence,0.3
MTOR,NM_004958.4,ENST00000703140,c.22G>A,tolerated_low_confidence,0.28
MTOR,NM_004958.4,ENST00000703140,c.4412A>G,deleterious_low_confidence,0.0
MTOR,NM_004958.4,ENST00000703143,c.5101A>G,tolerated_low_confidence,0.06
MTOR,NM_004958.4,ENST00000703143,c.6004A>G,deleterious_low_confidence,0.01
MTOR,NM_004958.4,ENST00000703140,c.1327G>A,deleterious_low_confidence,0.0
MTOR,NM_004958.4,ENST00000703143,c.5434G>A,tolerated_low_confidence,0.13
MTOR,NM_004958.4,ENST00000703143,c.5456A>G,deleterious_low_confidence,0.03
MTOR,NM_004958.4,ENST00000703140,c.3232A>G,deleterious_low_confidence,0.0
MTOR,NM_004958.4,ENST00000376838,c.893A>G,tolerated_low_confidence,0.69
MTOR,NM_004958.4,ENST00000376838,c.1393C>G,deleterious_low_confidence,0.04
MTOR,NM_004958.4,ENST00000376838,c.1031G>A,tolerated_low_confidence,0.06
MTOR,NM_004958.4,ENST00000703143,c.4922C>T,deleterious_low_confidence,0.0
MTOR,NM_004958.4,ENST00000703140,c.5134G>A,deleterious_low_confidence,0.04
MTOR,NM_004958.4,ENST00000703143,c.5515A>G,tolerated_low_confidence,0.88
ANGPTL7,NM_021146.4,ENST00000376819,c.658C>T,deleterious,0.0
MTOR,NM_004958.4,ENST00000703143,c.6761G>A,deleterious_low_confidence,0.0
MTOR,NM_004958.4,ENST00000703143,c.3389C>G,tolerated_low_confidence,0.52
MTOR,NM_004958.4,ENST00000703140,c.2030C>T,deleterious_low_confidence,0.03
MTOR,NM_004958.4,ENST00000703143,c.3593T>C,deleterious_low_confidence,0.01
MTOR,NM_004958.4,ENST00000703140,c.2404A>G,deleterious_low_confidence,0.0
MTOR,NM_004958.4,ENST00000703140,c.5581A>T,deleterious_low_confidence,0.0
MTOR,NM_004958.4,ENST00000703143,c.5554G>A,tolerated_low_confidence,0.18
MTOR,NM_004958.4,ENST00000703140,c.1985T>C,tolerated_low_confidence,0.06
MTOR,NM_004958.4,ENST00000703143,c.6483A>T,deleterious_low_confidence,0.01
MTOR,NM_004958.4,ENST00000703143,c.5669G>A,deleterious_low_confidence,0.04
MTOR,NM_004958.4,ENST00000376838,c.1064C>T,deleterious_low_confidence,0.04
MTOR,NM_004958.4,ENST00000703140,c.820A>G,tolerated_low_confidence,0.1
MTOR,NM_004958.4,ENST00000703140,c.1576C>T,deleterious_low_confidence,0.04
MTOR,NM_004958.4,ENST00000703140,c.150G>A,deleterious_low_confidence,0.0
MTOR,NM_004958.4,ENST00000703143,c.2728C>T,deleterious_low_confidence,0.01
MTOR,NM_004958.4,ENST00000703140,c.3620A>C,deleterious_low_confidence,0.0
MTOR,NM_004958.4,ENST00000703143,c.4472G>A,tolerated_low_confidence,0.13
MTOR,NM_004958.4,ENST00000703140,c.175G>A,deleterious_low_confidence,0.0
MTOR,NM_004958.4,ENST00000703143,c.5506G>T,tolerated_low_confidence,0.79
MTOR,NM_004958.4,ENST00000703143,c.7540T>G,tolerated_low_confidence,0.25
MTOR,NM_004958.4,ENST00000703140,c.1174A>G,deleterious_low_confidence,0.03
MTOR,NM_004958.4,ENST00000703143,c.6818C>T,deleterious_low_confidence,0.0
MTOR,NM_004958.4,ENST00000703140,c.6751C>T,deleterious_low_confidence,0.0
MTOR,NM_004958.4,ENST00000703143,c.5843C>T,deleterious_low_confidence,0.0
MTOR,NM_004958.4,ENST00000703140,c.1927G>A,tolerated_low_confidence,0.13
MTOR,NM_004958.4,ENST00000703143,c.4522A>T,tolerated_low_confidence,0.11
MTOR,NM_004958.4,ENST00000703143,c.5354G>A,tolerated_low_confidence,1.0
MTOR,NM_004958.4,ENST00000703143,c.5567C>T,tolerated_low_confidence,0.11
MTOR,NM_004958.4,ENST00000703143,c.5609C>G,tolerated_low_confidence,0.37
MTOR,NM_004958.4,ENST00000703140,c.1382C>T,tolerated_low_confidence,0.09
MTOR,NM_004958.4,ENST00000703143,c.3475A>G,deleterious_low_confidence,0.0
MTOR,NM_004958.4,ENST00000703140,c.1148G>A,tolerated_low_confidence,0.05
MTOR,NM_004958.4,ENST00000703143,c.2854A>G,tolerated_low_confidence,0.21
MTOR,NM_004958.4,ENST00000703143,c.6028A>G,tolerated_low_confidence,0.65
MTOR,NM_004958.4,ENST00000703140,c.4940A>G,deleterious_low_confidence,0.02
MTOR,NM_004958.4,ENST00000703140,c.5560G>A,deleterious_low_confidence,0.01
MTOR,NM_004958.4,ENST00000703140,c.2161A>T,tolerated_low_confidence,0.58
MTOR,NM_004958.4,ENST00000703143,c.2449G>A,tolerated_low_confidence,0.2
MTOR,NM_004958.4,ENST00000703143,c.3628G>A,tolerated_low_confidence,0.06
MTOR,NM_004958.4,ENST00000703140,c.2128C>G,tolerated_low_confidence,0.1
MTOR,NM_004958.4,ENST00000703143,c.6019C>G,deleterious_low_confidence,0.04
MTOR,NM_004958.4,ENST00000703140,c.4444C>G,deleterious_low_confidence,0.0
MTOR,NM_004958.4,ENST00000703143,c.3277T>G,deleterious_low_confidence,0.0
MTOR,NM_004958.4,ENST00000703140,c.931C>T,deleterious_low_confidence,0.01
MTOR,NM_004958.4,ENST00000703143,c.3142A>G,deleterious_low_confidence,0.02
MTOR,NM_004958.4,ENST00000703140,c.4690A>G,deleterious_low_confidence,0.0
MTOR,NM_004958.4,ENST00000703143,c.4850A>G,tolerated_low_confidence,0.12
MTOR,NM_004958.4,ENST00000703143,c.4837G>C,tolerated_low_confidence,0.15
MTOR,NM_004958.4,ENST00000703143,c.4699G>T,deleterious_low_confidence,0.05
MTOR,NM_004958.4,ENST00000703143,c.4837G>A,deleterious_low_confidence,0.04
MTOR,NM_004958.4,ENST00000703143,c.4862A>G,deleterious_low_confidence,0.0
MTOR,NM_004958.4,ENST00000703143,c.4623T>A,tolerated_low_confidence,0.59
MTOR,NM_004958.4,ENST00000703143,c.5473A>G,tolerated_low_confidence,0.8
MTOR,NM_004958.4,ENST00000703143,c.4448G>T,deleterious_low_confidence,0.0
MTOR,NM_004958.4,ENST00000703143,c.3599T>C,tolerated_low_confidence,0.73
MTOR,NM_004958.4,ENST00000703140,c.272C>T,tolerated_low_confidence,1.0
MTOR,NM_004958.4,ENST00000703143,c.5506G>A,tolerated_low_confidence,0.5
MTOR,NM_004958.4,ENST00000703143,c.6742G>A,tolerated_low_confidence,0.87
MTOR,NM_004958.4,ENST00000703140,c.3791A>G,deleterious_low_confidence,0.05
MTOR,NM_004958.4,ENST00000703143,c.3401C>T,tolerated_low_confidence,1.0
MTOR,NM_004958.4,ENST00000703140,c.112G>A,tolerated_low_confidence,0.45
MTOR,NM_004958.4,ENST00000703143,c.5664C>A,deleterious_low_confidence,0.02
VHL,NM_000551.4,ENST00000256474,c.188T>G,deleterious,0.01
VHL,NM_000551.4,ENST00000256474,c.593T>C,deleterious,0.0
MTOR,NM_004958.4,ENST00000703143,c.3553G>A,deleterious_low_confidence,0.02
MTOR,NM_004958.4,ENST00000703143,c.6143T>G,deleterious_low_confidence,0.0
MTOR,NM_004958.4,ENST00000703143,c.7300A>G,tolerated_low_confidence,0.36
MTOR,NM_004958.4,ENST00000703143,c.7391G>C,tolerated_low_confidence,0.17
MTOR,NM_004958.4,ENST00000703143,c.4564G>T,deleterious_low_confidence,0.0
MTOR,NM_004958.4,ENST00000703143,c.7331C>T,deleterious_low_confidence,0.0
MTOR,NM_004958.4,ENST00000703140,c.1225G>A,tolerated_low_confidence,0.14
MTOR,NM_004958.4,ENST00000703143,c.7456G>A,tolerated_low_confidence,0.14
MTOR,NM_004958.4,ENST00000703140,c.463T>C,deleterious_low_confidence,0.01
MTOR,NM_004958.4,ENST00000703143,c.6391C>G,deleterious_low_confidence,0.0
MTOR,NM_004958.4,ENST00000703143,c.3191G>A,deleterious_low_confidence,0.01
MTOR,NM_004958.4,ENST00000703140,c.5033G>A,deleterious_low_confidence,0.0
MTOR,NM_004958.4,ENST00000703140,c.592G>A,deleterious_low_confidence,0.0
MTOR,NM_004958.4,ENST00000703143,c.3328T>C,deleterious_low_confidence,0.0
MTOR,NM_004958.4,ENST00000703143,c.3360G>T,deleterious_low_confidence,0.03
MTOR,NM_004958.4,ENST00000703143,c.6608G>T,deleterious_low_confidence,0.02
MTOR,NM_004958.4,ENST00000703143,c.2731G>C,deleterious_low_confidence,0.0
MTOR,NM_004958.4,ENST00000703140,c.3521T>C,tolerated_low_confidence,0.36
MTOR,NM_004958.4,ENST00000703143,c.3890C>T,deleterious_low_confidence,0.0
MTOR,NM_004958.4,ENST00000703140,c.5909A>G,deleterious_low_confidence,0.0
MTOR,NM_004958.4,ENST00000703140,c.1210C>T,tolerated_low_confidence,0.08
MTOR,NM_004958.4,ENST00000703140,c.640C>T,deleterious_low_confidence,0.0
MTOR,NM_004958.4,ENST00000703143,c.4919G>A,tolerated_low_confidence,0.06
MTOR,NM_004958.4,ENST00000376838,c.2243G>A,deleterious_low_confidence,0.0
MTOR,NM_004958.4,ENST00000703143,c.4286C>T,deleterious_low_confidence,0.01
MTOR,NM_004958.4,ENST00000703140,c.641G>A,deleterious_low_confidence,0.02
MTOR,NM_004958.4,ENST00000703143,c.5744A>C,deleterious_low_confidence,0.0
MTOR,NM_004958.4,ENST00000703143,c.6178C>T,deleterious_low_confidence,0.0
MTOR,NM_004958.4,ENST00000703140,c.6473C>A,deleterious_low_confidence,0.0
MTOR,NM_004958.4,ENST00000703140,c.118G>A,tolerated_low_confidence,0.35
MTOR,NM_004958.4,ENST00000703140,c.5113T>C,deleterious_low_confidence,0.02
MTOR,NM_004958.4,ENST00000703140,c.1823A>T,deleterious_low_confidence,0.0
MTOR,NM_004958.4,ENST00000703143,c.5453G>A,deleterious_low_confidence,0.0
MTOR,NM_004958.4,ENST00000703140,c.868A>T,tolerated_low_confidence,0.22
MTOR,NM_004958.4,ENST00000703143,c.6326G>A,deleterious_low_confidence,0.0
MTOR,NM_004958.4,ENST00000703143,c.6418G>C,deleterious_low_confidence,0.0
MTOR,NM_004958.4,ENST00000703140,c.1820C>T,deleterious_low_confidence,0.0
MTOR,NM_004958.4,ENST00000703143,c.3550C>G,deleterious_low_confidence,0.0
MTOR,NM_004958.4,ENST00000703140,c.617G>A,deleterious_low_confidence,0.0
MTOR,NM_004958.4,ENST00000703140,c.2120T>C,deleterious_low_confidence,0.0
MTOR,NM_004958.4,ENST00000703143,c.3622C>T,deleterious_low_confidence,0.0
ANGPTL7,NM_021146.4,ENST00000376819,c.419G>A,tolerated,0.08
ANGPTL7,NM_021146.4,ENST00000376819,c.525G>T,deleterious,0.0
MTOR,NM_004958.4,ENST00000703143,c.6454C>T,deleterious_low_confidence,0.04
MTOR,NM_004958.4,ENST00000703143,c.6267G>A,deleterious_low_confidence,0.03
MTOR,NM_004958.4,ENST00000376838,c.1295C>T,deleterious_low_confidence,0.0
MTOR,NM_004958.4,ENST00000703143,c.6965G>A,deleterious_low_confidence,0.0
MTOR,NM_004958.4,ENST00000703143,c.5897G>A,deleterious_low_confidence,0.0
MTOR,NM_004958.4,ENST00000703143,c.3514A>G,tolerated_low_confidence,0.09
MTOR,NM_004958.4,ENST00000703143,c.3704G>A,deleterious_low_confidence,0.02
MTOR,NM_004958.4,ENST00000703140,c.1352A>G,deleterious_low_confidence,0.0
MTOR,NM_004958.4,ENST00000376838,c.1919A>G,deleterious_low_confidence,0.0
MTOR,NM_004958.4,ENST00000703143,c.2976G>C,deleterious_low_confidence,0.0
MTOR,NM_004958.4,ENST00000703143,c.5877G>C,tolerated_low_confidence,0.19
MTOR,NM_004958.4,ENST00000703143,c.7366G>A,tolerated_low_confidence,0.12
MTOR,NM_004958.4,ENST00000703143,c.2812A>G,deleterious_low_confidence,0.0
MTOR,NM_004958.4,ENST00000703143,c.3623G>A,deleterious_low_confidence,0.0
MTOR,NM_004958.4,ENST00000703140,c.2831A>T,deleterious_low_confidence,0.01
MTOR,NM_004958.4,ENST00000703140,c.2122C>T,deleterious_low_confidence,0.0
MTOR,NM_004958.4,ENST00000703140,c.2044C>T,deleterious_low_confidence,0.0
MTOR,NM_004958.4,ENST00000703140,c.1615C>A,deleterious_low_confidence,0.0
MTOR,NM_004958.4,ENST00000703143,c.3239G>A,deleterious_low_confidence,0.02
MTOR,NM_004958.4,ENST00000703140,c.807C>G,deleterious_low_confidence,0.0
MTOR,NM_004958.4,ENST00000703140,c.445G>A,deleterious_low_confidence,0.0
MTOR,NM_004958.4,ENST00000703143,c.4439G>A,deleterious_low_confidence,0.05
MTOR,NM_004958.4,ENST00000703143,c.3498C>A,deleterious_low_confidence,0.02
MTOR,NM_004958.4,ENST00000703143,c.2305C>A,deleterious_low_confidence,0.02
MTOR,NM_004958.4,ENST00000703143,c.3508C>T,deleterious_low_confidence,0.02
MTOR,NM_004958.4,ENST00000703140,c.842G>A,tolerated_low_confidence,0.05
MTOR,NM_004958.4,ENST00000376838,c.2289T>G,deleterious_low_confidence,0.0
MTOR,NM_004958.4,ENST00000703140,c.140A>G,deleterious_low_confidence,0.0
MTOR,NM_004958.4,ENST00000703143,c.3349C>T,deleterious_low_confidence,0.03
MTOR,NM_004958.4,ENST00000703143,c.5627C>T,tolerated_low_confidence,0.12
MTOR,NM_004958.4,ENST00000703143,c.5748G>T,deleterious_low_confidence,0.04
MTOR,NM_004958.4,ENST00000703143,c.5630T>C,deleterious_low_confidence,0.0
MTOR,NM_004958.4,ENST00000703143,c.7216G>T,deleterious_low_confidence,0.02
MTOR,NM_004958.4,ENST00000703140,c.415A>G,tolerated_low_confidence,0.1
MTOR,NM_004958.4,ENST00000703143,c.2584C>A,deleterious_low_confidence,0.0
MTOR,NM_004958.4,ENST00000703140,c.1256A>G,deleterious_low_confidence,0.0
MTOR,NM_004958.4,ENST00000703143,c.4754G>A,deleterious_low_confidence,0.0
MTOR,NM_004958.4,ENST00000703140,c.4591G>C,deleterious_low_confidence,0.0
MTOR,NM_004958.4,ENST00000703143,c.4828G>A,deleterious_low_confidence,0.01
MTOR,NM_004958.4,ENST00000703143,c.5126G>A,tolerated_low_confidence,0.1
MTOR,NM_004958.4,ENST00000703143,c.3541G>A,tolerated_low_confidence,0.13
KRAS,NM_004985.5,ENST00000256078,c.179G>T,deleterious_low_confidence,0.0
FGFR3,NM_000142.5,ENST00000440486,c.1950G>C,deleterious_low_confidence,0.0
GRIN2A,NM_001134407.3,ENST00000396573,c.4108T>C,deleterious_low_confidence,0.05
PTEN,NM_000314.8,ENST00000688308,c.610C>G,deleterious,0.01
PTEN,NM_000314.8,ENST00000688308,c.422A>C,deleterious,0.0
PIK3CA,NM_006218.4,ENST00000263967,c.1173A>G,tolerated,0.32
BRAF,NM_004333.6,ENST00000496384,c.1454T>C,deleterious_low_confidence,0.0
PIK3CA,NM_006218.4,ENST00000263967,c.1637A>C,deleterious,0.0
VHL,NM_000551.4,ENST00000256474,c.563T>A,deleterious,0.0
VHL,NM_000551.4,ENST00000256474,c.232A>C,deleterious,0.0
VHL,NM_000551.4,ENST00000256474,c.533T>A,deleterious,0.0
VHL,NM_000551.4,ENST00000256474,c.497T>A,deleterious,0.0
PTEN,NM_000314.8,ENST00000688308,c.463T>C,deleterious,0.0
GRIN2B,NM_000834.5,ENST00000609686,c.2252T>C,deleterious_low_confidence,0.0
PTEN,NM_000314.8,ENST00000688308,c.104T>C,deleterious,0.0
GRIN2B,NM_000834.5,ENST00000609686,c.812C>T,deleterious_low_confidence,0.02
GRIN2B,NM_000834.5,ENST00000637214,c.61G>A,deleterious_low_confidence,0.0
GRIN2A,NM_001134407.3,ENST00000396573,c.1925T>G,deleterious_low_confidence,0.0
CTNNB1,NM_001904.4,ENST00000643541,c.1723G>A,deleterious_low_confidence,0.0
MTOR,NM_004958.4,ENST00000703143,c.3247A>G,tolerated_low_confidence,0.05
GRIN2A,NM_001134407.3,ENST00000396573,c.1141C>T,deleterious_low_confidence,0.02
MTOR,NM_004958.4,ENST00000703143,c.5930C>T,deleterious_low_confidence,0.0
MTOR,NM_004958.4,ENST00000703143,c.5501C>T,tolerated_low_confidence,0.11
CDH1,NM_004360.5,ENST00000261769,c.2077G>A,tolerated,0.67
MTOR,NM_004958.4,ENST00000703143,c.7378G>A,tolerated_low_confidence,0.48
GRIN2A,NM_001134407.3,ENST00000396573,c.419C>T,tolerated_low_confidence,0.13
GRIN2A,NM_001134407.3,ENST00000396573,c.2927A>G,deleterious_low_confidence,0.0
GRIN2A,NM_001134407.3,ENST00000396573,c.4205G>A,deleterious_low_confidence,0.01
KRAS,NM_004985.5,ENST00000256078,c.34G>C,deleterious_low_confidence,0.01
PIK3CA,NM_006218.4,ENST00000263967,c.277C>T,deleterious,0.0
FGFR1,NM_023110.3,ENST00000703405,c.1638C>A,deleterious_low_confidence,0.0
TP53,NM_000546.6,ENST00000413465,c.480G>A,tolerated,0.16
TP53,NM_000546.6,ENST00000413465,c.344A>G,deleterious,0.05
TP53,NM_000546.6,ENST00000413465,c.28G>C,tolerated,1.0
VHL,NM_000551.4,ENST00000256474,c.533T>G,deleterious,0.0
TSC1,NM_000368.5,ENST00000643625,c.913G>A,deleterious,0.0
EGFR,NM_005228.5,ENST00000344576,c.1580G>A,tolerated_low_confidence,0.4
VHL,NM_000551.4,ENST00000256474,c.589G>A,deleterious,0.01
VHL,NM_000551.4,ENST00000256474,c.292T>A,deleterious,0.0
VHL,NM_000551.4,ENST00000256474,c.193T>C,deleterious,0.0
VHL,NM_000551.4,ENST00000256474,c.238A>C,deleterious,0.0
PTEN,NM_000314.8,ENST00000688308,c.821G>T,deleterious,0.01
PTEN,NM_000314.8,ENST00000688308,c.369C>G,deleterious,0.0
FGFR2,NM_000141.5,ENST00000358487,c.1025G>C,deleterious_low_confidence,0.0
FGFR2,NM_000141.5,ENST00000358487,c.1141T>G,deleterious_low_confidence,0.0
FGFR2,NM_000141.5,ENST00000358487,c.1024T>A,deleterious_low_confidence,0.0
PTEN,NM_000314.8,ENST00000688308,c.947T>C,deleterious,0.0
PTEN,NM_000314.8,ENST00000688308,c.44G>C,deleterious,0.0
PTEN,NM_000314.8,ENST00000688308,c.44G>A,deleterious,0.01
CTNNB1,NM_001904.4,ENST00000643541,c.98C>T,deleterious_low_confidence,0.0
EGFR,NM_005228.5,ENST00000275493,c.3552T>A,deleterious_low_confidence,0.03
EGFR,NM_005228.5,ENST00000275493,c.1936A>T,deleterious_low_confidence,0.0
EGFR,NM_005228.5,ENST00000275493,c.3360C>A,tolerated_low_confidence,0.14
EGFR,NM_005228.5,ENST00000344576,c.1873A>C,deleterious_low_confidence,0.01
EGFR,NM_005228.5,ENST00000275493,c.1978G>T,tolerated_low_confidence,0.96
EGFR,NM_005228.5,ENST00000275493,c.3346A>C,tolerated_low_confidence,0.68
EGFR,NM_005228.5,ENST00000344576,c.480G>T,tolerated_low_confidence,0.27
EGFR,NM_005228.5,ENST00000275493,c.3608A>C,tolerated_low_confidence,1.0
MLH1,NM_000249.4,ENST00000673673,c.73A>T,deleterious,0.0
MLH1,NM_000249.4,ENST00000673673,c.1745T>C,tolerated,0.9
MLH1,NM_000249.4,ENST00000673673,c.1667G>T,deleterious,0.0
MLH1,NM_000249.4,ENST00000673673,c.146T>A,deleterious,0.0
MLH1,NM_000249.4,ENST00000673673,c.655A>C,tolerated,0.24
MLH1,NM_000249.4,ENST00000616768,c.1799A>G,deleterious,0.03
GRIN2B,NM_000834.5,ENST00000609686,c.1382G>T,deleterious_low_confidence,0.0
TP53,NM_000546.6,ENST00000413465,c.534C>G,deleterious,0.0
MTOR,NM_004958.4,ENST00000703140,c.4841T>C,tolerated_low_confidence,0.37
GRIN2B,NM_000834.5,ENST00000609686,c.3799G>T,tolerated_low_confidence,0.38
GRIN2B,NM_000834.5,ENST00000609686,c.190G>A,deleterious_low_confidence,0.02
MTOR,NM_004958.4,ENST00000703140,c.7238G>T,deleterious_low_confidence,0.02
TSC1,NM_000368.5,ENST00000643625,c.1636G>T,deleterious,0.01
TSC1,NM_000368.5,ENST00000643625,c.1772C>T,tolerated,0.66
MLH1,NM_000249.4,ENST00000673673,c.291T>C,deleterious_low_confidence,0.03
TSC1,NM_000368.5,ENST00000490179,c.3475A>T,tolerated,0.31
TSC1,NM_000368.5,ENST00000490179,c.3076G>T,tolerated,1.0
TSC1,NM_000368.5,ENST00000643625,c.1738A>G,tolerated,0.18
MLH1,NM_000249.4,ENST00000673673,c.581T>G,deleterious,0.0
MTOR,NM_004958.4,ENST00000703143,c.4250T>C,deleterious_low_confidence,0.0
VHL,NM_000551.4,ENST00000256474,c.220G>T,deleterious,0.0
MTOR,NM_004958.4,ENST00000703143,c.6288C>G,deleterious_low_confidence,0.04
EGFR,NM_005228.5,ENST00000275493,c.2710G>A,deleterious_low_confidence,0.01
VHL,NM_000551.4,ENST00000256474,c.313A>C,deleterious,0.0
EGFR,NM_005228.5,ENST00000275493,c.2896A>G,tolerated_low_confidence,0.19
EGFR,NM_005228.5,ENST00000344576,c.1472T>C,tolerated_low_confidence,0.57
PTEN,NM_000314.8,ENST00000688308,c.372T>G,deleterious,0.0
MLH1,NM_000249.4,ENST00000231790,c.1943C>G,deleterious,0.0
VHL,NM_000551.4,ENST00000256474,c.581T>G,deleterious,0.0
VHL,NM_000551.4,ENST00000256474,c.500G>C,deleterious,0.0
PTEN,NM_000314.8,ENST00000688308,c.370T>A,deleterious,0.0
CFTR,NM_000492.4,ENST00000699596,c.1358T>C,deleterious_low_confidence,0.0
TP53,NM_000546.6,ENST00000413465,c.596G>T,deleterious,0.0
TP53,NM_000546.6,ENST00000413465,c.842A>C,deleterious_low_confidence,0.0
TP53,NM_000546.6,ENST00000413465,c.391A>T,deleterious,0.0
TP53,NM_000546.6,ENST00000359597,c.851C>T,deleterious,0.03
TP53,NM_000546.6,ENST00000413465,c.820G>A,deleterious_low_confidence,0.0
TP53,NM_000546.6,ENST00000413465,c.227C>G,tolerated,0.4
TP53,NM_000546.6,ENST00000610292,c.1061A>T,deleterious,0.0
TP53,NM_000546.6,ENST00000455263,c.995T>A,deleterious,0.0
MLH1,NM_000249.4,ENST00000673673,c.121G>T,deleterious,0.0
TP53,NM_000546.6,ENST00000413465,c.512A>G,deleterious,0.0
CDH1,NM_004360.5,ENST00000261769,c.866C>T,deleterious,0.0
EGFR,NM_005228.5,ENST00000275493,c.3566G>C,tolerated_low_confidence,1.0
TP53,NM_000546.6,ENST00000359597,c.1029G>T,deleterious_low_confidence,0.0
TP53,NM_000546.6,ENST00000413465,c.386C>A,tolerated,1.0
TP53,NM_000546.6,ENST00000413465,c.521G>A,tolerated,0.45
TP53,NM_000546.6,ENST00000610292,c.1061A>C,deleterious,0.0
TP53,NM_000546.6,ENST00000635293,c.956A>C,deleterious,0.02
TP53,NM_000546.6,ENST00000359597,c.905G>C,tolerated,0.09
TP53,NM_000546.6,ENST00000610292,c.1004G>T,deleterious,0.01
TP53,NM_000546.6,ENST00000413465,c.547T>C,tolerated,0.2
TP53,NM_000546.6,ENST00000622645,c.1020G>C,deleterious,0.0
TP53,NM_000546.6,ENST00000635293,c.1006G>C,deleterious_low_confidence,0.0
TP53,NM_000546.6,ENST00000714357,c.1123C>A,tolerated,0.66
TP53,NM_000546.6,ENST00000714357,c.1121G>T,deleterious,0.01
TP53,NM_000546.6,ENST00000413465,c.281C>T,deleterious,0.0
TP53,NM_000546.6,ENST00000413465,c.23C>G,tolerated,0.55
TP53,NM_000546.6,ENST00000635293,c.1063G>A,tolerated_low_confidence,0.11
TP53,NM_000546.6,ENST00000413465,c.172C>G,tolerated,0.94
TP53,NM_000546.6,ENST00000359597,c.935C>A,deleterious,0.02
TP53,NM_000546.6,ENST00000635293,c.929A>G,deleterious,0.0
TP53,NM_000546.6,ENST00000359597,c.899C>T,deleterious,0.05
TP53,NM_000546.6,ENST00000413465,c.555C>G,tolerated,0.1
TP53,NM_000546.6,ENST00000635293,c.1177G>T,deleterious_low_confidence,0.0
TP53,NM_000546.6,ENST00000714357,c.1164A>T,tolerated,0.06
TP53,NM_000546.6,ENST00000420246,c.1162G>C,deleterious,0.03
TP53,NM_000546.6,ENST00000359597,c.788A>G,tolerated,0.17
TP53,NM_000546.6,ENST00000413465,c.85A>G,tolerated,0.38
TP53,NM_000546.6,ENST00000413465,c.265C>A,tolerated,1.0
TP53,NM_000546.6,ENST00000413465,c.21T>G,tolerated,0.49
TP53,NM_000546.6,ENST00000359597,c.930C>G,tolerated,0.7
TP53,NM_000546.6,ENST00000413465,c.23C>T,tolerated,0.81
TP53,NM_000546.6,ENST00000635293,c.1046A>G,deleterious_low_confidence,0.0
TP53,NM_000546.6,ENST00000413465,c.576G>C,tolerated,0.1
TP53,NM_000546.6,ENST00000635293,c.1067G>A,deleterious_low_confidence,0.0
TP53,NM_000546.6,ENST00000413465,c.218T>A,tolerated,1.0
TP53,NM_000546.6,ENST00000413465,c.280T>G,tolerated,0.21
TP53,NM_000546.6,ENST00000455263,c.1159A>C,tolerated,0.16
TP53,NM_000546.6,ENST00000359597,c.972T>A,tolerated,0.27
TP53,NM_000546.6,ENST00000359597,c.938G>A,tolerated,0.12
TP53,NM_000546.6,ENST00000413465,c.11C>A,tolerated,0.1
TP53,NM_000546.6,ENST00000413465,c.196A>G,tolerated,0.94
TP53,NM_000546.6,ENST00000413465,c.94C>G,tolerated,0.18
TP53,NM_000546.6,ENST00000455263,c.1155C>A,tolerated,0.4
TP53,NM_000546.6,ENST00000635293,c.1153T>C,tolerated_low_confidence,0.71
TP53,NM_000546.6,ENST00000413465,c.187G>A,tolerated,0.26
TP53,NM_000546.6,ENST00000413465,c.503A>C,deleterious,0.0
TP53,NM_000546.6,ENST00000413465,c.401T>G,deleterious,0.0
PTEN,NM_000314.8,ENST00000700029,c.-284C>T,deleterious_low_confidence,0.04
TP53,NM_000546.6,ENST00000413465,c.635T>C,tolerated,0.4
TP53,NM_000546.6,ENST00000413465,c.612G>C,tolerated,0.2
TP53,NM_000546.6,ENST00000455263,c.1023C>G,tolerated,0.2
TP53,NM_000546.6,ENST00000413465,c.682G>T,deleterious,0.0
TP53,NM_000546.6,ENST00000413465,c.170A>T,tolerated,0.12
TP53,NM_000546.6,ENST00000413465,c.622G>A,deleterious,0.05
TP53,NM_000546.6,ENST00000413465,c.503A>T,deleterious,0.02
TP53,NM_000546.6,ENST00000413465,c.389T>A,deleterious,0.0
TP53,NM_000546.6,ENST00000413465,c.808T>G,deleterious_low_confidence,0.0
TSC1,NM_000368.5,ENST00000643625,c.920C>T,tolerated,0.06
TSC1,NM_000368.5,ENST00000643625,c.1528G>A,deleterious,0.01
TP53,NM_000546.6,ENST00000622645,c.1020G>T,deleterious,0.01
TP53,NM_000546.6,ENST00000413465,c.440T>G,deleterious,0.0
TP53,NM_000546.6,ENST00000413465,c.339C>A,deleterious,0.0
TSC1,NM_000368.5,ENST00000490179,c.2161C>T,deleterious,0.0
MLH1,NM_000249.4,ENST00000673673,c.187G>C,deleterious,0.0
MLH1,NM_000249.4,ENST00000673673,c.1958T>C,tolerated,0.75
FGFR3,NM_000142.5,ENST00000340107,c.667C>T,deleterious_low_confidence,0.0
TP53,NM_000546.6,ENST00000413465,c.629A>G,tolerated,0.2
VHL,NM_000551.4,ENST00000256474,c.353T>G,deleterious,0.0
TP53,NM_000546.6,ENST00000413465,c.738G>C,deleterious,0.0
MLH1,NM_000249.4,ENST00000673673,c.1745T>G,tolerated,0.45
PTEN,NM_000314.8,ENST00000688308,c.367C>A,deleterious,0.0
PTEN,NM_000314.8,ENST00000688308,c.410C>A,deleterious,0.0
PTEN,NM_000314.8,ENST00000688308,c.661A>G,deleterious,0.02
PTEN,NM_000314.8,ENST00000688308,c.196A>G,deleterious,0.0
PTEN,NM_000314.8,ENST00000688308,c.136T>C,deleterious,0.0
PTEN,NM_000314.8,ENST00000688308,c.298C>T,deleterious,0.0
PTEN,NM_000314.8,ENST00000688308,c.158T>C,deleterious,0.0
PTEN,NM_000314.8,ENST00000688308,c.479C>T,deleterious,0.0
PTEN,NM_000314.8,ENST00000688308,c.401T>G,deleterious,0.0
PTEN,NM_000314.8,ENST00000688308,c.46T>G,deleterious,0.0
PTEN,NM_000314.8,ENST00000688308,c.242T>G,deleterious,0.0
PTEN,NM_000314.8,ENST00000688308,c.358G>A,deleterious,0.01
PTEN,NM_000314.8,ENST00000688308,c.14T>C,deleterious,0.0
PTEN,NM_000314.8,ENST00000688308,c.520T>C,deleterious,0.0
PTEN,NM_000314.8,ENST00000688308,c.313T>C,deleterious,0.0
PTEN,NM_000314.8,ENST00000688308,c.374A>G,deleterious,0.03
PTEN,NM_000314.8,ENST00000688308,c.277C>A,deleterious,0.0
PTEN,NM_000314.8,ENST00000688308,c.476G>T,deleterious,0.0
PTEN,NM_000314.8,ENST00000688308,c.815A>C,deleterious,0.0
PTEN,NM_000314.8,ENST00000688308,c.598T>G,deleterious,0.02
PTEN,NM_000314.8,ENST00000688308,c.209T>G,deleterious,0.02
PTEN,NM_000314.8,ENST00000688308,c.529T>C,deleterious,0.0
PTEN,NM_000314.8,ENST00000688308,c.497T>A,deleterious,0.0
PTEN,NM_000314.8,ENST00000688308,c.182A>C,deleterious,0.0
PTEN,NM_000314.8,ENST00000688308,c.167T>C,deleterious,0.0
PTEN,NM_000314.8,ENST00000688308,c.313T>G,deleterious,0.0
PTEN,NM_000314.8,ENST00000688308,c.356T>G,deleterious,0.0
PTEN,NM_000314.8,ENST00000688308,c.293T>C,deleterious,0.0
PTEN,NM_000314.8,ENST00000688308,c.1A>C,deleterious,0.02
PTEN,NM_000314.8,ENST00000688308,c.62T>C,deleterious,0.0
PTEN,NM_000314.8,ENST00000688308,c.80A>T,deleterious,0.02
PTEN,NM_000314.8,ENST00000688308,c.511C>A,deleterious,0.0
PTEN,NM_000314.8,ENST00000688308,c.113C>G,deleterious,0.0
PTEN,NM_000314.8,ENST00000688308,c.286C>T,deleterious,0.0
PTEN,NM_000314.8,ENST00000688308,c.243T>G,deleterious,0.01
PTEN,NM_000314.8,ENST00000688308,c.407G>T,deleterious,0.0
PTEN,NM_000314.8,ENST00000688308,c.584T>C,deleterious,0.0
TP53,NM_000546.6,ENST00000413465,c.577C>A,deleterious,0.0
CTNNB1,NM_001904.4,ENST00000643541,c.94G>T,deleterious_low_confidence,0.0
PTEN,NM_000314.8,ENST00000688308,c.335T>C,deleterious,0.0
PTEN,NM_000314.8,ENST00000700029,c.-513G>T,deleterious_low_confidence,0.0
PTEN,NM_000314.8,ENST00000700029,c.-466G>A,tolerated_low_confidence,0.24
PTEN,NM_000314.8,ENST00000688308,c.361G>C,deleterious,0.0
PTEN,NM_000314.8,ENST00000688308,c.361G>A,deleterious,0.01
PTEN,NM_000314.8,ENST00000688308,c.463T>A,deleterious,0.0
PTEN,NM_000314.8,ENST00000700029,c.-290A>T,deleterious_low_confidence,0.01
TP53,NM_000546.6,ENST00000413465,c.695T>G,deleterious,0.0
PTEN,NM_000314.8,ENST00000688308,c.1A>T,deleterious,0.02
PTEN,NM_000314.8,ENST00000688308,c.2T>G,deleterious,0.0
PTEN,NM_000314.8,ENST00000688308,c.322C>T,deleterious,0.0
PTEN,NM_000314.8,ENST00000688308,c.320A>G,deleterious,0.0
PTEN,NM_000314.8,ENST00000688308,c.103A>C,deleterious,0.01
PTEN,NM_000314.8,ENST00000688308,c.499A>G,deleterious,0.0
PTEN,NM_000314.8,ENST00000688308,c.2T>C,deleterious,0.0
BRAF,NM_004333.6,ENST00000496384,c.1785T>G,deleterious_low_confidence,0.0
MTOR,NM_004958.4,ENST00000703143,c.5197G>A,tolerated_low_confidence,0.15
GRIN2A,NM_001134407.3,ENST00000396573,c.1903G>A,deleterious_low_confidence,0.0
PTEN,NM_000314.8,ENST00000688308,c.379G>C,deleterious,0.0
PTEN,NM_000314.8,ENST00000688308,c.377C>A,deleterious,0.01
PTEN,NM_000314.8,ENST00000688308,c.353A>C,deleterious,0.0
PTEN,NM_000314.8,ENST00000688308,c.464A>C,deleterious,0.0
PTEN,NM_000314.8,ENST00000688308,c.425G>C,deleterious,0.01
PTEN,NM_000314.8,ENST00000688308,c.275A>T,deleterious,0.0
VHL,NM_000551.4,ENST00000256474,c.162G>A,deleterious,0.03
VHL,NM_000551.4,ENST00000256474,c.161T>G,deleterious,0.03
VHL,NM_000551.4,ENST00000256474,c.233A>T,deleterious,0.01
VHL,NM_000551.4,ENST00000256474,c.232A>T,deleterious,0.0
VHL,NM_000551.4,ENST00000256474,c.202T>C,deleterious,0.01
VHL,NM_000551.4,ENST00000256474,c.264G>C,deleterious,0.0
TSC1,NM_000368.5,ENST00000643625,c.1772C>A,tolerated,0.93
VHL,NM_000551.4,ENST00000256474,c.488T>G,deleterious,0.0
TP53,NM_000546.6,ENST00000413465,c.751A>T,deleterious,0.0
TP53,NM_000546.6,ENST00000413465,c.472C>A,deleterious,0.0
TSC1,NM_000368.5,ENST00000643625,c.3305G>C,deleterious,0.0
VHL,NM_000551.4,ENST00000256474,c.89G>A,tolerated_low_confidence,0.15
PTEN,NM_000314.8,ENST00000688308,c.362C>A,deleterious,0.0
PTEN,NM_000314.8,ENST00000688308,c.518G>T,deleterious,0.0
VHL,NM_000551.4,ENST00000256474,c.341G>T,deleterious,0.0
VHL,NM_000551.4,ENST00000256474,c.361G>A,deleterious,0.0
VHL,NM_000551.4,ENST00000256474,c.224T>G,deleterious,0.0
VHL,NM_000551.4,ENST00000256474,c.302T>C,deleterious,0.0
TP53,NM_000546.6,ENST00000413465,c.337T>C,deleterious,0.0
TP53,NM_000546.6,ENST00000413465,c.339C>G,deleterious,0.0
TP53,NM_000546.6,ENST00000413465,c.337T>A,deleterious,0.0
PTEN,NM_000314.8,ENST00000688308,c.335T>G,deleterious,0.0
TP53,NM_000546.6,ENST00000413465,c.176G>A,tolerated,0.42
CDH1,NM_004360.5,ENST00000261769,c.2T>G,deleterious,0.0
TP53,NM_000546.6,ENST00000635293,c.1150A>G,deleterious_low_confidence,0.02
CDH1,NM_004360.5,ENST00000261769,c.1132A>C,tolerated,0.25
TSC1,NM_000368.5,ENST00000490179,c.3032C>A,tolerated,0.16
TSC1,NM_000368.5,ENST00000490179,c.3169G>A,tolerated,0.31
TSC1,NM_000368.5,ENST00000643625,c.363G>C,deleterious,0.0
WRAP53,NM_001143992.2,ENST00000431639,c.407C>G,tolerated,0.09
TSC1,NM_000368.5,ENST00000643625,c.213C>A,deleterious,0.0
CDH1,NM_004360.5,ENST00000261769,c.1A>T,deleterious,0.04
PTEN,NM_000314.8,ENST00000688308,c.722T>C,deleterious,0.0
FGFR2,NM_000141.5,ENST00000358487,c.1024T>C,deleterious_low_confidence,0.0
PTEN,NM_000314.8,ENST00000688308,c.314G>A,deleterious,0.0
TP53,NM_000546.6,ENST00000413465,c.380C>G,deleterious,0.0
PTEN,NM_000314.8,ENST00000688308,c.139A>G,deleterious,0.0
PTEN,NM_000314.8,ENST00000688308,c.389G>C,deleterious,0.0
MLH1,NM_000249.4,ENST00000673673,c.301G>C,deleterious,0.0
BRAF,NM_004333.6,ENST00000496384,c.1574T>A,deleterious_low_confidence,0.0
CDH1,NM_004360.5,ENST00000261769,c.1178T>A,deleterious,0.0
VHL,NM_000551.4,ENST00000256474,c.464T>G,deleterious,0.02
VHL,NM_000551.4,ENST00000256474,c.319C>A,deleterious,0.02
VHL,NM_000551.4,ENST00000256474,c.331A>C,deleterious,0.0
EGFR,NM_005228.5,ENST00000275493,c.3485G>A,tolerated_low_confidence,1.0
VHL,NM_000551.4,ENST00000256474,c.446C>T,tolerated,0.32
TP53,NM_000546.6,ENST00000359597,c.825T>G,deleterious,0.0
MLH1,NM_000249.4,ENST00000673673,c.380G>C,deleterious,0.01
MLH1,NM_000249.4,ENST00000673673,c.320T>A,deleterious,0.0
TSC1,NM_000368.5,ENST00000643625,c.1078A>G,deleterious,0.01
CTNNB1,NM_001904.4,ENST00000643541,c.860A>G,tolerated_low_confidence,0.2
TSC1,NM_000368.5,ENST00000643625,c.182T>C,deleterious,0.0
VHL,NM_000551.4,ENST00000256474,c.485G>A,deleterious,0.0
VHL,NM_000551.4,ENST00000256474,c.245G>C,deleterious,0.0
VHL,NM_000551.4,ENST00000256474,c.134C>G,tolerated,0.06
PTEN,NM_000314.8,ENST00000688308,c.764T>G,deleterious,0.0
TP53,NM_000546.6,ENST00000413465,c.700T>A,deleterious,0.0
TP53,NM_000546.6,ENST00000413465,c.423C>G,deleterious,0.0
TP53,NM_000546.6,ENST00000413465,c.695T>C,deleterious,0.04
PTEN,NM_000314.8,ENST00000688308,c.67T>G,deleterious,0.0
CFTR,NM_000492.4,ENST00000699598,c.1687T>G,deleterious_low_confidence,0.0
CDH1,NM_004360.5,ENST00000261769,c.2020A>T,deleterious,0.0
TP53,NM_000546.6,ENST00000359597,c.949C>A,tolerated,0.82
CDH1,NM_004360.5,ENST00000261769,c.113C>T,tolerated,0.06
TP53,NM_000546.6,ENST00000413465,c.814G>C,deleterious_low_confidence,0.0
TP53,NM_000546.6,ENST00000635293,c.1003C>T,deleterious_low_confidence,0.01
GRIN2A,NM_001134407.3,ENST00000396573,c.1844A>G,deleterious_low_confidence,0.0
EGFR,NM_005228.5,ENST00000275493,c.2500G>T,deleterious_low_confidence,0.01
PIK3CA,NM_006218.4,ENST00000263967,c.1634A>G,deleterious,0.0
VHL,NM_000551.4,ENST00000256474,c.190C>A,deleterious,0.0
VHL,NM_000551.4,ENST00000256474,c.523T>A,deleterious,0.0
VHL,NM_000551.4,ENST00000256474,c.193T>A,deleterious,0.0
PTEN,NM_000314.8,ENST00000688308,c.371G>C,deleterious,0.0
PTEN,NM_000314.8,ENST00000688308,c.275A>G,deleterious,0.0
KRAS,NM_004985.5,ENST00000690406,c.101C>G,deleterious_low_confidence,0.0
FGFR2,NM_000141.5,ENST00000358487,c.17G>C,tolerated_low_confidence,0.17
MLH1,NM_000249.4,ENST00000673673,c.112A>T,deleterious,0.0
PTEN,NM_000314.8,ENST00000688308,c.278A>C,deleterious,0.0
PTEN,NM_000314.8,ENST00000688308,c.140G>A,deleterious,0.01
PTEN,NM_000314.8,ENST00000688308,c.149T>C,deleterious,0.0
PTEN,NM_000314.8,ENST00000688308,c.284C>T,deleterious,0.01
FGFR3,NM_000142.5,ENST00000440486,c.1948A>C,deleterious_low_confidence,0.0
BRAF,NM_004333.6,ENST00000496384,c.1460T>G,deleterious_low_confidence,0.0
PTEN,NM_000314.8,ENST00000688308,c.75G>C,deleterious,0.0
IDH1,NM_005896.4,ENST00000345146,c.394C>T,deleterious_low_confidence,0.01
VHL,NM_000551.4,ENST00000256474,c.362A>T,deleterious,0.0
VHL,NM_000551.4,ENST00000256474,c.445G>A,deleterious,0.0
MLH1,NM_000249.4,ENST00000673673,c.203T>A,deleterious,0.0
MLH1,NM_000249.4,ENST00000231790,c.2263A>G,deleterious,0.0
MLH1,NM_000249.4,ENST00000673673,c.2T>A,deleterious_low_confidence,0.0
TSC1,NM_000368.5,ENST00000490179,c.3266G>C,deleterious,0.01
TSC1,NM_000368.5,ENST00000643625,c.782A>G,deleterious,0.03
TSC1,NM_000368.5,ENST00000643625,c.593A>G,deleterious,0.0
PTEN,NM_000314.8,ENST00000688308,c.605C>T,deleterious,0.01
PTEN,NM_000314.8,ENST00000688308,c.35A>C,deleterious,0.01
CDH1,NM_004360.5,ENST00000261769,c.944A>G,tolerated,0.44
CDH1,NM_004360.5,ENST00000261769,c.2272G>A,deleterious,0.0
BRAF,NM_004333.6,ENST00000496384,c.735A>C,deleterious_low_confidence,0.0
BRAF,NM_004333.6,ENST00000496384,c.736G>C,deleterious_low_confidence,0.0
CDH1,NM_004360.5,ENST00000261769,c.1030G>A,tolerated,0.06
CDH1,NM_004360.5,ENST00000261769,c.235A>C,tolerated,0.3
CDH1,NM_004360.5,ENST00000261769,c.939C>A,tolerated,0.24
CDH1,NM_004360.5,ENST00000261769,c.1133C>T,tolerated,0.1
CDH1,NM_004360.5,ENST00000261769,c.167A>G,tolerated,1.0
CDH1,NM_004360.5,ENST00000261769,c.1400C>G,tolerated,0.13
CDH1,NM_004360.5,ENST00000261769,c.917G>A,tolerated,0.11
CDH1,NM_004360.5,ENST00000261769,c.802A>G,tolerated,0.6
CDH1,NM_004360.5,ENST00000261769,c.1630A>T,tolerated,0.18
CDH1,NM_004360.5,ENST00000261769,c.1171G>C,tolerated,0.64
CDH1,NM_004360.5,ENST00000261769,c.1154C>A,deleterious,0.01
CDH1,NM_004360.5,ENST00000261769,c.1283A>G,deleterious,0.03
CDH1,NM_004360.5,ENST00000261769,c.1207G>A,tolerated,0.36
CDH1,NM_004360.5,ENST00000261769,c.1164G>T,deleterious,0.05
CDH1,NM_004360.5,ENST00000261769,c.130C>A,tolerated,0.68
GRIN2B,NM_000834.5,ENST00000609686,c.4105G>A,tolerated_low_confidence,0.15
GRIN2B,NM_000834.5,ENST00000609686,c.4240G>T,tolerated_low_confidence,0.06
VHL,NM_000551.4,ENST00000256474,c.240T>A,deleterious,0.0
VHL,NM_000551.4,ENST00000256474,c.472C>G,deleterious,0.03
TP53,NM_000546.6,ENST00000413465,c.374C>A,deleterious,0.0
MLH1,NM_000249.4,ENST00000673673,c.104T>A,deleterious,0.0
PTEN,NM_000314.8,ENST00000688308,c.746T>G,deleterious,0.0
PTEN,NM_000314.8,ENST00000688308,c.593T>A,deleterious,0.0
PTEN,NM_000314.8,ENST00000688308,c.77C>A,deleterious,0.0
CFTR,NM_000492.4,ENST00000699596,c.680T>G,deleterious_low_confidence,0.0
CFTR,NM_000492.4,ENST00000699598,c.3848G>T,deleterious_low_confidence,0.0
TSC1,NM_000368.5,ENST00000643625,c.572T>C,deleterious,0.0
TSC1,NM_000368.5,ENST00000643625,c.913G>C,deleterious,0.0
TSC1,NM_000368.5,ENST00000643625,c.363G>T,deleterious,0.0
CDH1,NM_004360.5,ENST00000261769,c.820G>A,deleterious,0.03
TSC1,NM_000368.5,ENST00000643625,c.659T>A,deleterious,0.0
TP53,NM_000546.6,ENST00000413465,c.217G>A,tolerated,0.19
CDH1,NM_004360.5,ENST00000261769,c.1493A>C,deleterious,0.0
TSC1,NM_000368.5,ENST00000490179,c.3427C>G,tolerated,0.17
VHL,NM_000551.4,ENST00000256474,c.269A>T,deleterious,0.0
TSC1,NM_000368.5,ENST00000643625,c.1577C>T,deleterious,0.02
TSC1,NM_000368.5,ENST00000490179,c.3431C>A,tolerated,1.0
TSC1,NM_000368.5,ENST00000643625,c.1104T>G,tolerated,1.0
TSC1,NM_000368.5,ENST00000643625,c.1903A>G,tolerated,0.84
TSC1,NM_000368.5,ENST00000643625,c.1538C>T,tolerated,0.07
TSC1,NM_000368.5,ENST00000643625,c.523G>A,tolerated,0.37
VHL,NM_000551.4,ENST00000256474,c.599G>C,deleterious,0.0
VHL,NM_000551.4,ENST00000256474,c.599G>T,deleterious,0.0
PTEN,NM_000314.8,ENST00000700029,c.-152A>G,tolerated_low_confidence,0.11
VHL,NM_000551.4,ENST00000256474,c.392A>G,deleterious,0.01
TSC1,NM_000368.5,ENST00000643625,c.569G>C,deleterious,0.0
TSC1,NM_000368.5,ENST00000643625,c.1567G>C,tolerated,0.28
VHL,NM_000551.4,ENST00000256474,c.388G>T,deleterious,0.0
PTEN,NM_000314.8,ENST00000688308,c.523G>A,deleterious,0.0
PTEN,NM_000314.8,ENST00000688308,c.76A>C,deleterious,0.0
TSC1,NM_000368.5,ENST00000643625,c.997C>T,tolerated,0.4
VHL,NM_000551.4,ENST00000256474,c.391A>T,deleterious,0.0
PTEN,NM_000314.8,ENST00000688308,c.510T>A,deleterious,0.0
VHL,NM_000551.4,ENST00000256474,c.349T>C,deleterious,0.0
VHL,NM_000551.4,ENST00000256474,c.349T>G,deleterious,0.0
VHL,NM_000551.4,ENST00000256474,c.445G>C,deleterious,0.01
BRAF,NM_004333.6,ENST00000496384,c.1502A>G,deleterious_low_confidence,0.0
FGFR1,NM_023110.3,ENST00000649678,c.304G>A,deleterious_low_confidence,0.02
FGFR1,NM_023110.3,ENST00000649678,c.320C>T,deleterious_low_confidence,0.02
CFTR,NM_000492.4,ENST00000699598,c.1769G>C,deleterious_low_confidence,0.0
CFTR,NM_000492.4,ENST00000699598,c.3907A>T,deleterious_low_confidence,0.0
CFTR,NM_000492.4,ENST00000699598,c.3311A>T,deleterious_low_confidence,0.0
CFTR,NM_000492.4,ENST00000699598,c.2917C>T,deleterious_low_confidence,0.0
CFTR,NM_000492.4,ENST00000699598,c.1682C>T,deleterious_low_confidence,0.0
CFTR,NM_000492.4,ENST00000699596,c.532G>C,deleterious_low_confidence,0.0
EGFR,NM_005228.5,ENST00000344576,c.1283G>A,deleterious_low_confidence,0.0
MLH1,NM_000249.4,ENST00000673673,c.1037A>G,deleterious,0.0
MLH1,NM_000249.4,ENST00000673673,c.62C>A,deleterious,0.0
TSC1,NM_000368.5,ENST00000643625,c.2041G>A,deleterious,0.0
PIK3CA,NM_006218.4,ENST00000263967,c.353G>A,deleterious,0.02
PIK3CA,NM_006218.4,ENST00000263967,c.1133G>A,tolerated,0.32
CFTR,NM_000492.4,ENST00000699598,c.3218A>G,deleterious_low_confidence,0.0
TSC1,NM_000368.5,ENST00000643625,c.1861A>C,deleterious,0.01
BRAF,NM_004333.6,ENST00000496384,c.64G>A,deleterious_low_confidence,0.0
PTEN,NM_000314.8,ENST00000688308,c.977A>G,deleterious,0.0
PTEN,NM_000314.8,ENST00000688308,c.105G>T,deleterious,0.0
PTEN,NM_000314.8,ENST00000688308,c.200T>G,deleterious,0.02
PTEN,NM_000314.8,ENST00000688308,c.475A>T,deleterious,0.0
TSC1,NM_000368.5,ENST00000643625,c.562T>G,deleterious,0.0
TSC1,NM_000368.5,ENST00000643625,c.125T>A,deleterious,0.0
TSC1,NM_000368.5,ENST00000643625,c.362A>T,deleterious,0.0
TSC1,NM_000368.5,ENST00000643625,c.482T>C,deleterious,0.0
TSC1,NM_000368.5,ENST00000643625,c.3158A>G,tolerated,0.47
TSC1,NM_000368.5,ENST00000643625,c.967C>A,tolerated,0.12
TSC1,NM_000368.5,ENST00000643625,c.859C>T,tolerated,0.68
TSC1,NM_000368.5,ENST00000643625,c.176A>T,tolerated,0.14
TSC1,NM_000368.5,ENST00000643625,c.1651G>A,tolerated,0.25
TSC1,NM_000368.5,ENST00000643625,c.1939G>C,deleterious,0.0
TSC1,NM_000368.5,ENST00000643625,c.658G>A,deleterious,0.05
TSC1,NM_000368.5,ENST00000490179,c.2213A>G,deleterious,0.02
TSC1,NM_000368.5,ENST00000490179,c.2428C>G,deleterious,0.0
TSC1,NM_000368.5,ENST00000643625,c.1160C>T,deleterious,0.0
TSC1,NM_000368.5,ENST00000643625,c.161C>G,deleterious,0.0
TSC1,NM_000368.5,ENST00000643625,c.712A>G,deleterious,0.0
TSC1,NM_000368.5,ENST00000490179,c.2560G>A,tolerated,0.08
TSC1,NM_000368.5,ENST00000643625,c.1479G>C,tolerated,0.93
TSC1,NM_000368.5,ENST00000643625,c.1634C>T,tolerated,0.16
TSC1,NM_000368.5,ENST00000643625,c.967C>G,tolerated,0.19
TSC1,NM_000368.5,ENST00000643625,c.151G>C,deleterious,0.0
TSC1,NM_000368.5,ENST00000643625,c.1442C>A,deleterious,0.01
TSC1,NM_000368.5,ENST00000643625,c.1909G>A,deleterious,0.04
TSC1,NM_000368.5,ENST00000643625,c.490T>C,deleterious,0.0
TSC1,NM_000368.5,ENST00000490179,c.3377G>T,deleterious,0.02
TSC1,NM_000368.5,ENST00000643625,c.1015A>T,tolerated,0.38
TSC1,NM_000368.5,ENST00000490179,c.3311G>A,deleterious,0.01
TSC1,NM_000368.5,ENST00000490179,c.3436G>C,deleterious,0.04
TSC1,NM_000368.5,ENST00000643625,c.2048C>G,deleterious,0.0
TSC1,NM_000368.5,ENST00000643625,c.1814A>T,deleterious,0.0
TSC1,NM_000368.5,ENST00000490179,c.3266G>A,deleterious,0.0
TSC1,NM_000368.5,ENST00000643625,c.251C>A,deleterious,0.0
TP53,NM_000546.6,ENST00000413465,c.400T>A,deleterious,0.0
TP53,NM_000546.6,ENST00000413465,c.746G>C,deleterious,0.0
VHL,NM_000551.4,ENST00000256474,c.238A>G,deleterious,0.0
CDH1,NM_004360.5,ENST00000261769,c.2343A>C,tolerated,0.21
VHL,NM_000551.4,ENST00000256474,c.551T>C,deleterious,0.0
VHL,NM_000551.4,ENST00000256474,c.497T>C,deleterious,0.0
TP53,NM_000546.6,ENST00000413465,c.653T>A,deleterious,0.0
TSC1,NM_000368.5,ENST00000643625,c.278T>A,deleterious,0.0
TSC1,NM_000368.5,ENST00000490179,c.3194C>T,deleterious,0.04
TSC1,NM_000368.5,ENST00000643625,c.1808C>T,deleterious,0.05
VHL,NM_000551.4,ENST00000256474,c.593T>A,deleterious,0.0
VHL,NM_000551.4,ENST00000256474,c.500G>T,deleterious,0.0
CDH1,NM_004360.5,ENST00000261769,c.2399G>A,deleterious,0.0
PTEN,NM_000314.8,ENST00000688308,c.383A>G,deleterious,0.01
PTEN,NM_000314.8,ENST00000688308,c.404T>A,deleterious,0.0
CDH1,NM_004360.5,ENST00000261769,c.2053G>A,deleterious,0.0
CFTR,NM_000492.4,ENST00000699596,c.481T>G,deleterious_low_confidence,0.0
CDH1,NM_004360.5,ENST00000261769,c.724G>A,tolerated,0.14
PTEN,NM_000314.8,ENST00000688308,c.376G>A,deleterious,0.0
PTEN,NM_000314.8,ENST00000688308,c.384G>C,deleterious,0.0
BRAF,NM_004333.6,ENST00000496384,c.1780G>A,deleterious_low_confidence,0.0
VHL,NM_000551.4,ENST00000256474,c.461C>T,deleterious,0.0
FGFR2,NM_000141.5,ENST00000358487,c.557T>C,tolerated_low_confidence,1.0
PTEN,NM_000314.8,ENST00000688308,c.830C>G,deleterious,0.0
PTEN,NM_000314.8,ENST00000688308,c.1026G>T,deleterious,0.01
PTEN,NM_000314.8,ENST00000688308,c.37A>C,deleterious,0.0
MLH1,NM_000249.4,ENST00000673673,c.188A>T,deleterious,0.0
MLH1,NM_000249.4,ENST00000673673,c.932A>G,deleterious,0.0
MLH1,NM_000249.4,ENST00000231790,c.2258T>C,deleterious,0.0
MLH1,NM_000249.4,ENST00000616768,c.2047T>G,deleterious,0.0
MLH1,NM_000249.4,ENST00000673673,c.1715G>T,deleterious,0.0
MLH1,NM_000249.4,ENST00000673673,c.923A>T,deleterious,0.0
MLH1,NM_000249.4,ENST00000673673,c.301G>T,deleterious,0.0
MLH1,NM_000249.4,ENST00000231790,c.1942C>A,deleterious,0.0
MLH1,NM_000249.4,ENST00000231790,c.1936T>G,deleterious,0.0
MLH1,NM_000249.4,ENST00000616768,c.1865T>G,deleterious,0.0
MLH1,NM_000249.4,ENST00000673673,c.1649T>G,deleterious,0.02
MLH1,NM_000249.4,ENST00000673673,c.1625A>C,deleterious,0.0
MLH1,NM_000249.4,ENST00000673673,c.1615G>C,deleterious,0.01
MLH1,NM_000249.4,ENST00000673673,c.350C>A,deleterious,0.0
MLH1,NM_000249.4,ENST00000673673,c.61G>C,deleterious,0.0
MLH1,NM_000249.4,ENST00000673673,c.254T>C,deleterious,0.0
MLH1,NM_000249.4,ENST00000673673,c.1684C>G,tolerated,0.11
MLH1,NM_000249.4,ENST00000673673,c.193G>T,deleterious,0.0
MLH1,NM_000249.4,ENST00000673673,c.730G>C,deleterious,0.0
MLH1,NM_000249.4,ENST00000616768,c.1844T>C,deleterious,0.0
MLH1,NM_000249.4,ENST00000673673,c.305A>C,deleterious,0.0
PTEN,NM_000314.8,ENST00000688308,c.801G>C,deleterious,0.0
MLH1,NM_000249.4,ENST00000673673,c.514G>A,deleterious,0.01
MLH1,NM_000249.4,ENST00000673673,c.916A>G,deleterious,0.0
MLH1,NM_000249.4,ENST00000231790,c.1943C>A,deleterious,0.0
MLH1,NM_000249.4,ENST00000673673,c.884G>T,deleterious,0.0
MLH1,NM_000249.4,ENST00000673673,c.95T>A,deleterious,0.0
MLH1,NM_000249.4,ENST00000673673,c.203T>G,deleterious,0.0
MLH1,NM_000249.4,ENST00000673673,c.1A>C,deleterious_low_confidence,0.02
MLH1,NM_000249.4,ENST00000673673,c.1745T>A,tolerated,0.33
PTEN,NM_000314.8,ENST00000688308,c.334C>G,deleterious,0.0
PTEN,NM_000314.8,ENST00000688308,c.80A>G,tolerated,0.06
MLH1,NM_000249.4,ENST00000673673,c.62C>G,deleterious,0.0
MLH1,NM_000249.4,ENST00000673673,c.69A>C,deleterious,0.0
MLH1,NM_000249.4,ENST00000673673,c.238T>A,deleterious,0.0
MLH1,NM_000249.4,ENST00000673673,c.296T>C,deleterious,0.0
MLH1,NM_000249.4,ENST00000673673,c.332C>A,deleterious,0.0
PTEN,NM_000314.8,ENST00000688308,c.16A>G,deleterious,0.0
BRAF,NM_004333.6,ENST00000496384,c.1403T>C,deleterious_low_confidence,0.0
MLH1,NM_000249.4,ENST00000673673,c.1A>T,deleterious_low_confidence,0.02
MLH1,NM_000249.4,ENST00000673673,c.300A>C,deleterious,0.0
MLH1,NM_000249.4,ENST00000673673,c.297T>C,deleterious_low_confidence,0.03
MLH1,NM_000249.4,ENST00000673673,c.1102T>C,tolerated,0.18
MLH1,NM_000249.4,ENST00000673673,c.1075A>G,tolerated,1.0
MLH1,NM_000249.4,ENST00000413740,c.1754T>G,deleterious_low_confidence,0.0
MLH1,NM_000249.4,ENST00000673673,c.193G>C,deleterious,0.0
BRAF,NM_004333.6,ENST00000496384,c.722C>G,deleterious_low_confidence,0.0
GRIN2A,NM_001134407.3,ENST00000396573,c.1841A>G,deleterious_low_confidence,0.0
MLH1,NM_000249.4,ENST00000673673,c.320T>G,deleterious,0.0
MLH1,NM_000249.4,ENST00000673673,c.189C>A,deleterious,0.0
MLH1,NM_000249.4,ENST00000673673,c.250A>C,deleterious,0.0
MLH1,NM_000249.4,ENST00000673673,c.193G>A,deleterious,0.0
MLH1,NM_000249.4,ENST00000231790,c.2265G>T,deleterious,0.0
PIK3CA,NM_006218.4,ENST00000263967,c.3129G>A,deleterious,0.04
GRIN2A,NM_001134407.3,ENST00000396573,c.1655C>G,deleterious_low_confidence,0.0
MLH1,NM_000249.4,ENST00000231790,c.2245C>G,deleterious,0.0
MLH1,NM_000249.4,ENST00000673673,c.1648C>T,tolerated,0.08
MLH1,NM_000249.4,ENST00000673673,c.252A>C,deleterious,0.0
MLH1,NM_000249.4,ENST00000231790,c.2027T>G,deleterious,0.0
KRAS,NM_004985.5,ENST00000256078,c.178G>C,deleterious_low_confidence,0.0
TSC1,NM_000368.5,ENST00000643625,c.542A>C,deleterious,0.0
TSC1,NM_000368.5,ENST00000643625,c.572T>G,deleterious,0.0
MLH1,NM_000249.4,ENST00000674111,c.1985C>G,tolerated,0.07
GRIN2B,NM_000834.5,ENST00000609686,c.1619G>A,deleterious_low_confidence,0.0
TP53,NM_000546.6,ENST00000413465,c.338T>G,deleterious,0.0
TP53,NM_000546.6,ENST00000413465,c.726C>G,deleterious,0.0
VHL,NM_000551.4,ENST00000256474,c.214T>C,deleterious,0.04
TSC1,NM_000368.5,ENST00000490179,c.2924T>A,tolerated,0.06
TSC1,NM_000368.5,ENST00000643625,c.625A>G,deleterious,0.0
TSC1,NM_000368.5,ENST00000490179,c.3419C>T,tolerated,0.11
TSC1,NM_000368.5,ENST00000643625,c.376G>A,tolerated,0.08
VHL,NM_000551.4,ENST00000256474,c.563T>C,deleterious,0.0
VHL,NM_000551.4,ENST00000256474,c.239G>T,deleterious,0.0
VHL,NM_000551.4,ENST00000256474,c.334T>A,deleterious,0.0
TSC2,NM_000548.5,ENST00000643088,c.839T>C,deleterious_low_confidence,0.0
PTEN,NM_000314.8,ENST00000688308,c.35A>T,deleterious,0.0
PTEN,NM_000314.8,ENST00000688308,c.203A>C,deleterious,0.04
PTEN,NM_000314.8,ENST00000688308,c.79T>A,deleterious,0.01
PTEN,NM_000314.8,ENST00000688308,c.829A>G,deleterious,0.0
TP53,NM_000546.6,ENST00000413465,c.380C>A,deleterious,0.0
CDH1,NM_004360.5,ENST00000261769,c.286A>G,tolerated,0.58
CDH1,NM_004360.5,ENST00000261769,c.188G>A,tolerated,0.39
TP53,NM_000546.6,ENST00000413465,c.188C>G,tolerated,0.15
TP53,NM_000546.6,ENST00000413465,c.149T>C,tolerated,0.37
CDH1,NM_004360.5,ENST00000261769,c.269G>A,tolerated,1.0
CFTR,NM_000492.4,ENST00000699598,c.3806T>A,deleterious_low_confidence,0.0
CFTR,NM_000492.4,ENST00000699598,c.1647T>A,deleterious_low_confidence,0.0
CFTR,NM_000492.4,ENST00000673785,c.416A>G,deleterious_low_confidence,0.0
CFTR,NM_000492.4,ENST00000699598,c.3745G>A,deleterious_low_confidence,0.0
CFTR,NM_000492.4,ENST00000699596,c.1037T>C,deleterious_low_confidence,0.0
TSC1,NM_000368.5,ENST00000643625,c.395G>A,deleterious,0.0
TSC1,NM_000368.5,ENST00000643625,c.215T>C,deleterious,0.0
CDH1,NM_004360.5,ENST00000261769,c.832G>A,deleterious,0.01
VHL,NM_000551.4,ENST00000256474,c.406T>G,deleterious,0.0
CDH1,NM_004360.5,ENST00000261769,c.2276G>C,deleterious,0.0
VHL,NM_000551.4,ENST00000256474,c.460C>A,deleterious,0.01
VHL,NM_000551.4,ENST00000256474,c.350G>C,deleterious,0.0
VHL,NM_000551.4,ENST00000256474,c.460C>G,deleterious,0.0
VHL,NM_000551.4,ENST00000256474,c.374A>C,deleterious,0.03
TSC2,NM_000548.5,ENST00000643088,c.4493G>C,deleterious_low_confidence,0.0
FGFR2,NM_000141.5,ENST00000358487,c.170C>T,tolerated_low_confidence,0.68
VHL,NM_000551.4,ENST00000256474,c.344A>G,deleterious,0.0
VHL,NM_000551.4,ENST00000256474,c.351G>T,deleterious,0.01
VHL,NM_000551.4,ENST00000256474,c.445G>T,deleterious,0.01
PIK3CA,NM_006218.4,ENST00000263967,c.1637A>G,deleterious,0.0
FGFR2,NM_000141.5,ENST00000358487,c.870G>T,deleterious_low_confidence,0.0
PTEN,NM_000314.8,ENST00000688308,c.80A>C,deleterious,0.0
BRAF,NM_004333.6,ENST00000496384,c.1495A>G,deleterious_low_confidence,0.0
BRAF,NM_004333.6,ENST00000496384,c.1801A>C,deleterious_low_confidence,0.01
MLH1,NM_000249.4,ENST00000673673,c.440G>A,deleterious,0.0
MLH1,NM_000249.4,ENST00000673673,c.779T>G,deleterious,0.0
GRIN2A,NM_001134407.3,ENST00000396573,c.662A>G,tolerated_low_confidence,0.34
TP53,NM_000546.6,ENST00000359597,c.857A>C,deleterious,0.0
TP53,NM_000546.6,ENST00000413465,c.472C>G,deleterious,0.0
TP53,NM_000546.6,ENST00000413465,c.794T>A,deleterious_low_confidence,0.0
TSC2,NM_000548.5,ENST00000568566,c.4367T>A,deleterious_low_confidence,0.01
TSC1,NM_000368.5,ENST00000643625,c.3133C>G,deleterious,0.01
TSC1,NM_000368.5,ENST00000643625,c.1273A>G,tolerated,0.54
TSC1,NM_000368.5,ENST00000643625,c.1795G>A,tolerated,0.05
VHL,NM_000551.4,ENST00000256474,c.264G>T,deleterious,0.0
WRAP53,NM_001143992.2,ENST00000431639,c.31C>T,tolerated_low_confidence,0.08
TSC1,NM_000368.5,ENST00000643625,c.572T>A,deleterious,0.0
TSC1,NM_000368.5,ENST00000643625,c.647T>C,deleterious,0.0
TP53,NM_000546.6,ENST00000413465,c.451C>G,deleterious,0.0
GRIN2B,NM_000834.5,ENST00000609686,c.2065G>A,deleterious_low_confidence,0.0
TSC2,NM_000548.5,ENST00000643088,c.1240T>G,deleterious_low_confidence,0.0
PTEN,NM_000314.8,ENST00000688308,c.323T>G,deleterious,0.0
PTEN,NM_000314.8,ENST00000688308,c.3G>A,deleterious,0.03
VHL,NM_000551.4,ENST00000256474,c.277G>C,deleterious,0.0
VHL,NM_000551.4,ENST00000256474,c.331A>G,deleterious,0.01
VHL,NM_000551.4,ENST00000256474,c.208G>C,tolerated,0.31
VHL,NM_000551.4,ENST00000256474,c.571C>G,deleterious,0.01
PTEN,NM_000314.8,ENST00000688308,c.293T>G,deleterious,0.0
PTEN,NM_000314.8,ENST00000688308,c.370T>G,deleterious,0.0
MLH1,NM_000249.4,ENST00000673673,c.121G>A,deleterious,0.0
PTEN,NM_000314.8,ENST00000688308,c.422A>T,deleterious,0.0
PTEN,NM_000314.8,ENST00000688308,c.37A>G,deleterious,0.01
TP53,NM_000546.6,ENST00000413465,c.428T>C,deleterious,0.0
CDH1,NM_004360.5,ENST00000261769,c.1684A>G,tolerated,0.17
CDH1,NM_004360.5,ENST00000261769,c.3G>A,deleterious,0.01
TP53,NM_000546.6,ENST00000610538,c.1025G>A,tolerated,0.51
EGFR,NM_005228.5,ENST00000344576,c.1774G>A,deleterious_low_confidence,0.0
TSC2,NM_000548.5,ENST00000219476,c.5240T>A,deleterious_low_confidence,0.0
KRAS,NM_004985.5,ENST00000256078,c.13A>G,deleterious_low_confidence,0.0
VHL,NM_000551.4,ENST00000256474,c.376G>T,deleterious,0.0
TSC2,NM_000548.5,ENST00000643088,c.2428A>G,tolerated_low_confidence,1.0
TSC2,NM_000548.5,ENST00000219476,c.3997T>G,deleterious_low_confidence,0.0
TSC2,NM_000548.5,ENST00000643088,c.1898A>G,tolerated_low_confidence,0.22
TSC2,NM_000548.5,ENST00000645591,c.2565C>A,deleterious_low_confidence,0.01
TSC2,NM_000548.5,ENST00000642206,c.4945G>A,deleterious_low_confidence,0.0
TSC2,NM_000548.5,ENST00000643088,c.352G>A,tolerated_low_confidence,0.93
TSC2,NM_000548.5,ENST00000643088,c.1329G>C,tolerated_low_confidence,1.0
TSC2,NM_000548.5,ENST00000643946,c.3490G>A,tolerated_low_confidence,0.32
TSC2,NM_000548.5,ENST00000645591,c.2405G>A,deleterious_low_confidence,0.0
TSC2,NM_000548.5,ENST00000643946,c.3875C>G,deleterious_low_confidence,0.0
TSC2,NM_000548.5,ENST00000219476,c.5237A>C,deleterious_low_confidence,0.0
TSC2,NM_000548.5,ENST00000643946,c.4919A>C,deleterious_low_confidence,0.0
VHL,NM_000551.4,ENST00000256474,c.358A>G,deleterious,0.01
TSC1,NM_000368.5,ENST00000643625,c.182T>G,deleterious,0.0
TSC2,NM_000548.5,ENST00000645591,c.474A>G,deleterious_low_confidence,0.03
FGFR1,NM_023110.3,ENST00000703405,c.2314C>T,deleterious_low_confidence,0.02
PTEN,NM_000314.8,ENST00000688308,c.521A>G,deleterious,0.0
BRAF,NM_004333.6,ENST00000496384,c.1783T>C,deleterious_low_confidence,0.0
BRAF,NM_004333.6,ENST00000496384,c.769C>A,deleterious_low_confidence,0.0
BRAF,NM_004333.6,ENST00000496384,c.1501G>A,deleterious_low_confidence,0.0
TP53,NM_000546.6,ENST00000413465,c.854A>T,deleterious_low_confidence,0.0
MLH1,NM_000249.4,ENST00000673673,c.2T>G,deleterious_low_confidence,0.0
GRIN2A,NM_001134407.3,ENST00000396573,c.3190A>G,tolerated_low_confidence,0.12
CDH1,NM_004360.5,ENST00000261769,c.1174G>A,tolerated,0.38
TSC1,NM_000368.5,ENST00000490179,c.2423C>T,tolerated,0.13
TSC1,NM_000368.5,ENST00000490179,c.2653C>T,deleterious,0.01
TSC1,NM_000368.5,ENST00000490179,c.2485A>C,deleterious,0.0
TSC1,NM_000368.5,ENST00000643625,c.1006C>T,deleterious,0.01
TSC2,NM_000548.5,ENST00000643088,c.1276C>G,deleterious_low_confidence,0.0
TSC2,NM_000548.5,ENST00000643088,c.2207C>T,deleterious_low_confidence,0.0
TSC2,NM_000548.5,ENST00000643088,c.385G>T,deleterious_low_confidence,0.0
TP53,NM_000546.6,ENST00000413465,c.403T>C,deleterious,0.0
TP53,NM_000546.6,ENST00000413465,c.714T>G,deleterious,0.0
TSC2,NM_000548.5,ENST00000643946,c.3089T>G,deleterious_low_confidence,0.0
TSC2,NM_000548.5,ENST00000643946,c.4919A>G,deleterious_low_confidence,0.0
TSC2,NM_000548.5,ENST00000643088,c.1085T>C,deleterious_low_confidence,0.0
EGFR,NM_005228.5,ENST00000275493,c.2156G>C,deleterious_low_confidence,0.0
PTEN,NM_000314.8,ENST00000688308,c.277C>G,deleterious,0.0
PTEN,NM_000314.8,ENST00000688308,c.56A>T,deleterious,0.0
VHL,NM_000551.4,ENST00000256474,c.239G>A,deleterious,0.02
VHL,NM_000551.4,ENST00000256474,c.319C>G,deleterious,0.01
IDH2,NM_002168.4,ENST00000330062,c.419G>A,deleterious_low_confidence,0.01
VHL,NM_000551.4,ENST00000256474,c.492G>C,deleterious,0.03
VHL,NM_000551.4,ENST00000256474,c.340G>C,deleterious,0.0
VHL,NM_000551.4,ENST00000256474,c.333C>G,deleterious,0.0
VHL,NM_000551.4,ENST00000256474,c.320G>A,deleterious,0.02
VHL,NM_000551.4,ENST00000256474,c.233A>C,deleterious,0.0
PTEN,NM_000314.8,ENST00000688308,c.302T>A,deleterious,0.0
TP53,NM_000546.6,ENST00000413465,c.403T>G,deleterious,0.0
CDH1,NM_004360.5,ENST00000261769,c.1865A>G,tolerated,0.05
TSC2,NM_000548.5,ENST00000643946,c.4510C>T,deleterious_low_confidence,0.0
TSC2,NM_000548.5,ENST00000643088,c.1472C>T,deleterious_low_confidence,0.0
TSC2,NM_000548.5,ENST00000643088,c.13A>G,tolerated_low_confidence,0.54
TSC2,NM_000548.5,ENST00000643088,c.1583T>C,deleterious_low_confidence,0.0
TSC2,NM_000548.5,ENST00000643088,c.2198T>C,deleterious_low_confidence,0.0
TSC2,NM_000548.5,ENST00000643088,c.3610G>A,deleterious_low_confidence,0.0
EGFR,NM_005228.5,ENST00000275493,c.2963A>C,deleterious_low_confidence,0.02
CDH1,NM_004360.5,ENST00000261769,c.160A>G,deleterious,0.02
CFTR,NM_000492.4,ENST00000699598,c.4097T>A,deleterious_low_confidence,0.0
CFTR,NM_000492.4,ENST00000699598,c.1801A>T,deleterious_low_confidence,0.0
CFTR,NM_000492.4,ENST00000673785,c.178G>A,deleterious_low_confidence,0.01
FGFR2,NM_000141.5,ENST00000358487,c.1052C>G,deleterious_low_confidence,0.0
VHL,NM_000551.4,ENST00000256474,c.395A>C,deleterious,0.02
VHL,NM_000551.4,ENST00000256474,c.393C>A,deleterious,0.0
PIK3CA,NM_006218.4,ENST00000263967,c.323G>A,deleterious,0.01
FGFR3,NM_000142.5,ENST00000340107,c.1949A>T,deleterious_low_confidence,0.0
PIK3CA,NM_006218.4,ENST00000263967,c.241G>A,deleterious,0.0
BRAF,NM_004333.6,ENST00000496384,c.1391G>T,deleterious_low_confidence,0.0
MLH1,NM_000249.4,ENST00000673673,c.382G>C,deleterious,0.0
MLH1,NM_000249.4,ENST00000673673,c.1038G>T,deleterious,0.0
BRCA1,NM_007294.4,ENST00000357654,c.2902C>G,tolerated,1.0
BRCA1,NM_007294.4,ENST00000489037,c.2861T>A,tolerated,0.61
BRCA1,NM_007294.4,ENST00000497488,c.2703T>G,tolerated,0.57
BRCA1,NM_007294.4,ENST00000357654,c.1073T>C,tolerated,1.0
BRCA1,NM_007294.4,ENST00000478531,c.1468C>T,tolerated,0.15
BRCA1,NM_007294.4,ENST00000497488,c.1522C>G,tolerated,0.22
BRCA1,NM_007294.4,ENST00000478531,c.2207A>G,deleterious,0.0
BRCA1,NM_007294.4,ENST00000497488,c.1237T>G,tolerated,0.12
BRCA1,NM_007294.4,ENST00000357654,c.2230G>A,tolerated,1.0
TSC1,NM_000368.5,ENST00000643625,c.1219G>A,tolerated,0.27
TSC1,NM_000368.5,ENST00000490179,c.2647G>A,tolerated,0.08
TSC1,NM_000368.5,ENST00000490179,c.2425G>C,deleterious,0.02
TSC1,NM_000368.5,ENST00000643625,c.1976C>T,tolerated,0.14
BRCA1,NM_007294.4,ENST00000357654,c.3604T>C,tolerated,1.0
BRCA1,NM_007294.4,ENST00000489037,c.3550G>A,deleterious,0.02
BRCA1,NM_007294.4,ENST00000357654,c.3995G>A,tolerated,1.0
BRCA1,NM_007294.4,ENST00000497488,c.3935C>G,tolerated,0.1
PTEN,NM_000314.8,ENST00000688308,c.274G>T,deleterious,0.0
BRCA1,NM_007294.4,ENST00000497488,c.3826T>G,deleterious,0.01
BRCA1,NM_007294.4,ENST00000478531,c.739A>G,tolerated,0.43
TSC2,NM_000548.5,ENST00000643946,c.5024C>G,deleterious_low_confidence,0.0
TSC2,NM_000548.5,ENST00000642206,c.4868C>T,deleterious_low_confidence,0.0
TSC2,NM_000548.5,ENST00000643088,c.2197C>G,deleterious_low_confidence,0.0
VHL,NM_000551.4,ENST00000256474,c.119C>T,deleterious,0.01
TP53,NM_000546.6,ENST00000413465,c.470T>G,deleterious,0.0
TSC2,NM_000548.5,ENST00000643088,c.2351A>G,tolerated_low_confidence,0.39
TSC2,NM_000548.5,ENST00000643088,c.4610T>C,deleterious_low_confidence,0.0
TSC2,NM_000548.5,ENST00000219476,c.4942A>G,deleterious_low_confidence,0.0
TSC2,NM_000548.5,ENST00000643946,c.3022G>A,tolerated_low_confidence,1.0
TSC1,NM_000368.5,ENST00000643625,c.671T>G,deleterious,0.0
VHL,NM_000551.4,ENST00000256474,c.232A>G,deleterious,0.0
VHL,NM_000551.4,ENST00000256474,c.331A>T,deleterious,0.0
VHL,NM_000551.4,ENST00000256474,c.487C>T,deleterious,0.0
VHL,NM_000551.4,ENST00000256474,c.563T>G,deleterious,0.0
VHL,NM_000551.4,ENST00000256474,c.340G>A,deleterious,0.05
PTEN,NM_000314.8,ENST00000688308,c.287C>A,deleterious,0.0
PTEN,NM_000314.8,ENST00000688308,c.476G>A,deleterious,0.03
PTEN,NM_000314.8,ENST00000688308,c.275A>C,deleterious,0.0
PTEN,NM_000314.8,ENST00000688308,c.518G>C,deleterious,0.0
VHL,NM_000551.4,ENST00000256474,c.499C>G,deleterious,0.0
PTEN,NM_000314.8,ENST00000688308,c.71A>T,deleterious,0.0
CDH1,NM_004360.5,ENST00000261769,c.1565C>T,deleterious,0.02
TP53,NM_000546.6,ENST00000635293,c.1135C>A,deleterious_low_confidence,0.04
CFTR,NM_000492.4,ENST00000699598,c.1688A>G,deleterious_low_confidence,0.0
CFTR,NM_000492.4,ENST00000699598,c.3739G>A,deleterious_low_confidence,0.0
CFTR,NM_000492.4,ENST00000673785,c.3G>A,tolerated_low_confidence,0.26
CDH1,NM_004360.5,ENST00000261769,c.370C>T,deleterious,0.01
TSC2,NM_000548.5,ENST00000643088,c.2531T>C,deleterious_low_confidence,0.0
TSC2,NM_000548.5,ENST00000643088,c.2549T>C,deleterious_low_confidence,0.0
CFTR,NM_000492.4,ENST00000699596,c.1420G>A,deleterious_low_confidence,0.01
CFTR,NM_000492.4,ENST00000699598,c.4124A>C,deleterious_low_confidence,0.0
CFTR,NM_000492.4,ENST00000699598,c.3971T>C,deleterious_low_confidence,0.0
TSC2,NM_000548.5,ENST00000643088,c.866C>T,deleterious_low_confidence,0.01
TSC2,NM_000548.5,ENST00000643088,c.2018C>T,tolerated_low_confidence,0.69
TSC2,NM_000548.5,ENST00000643088,c.880G>A,deleterious_low_confidence,0.0
VHL,NM_000551.4,ENST00000256474,c.383T>C,deleterious,0.0
TSC2,NM_000548.5,ENST00000643946,c.4960G>A,tolerated_low_confidence,0.27
PTEN,NM_000314.8,ENST00000688308,c.212G>A,deleterious,0.0
PTEN,NM_000314.8,ENST00000688308,c.107G>A,deleterious,0.0
PTEN,NM_000314.8,ENST00000688308,c.319G>T,deleterious,0.0
PTEN,NM_000314.8,ENST00000688308,c.1A>G,tolerated,0.05
PTEN,NM_000314.8,ENST00000688308,c.104T>G,deleterious,0.0
MLH1,NM_000249.4,ENST00000673972,c.2197C>T,deleterious_low_confidence,0.02
TP53,NM_000546.6,ENST00000359597,c.840A>C,deleterious,0.02
PTEN,NM_000314.8,ENST00000688308,c.976G>A,deleterious,0.0
PIK3CA,NM_006218.4,ENST00000263967,c.1093G>A,deleterious,0.0
WRAP53,NM_001143992.2,ENST00000431639,c.202C>G,tolerated,0.93
VHL,NM_000551.4,ENST00000256474,c.244C>G,deleterious,0.0
VHL,NM_000551.4,ENST00000256474,c.492G>T,deleterious,0.03
VHL,NM_000551.4,ENST00000256474,c.485G>C,deleterious,0.02
TSC2,NM_000548.5,ENST00000643088,c.4489C>A,deleterious_low_confidence,0.0
TSC2,NM_000548.5,ENST00000642206,c.4662G>T,deleterious_low_confidence,0.0
PTEN,NM_000314.8,ENST00000688308,c.45A>C,deleterious,0.0
TSC2,NM_000548.5,ENST00000643088,c.623G>A,tolerated_low_confidence,1.0
TSC2,NM_000548.5,ENST00000219476,c.4108C>T,tolerated_low_confidence,0.07
TSC2,NM_000548.5,ENST00000643946,c.4029G>C,deleterious_low_confidence,0.01
TSC2,NM_000548.5,ENST00000643946,c.3374G>A,deleterious_low_confidence,0.0
TSC2,NM_000548.5,ENST00000643946,c.3476G>T,deleterious_low_confidence,0.01
TSC2,NM_000548.5,ENST00000642206,c.5150T>C,deleterious_low_confidence,0.03
TSC2,NM_000548.5,ENST00000643088,c.4918C>T,tolerated_low_confidence,0.26
PTEN,NM_000314.8,ENST00000688308,c.376G>C,deleterious,0.03
TP53,NM_000546.6,ENST00000635293,c.1151T>C,deleterious_low_confidence,0.0
BRCA1,NM_007294.4,ENST00000357654,c.891G>T,deleterious,0.03
BRAF,NM_004333.6,ENST00000496384,c.1391G>A,deleterious_low_confidence,0.0
TP53,NM_000546.6,ENST00000610538,c.1040C>G,tolerated,0.08
CDH1,NM_004360.5,ENST00000261769,c.394G>A,tolerated,0.31
CDH1,NM_004360.5,ENST00000261769,c.1360G>A,tolerated,0.16
PTEN,NM_000314.8,ENST00000688308,c.367C>G,deleterious,0.0
PTEN,NM_000314.8,ENST00000688308,c.320A>T,deleterious,0.0
TSC1,NM_000368.5,ENST00000643625,c.1631G>A,tolerated,0.11
MLH1,NM_000249.4,ENST00000231790,c.2153A>C,deleterious,0.0
MLH1,NM_000249.4,ENST00000413740,c.1766C>A,tolerated,0.14
GRIN2A,NM_001134407.3,ENST00000396573,c.2146G>A,deleterious_low_confidence,0.0
TSC2,NM_000548.5,ENST00000643946,c.4936G>A,deleterious_low_confidence,0.0
TSC2,NM_000548.5,ENST00000643946,c.3611G>A,deleterious_low_confidence,0.0
TP53,NM_000546.6,ENST00000413465,c.761T>A,deleterious,0.0
TP53,NM_000546.6,ENST00000413465,c.467G>C,tolerated,0.2
TP53,NM_000546.6,ENST00000413465,c.706T>C,deleterious,0.0
TSC2,NM_000548.5,ENST00000643088,c.433G>A,deleterious_low_confidence,0.0
TSC2,NM_000548.5,ENST00000643088,c.2392C>T,tolerated_low_confidence,1.0
TSC2,NM_000548.5,ENST00000643088,c.989C>T,deleterious_low_confidence,0.0
TSC2,NM_000548.5,ENST00000643946,c.3275C>T,deleterious_low_confidence,0.03
TSC2,NM_000548.5,ENST00000219476,c.4685T>C,deleterious_low_confidence,0.0
TSC2,NM_000548.5,ENST00000643088,c.4783G>A,deleterious_low_confidence,0.0
TSC2,NM_000548.5,ENST00000643088,c.1477C>G,deleterious_low_confidence,0.0
TP53,NM_000546.6,ENST00000413465,c.712T>G,deleterious,0.0
TSC2,NM_000548.5,ENST00000643088,c.1831C>G,deleterious_low_confidence,0.0
TSC2,NM_000548.5,ENST00000643946,c.3037G>A,deleterious_low_confidence,0.0
BRCA2,NM_000059.4,ENST00000544455,c.1281C>G,deleterious,0.01
VHL,NM_000551.4,ENST00000256474,c.488T>C,deleterious,0.01
BRAF,NM_004333.6,ENST00000496384,c.1455G>C,deleterious_low_confidence,0.0
VHL,NM_000551.4,ENST00000256474,c.496G>T,deleterious,0.04
TP53,NM_000546.6,ENST00000413465,c.524G>T,deleterious,0.0
TP53,NM_000546.6,ENST00000413465,c.532C>G,deleterious,0.0
BRCA2,NM_000059.4,ENST00000544455,c.2702T>C,tolerated,1.0
BRCA2,NM_000059.4,ENST00000544455,c.2243A>G,tolerated,0.35
BRCA2,NM_000059.4,ENST00000544455,c.2132G>T,tolerated,0.07
BRCA2,NM_000059.4,ENST00000544455,c.1937G>A,tolerated,1.0
BRCA2,NM_000059.4,ENST00000544455,c.1373C>G,deleterious,0.01
BRCA2,NM_000059.4,ENST00000544455,c.6826C>G,tolerated,1.0
BRCA2,NM_000059.4,ENST00000544455,c.6206T>C,tolerated,1.0
BRCA2,NM_000059.4,ENST00000544455,c.5808G>T,tolerated,0.66
BRCA2,NM_000059.4,ENST00000544455,c.5782G>C,tolerated,1.0
BRCA2,NM_000059.4,ENST00000544455,c.5482A>G,tolerated,1.0
BRCA2,NM_000059.4,ENST00000544455,c.4809C>A,tolerated,0.94
BRCA2,NM_000059.4,ENST00000544455,c.4087A>C,deleterious,0.02
BRCA2,NM_000059.4,ENST00000544455,c.5147A>G,tolerated,0.35
BRCA2,NM_000059.4,ENST00000544455,c.3577G>T,tolerated,0.16
BRCA2,NM_000059.4,ENST00000544455,c.2403C>A,tolerated,1.0
BRCA2,NM_000059.4,ENST00000544455,c.1317T>A,tolerated,0.08
BRCA2,NM_000059.4,ENST00000544455,c.1072G>A,tolerated,1.0
BRCA2,NM_000059.4,ENST00000544455,c.2249A>G,tolerated,1.0
BRCA2,NM_000059.4,ENST00000544455,c.4438T>C,tolerated,1.0
BRCA2,NM_000059.4,ENST00000544455,c.5252A>C,tolerated,0.39
BRCA2,NM_000059.4,ENST00000544455,c.5732A>G,tolerated,0.14
PTEN,NM_000314.8,ENST00000688308,c.382A>G,deleterious,0.0
PTEN,NM_000314.8,ENST00000688308,c.143A>G,deleterious,0.0
PTEN,NM_000314.8,ENST00000688308,c.45A>T,deleterious,0.0
BRCA2,NM_000059.4,ENST00000544455,c.868G>C,deleterious,0.02
BRCA2,NM_000059.4,ENST00000544455,c.4150T>G,tolerated,0.23
BRCA2,NM_000059.4,ENST00000544455,c.6541G>A,tolerated,0.13
PTEN,NM_000314.8,ENST00000688308,c.287C>T,deleterious,0.0
TP53,NM_000546.6,ENST00000413465,c.250G>A,tolerated,0.19
CDH1,NM_004360.5,ENST00000261769,c.2204C>T,deleterious,0.01
BRCA1,NM_007294.4,ENST00000357654,c.4081A>T,deleterious,0.02
CFTR,NM_000492.4,ENST00000699596,c.434T>A,deleterious_low_confidence,0.0
TSC2,NM_000548.5,ENST00000643088,c.4634T>C,deleterious_low_confidence,0.0
TSC2,NM_000548.5,ENST00000643946,c.3134C>T,deleterious_low_confidence,0.0
TSC2,NM_000548.5,ENST00000643088,c.2087G>T,deleterious_low_confidence,0.0
TSC2,NM_000548.5,ENST00000643088,c.3G>T,deleterious_low_confidence,0.0
TSC2,NM_000548.5,ENST00000643088,c.4859A>T,deleterious_low_confidence,0.0
TSC2,NM_000548.5,ENST00000643088,c.1119G>C,deleterious_low_confidence,0.0
TSC2,NM_000548.5,ENST00000642206,c.5056C>A,deleterious_low_confidence,0.0
TSC2,NM_000548.5,ENST00000643088,c.1172T>A,deleterious_low_confidence,0.0
TSC2,NM_000548.5,ENST00000219476,c.5012T>A,deleterious_low_confidence,0.0
TSC2,NM_000548.5,ENST00000382538,c.5045T>C,deleterious_low_confidence,0.0
CFTR,NM_000492.4,ENST00000699598,c.1687T>C,deleterious_low_confidence,0.0
CFTR,NM_000492.4,ENST00000699596,c.254G>T,deleterious_low_confidence,0.0
TSC2,NM_000548.5,ENST00000643946,c.5048T>C,deleterious_low_confidence,0.0
TSC2,NM_000548.5,ENST00000219476,c.5018T>G,deleterious_low_confidence,0.0
TSC2,NM_000548.5,ENST00000643088,c.2747T>C,deleterious_low_confidence,0.0
CDH1,NM_004360.5,ENST00000261769,c.1019C>T,deleterious,0.03
TSC2,NM_000548.5,ENST00000642206,c.4181T>C,tolerated_low_confidence,0.15
TSC2,NM_000548.5,ENST00000643088,c.1397T>G,deleterious_low_confidence,0.0
TSC2,NM_000548.5,ENST00000643088,c.791T>C,deleterious_low_confidence,0.0
TSC2,NM_000548.5,ENST00000219476,c.5043C>A,deleterious_low_confidence,0.0
TSC2,NM_000548.5,ENST00000643088,c.196G>C,deleterious_low_confidence,0.0
TSC2,NM_000548.5,ENST00000643088,c.51T>G,deleterious_low_confidence,0.03
TSC2,NM_000548.5,ENST00000643088,c.2200T>A,tolerated_low_confidence,1.0
TSC2,NM_000548.5,ENST00000643088,c.2425T>G,tolerated_low_confidence,0.94
TSC2,NM_000548.5,ENST00000643088,c.486C>G,tolerated_low_confidence,0.98
TSC2,NM_000548.5,ENST00000219476,c.4440A>C,tolerated_low_confidence,1.0
TSC2,NM_000548.5,ENST00000568566,c.4346C>G,tolerated_low_confidence,0.07
TSC2,NM_000548.5,ENST00000219476,c.4278A>C,tolerated_low_confidence,0.1
TSC2,NM_000548.5,ENST00000643088,c.3775A>G,tolerated_low_confidence,0.51
TSC2,NM_000548.5,ENST00000643088,c.342G>T,tolerated_low_confidence,0.86
TSC2,NM_000548.5,ENST00000382538,c.477G>A,deleterious_low_confidence,0.0
TSC2,NM_000548.5,ENST00000219476,c.5231T>C,deleterious_low_confidence,0.0
TSC2,NM_000548.5,ENST00000219476,c.4787G>T,deleterious_low_confidence,0.0
TSC2,NM_000548.5,ENST00000382538,c.5050T>C,deleterious_low_confidence,0.0
TSC2,NM_000548.5,ENST00000568566,c.4927A>C,deleterious_low_confidence,0.0
CFTR,NM_000492.4,ENST00000699596,c.79G>A,deleterious_low_confidence,0.0
CFTR,NM_000492.4,ENST00000699596,c.296C>T,deleterious_low_confidence,0.0
CFTR,NM_000492.4,ENST00000699598,c.2936A>T,deleterious_low_confidence,0.0
CFTR,NM_000492.4,ENST00000699596,c.137C>A,deleterious_low_confidence,0.0
PTEN,NM_000314.8,ENST00000688308,c.202T>G,deleterious,0.0
PTEN,NM_000314.8,ENST00000688308,c.542T>C,deleterious,0.0
TSC2,NM_000548.5,ENST00000219476,c.5123T>C,deleterious_low_confidence,0.0
TSC2,NM_000548.5,ENST00000219476,c.4700G>T,deleterious_low_confidence,0.0
TSC2,NM_000548.5,ENST00000643946,c.3182T>C,deleterious_low_confidence,0.0
TSC2,NM_000548.5,ENST00000643088,c.2210T>C,deleterious_low_confidence,0.0
TSC2,NM_000548.5,ENST00000643088,c.730T>C,deleterious_low_confidence,0.0
TSC2,NM_000548.5,ENST00000219476,c.4646A>G,deleterious_low_confidence,0.0
TSC2,NM_000548.5,ENST00000643088,c.4943T>C,deleterious_low_confidence,0.0
TSC2,NM_000548.5,ENST00000643088,c.3095G>C,deleterious_low_confidence,0.0
TSC2,NM_000548.5,ENST00000645591,c.2027G>C,deleterious_low_confidence,0.05
PTEN,NM_000314.8,ENST00000700029,c.-511G>A,deleterious_low_confidence,0.0
MLH1,NM_000249.4,ENST00000673673,c.923A>C,deleterious,0.0
TSC2,NM_000548.5,ENST00000219476,c.5186G>A,deleterious_low_confidence,0.0
TSC2,NM_000548.5,ENST00000219476,c.4447A>G,deleterious_low_confidence,0.0
TSC2,NM_000548.5,ENST00000643088,c.716T>G,deleterious_low_confidence,0.0
TSC2,NM_000548.5,ENST00000643946,c.3793C>T,tolerated_low_confidence,0.49
MLH1,NM_000249.4,ENST00000673673,c.121G>C,deleterious,0.0
TSC2,NM_000548.5,ENST00000643088,c.1792T>C,deleterious_low_confidence,0.0
TSC2,NM_000548.5,ENST00000643088,c.1793A>G,deleterious_low_confidence,0.0
TSC2,NM_000548.5,ENST00000219476,c.4692T>G,deleterious_low_confidence,0.0
TSC2,NM_000548.5,ENST00000643088,c.728T>C,deleterious_low_confidence,0.0
TSC2,NM_000548.5,ENST00000643088,c.1523C>A,deleterious_low_confidence,0.0
TSC2,NM_000548.5,ENST00000643088,c.3086T>G,deleterious_low_confidence,0.0
TSC2,NM_000548.5,ENST00000643088,c.1037T>A,deleterious_low_confidence,0.0
TSC2,NM_000548.5,ENST00000643088,c.2126T>G,deleterious_low_confidence,0.0
TSC2,NM_000548.5,ENST00000643088,c.2545A>C,deleterious_low_confidence,0.0
TSC2,NM_000548.5,ENST00000643946,c.3083A>T,deleterious_low_confidence,0.0
TSC2,NM_000548.5,ENST00000219476,c.5165C>A,deleterious_low_confidence,0.0
TSC2,NM_000548.5,ENST00000643088,c.843G>T,deleterious_low_confidence,0.0
TSC2,NM_000548.5,ENST00000643088,c.2608G>C,deleterious_low_confidence,0.0
TSC2,NM_000548.5,ENST00000643088,c.311T>C,deleterious_low_confidence,0.0
TSC2,NM_000548.5,ENST00000643088,c.2623T>G,deleterious_low_confidence,0.0
TSC2,NM_000548.5,ENST00000643088,c.1118A>G,deleterious_low_confidence,0.02
TSC2,NM_000548.5,ENST00000643088,c.478C>G,deleterious_low_confidence,0.0
MTOR,NM_004958.4,ENST00000703143,c.7255G>A,deleterious_low_confidence,0.0
TSC2,NM_000548.5,ENST00000643946,c.4930G>A,deleterious_low_confidence,0.0
TSC2,NM_000548.5,ENST00000645591,c.1832G>C,tolerated_low_confidence,0.06
TSC2,NM_000548.5,ENST00000642206,c.4223G>A,deleterious_low_confidence,0.0
TSC2,NM_000548.5,ENST00000643946,c.5048T>G,deleterious_low_confidence,0.0
TSC2,NM_000548.5,ENST00000643946,c.4930G>T,deleterious_low_confidence,0.0
TSC2,NM_000548.5,ENST00000643088,c.2690T>C,deleterious_low_confidence,0.0
TSC2,NM_000548.5,ENST00000643088,c.2231C>T,deleterious_low_confidence,0.02
TSC2,NM_000548.5,ENST00000643088,c.4966G>A,deleterious_low_confidence,0.0
TSC2,NM_000548.5,ENST00000219476,c.4422A>C,deleterious_low_confidence,0.0
TSC2,NM_000548.5,ENST00000642206,c.5110T>G,deleterious_low_confidence,0.0
TSC2,NM_000548.5,ENST00000382538,c.4313G>C,deleterious_low_confidence,0.0
TSC2,NM_000548.5,ENST00000643946,c.5198C>G,deleterious_low_confidence,0.02
TSC2,NM_000548.5,ENST00000219476,c.5086G>C,deleterious_low_confidence,0.0
TSC2,NM_000548.5,ENST00000219476,c.5081T>C,deleterious_low_confidence,0.01
TSC2,NM_000548.5,ENST00000643946,c.4956C>G,deleterious_low_confidence,0.0
TSC2,NM_000548.5,ENST00000643946,c.4654G>A,deleterious_low_confidence,0.0
TSC2,NM_000548.5,ENST00000219476,c.4474G>C,deleterious_low_confidence,0.01
TSC2,NM_000548.5,ENST00000643088,c.1247A>G,deleterious_low_confidence,0.01
TSC2,NM_000548.5,ENST00000643088,c.1036A>C,deleterious_low_confidence,0.0
TSC2,NM_000548.5,ENST00000643088,c.1297T>C,deleterious_low_confidence,0.0
TSC2,NM_000548.5,ENST00000643088,c.3517A>G,deleterious_low_confidence,0.0
TSC2,NM_000548.5,ENST00000219476,c.5322C>G,deleterious_low_confidence,0.0
TSC2,NM_000548.5,ENST00000643088,c.1756G>C,deleterious_low_confidence,0.0
TSC2,NM_000548.5,ENST00000643088,c.64G>A,deleterious_low_confidence,0.02
TSC2,NM_000548.5,ENST00000643088,c.82C>T,tolerated_low_confidence,0.61
TSC2,NM_000548.5,ENST00000643088,c.1756G>A,deleterious_low_confidence,0.0
TSC2,NM_000548.5,ENST00000643088,c.4348C>T,deleterious_low_confidence,0.0
TSC2,NM_000548.5,ENST00000643946,c.4091C>A,deleterious_low_confidence,0.0
TSC2,NM_000548.5,ENST00000219476,c.5333C>A,deleterious_low_confidence,0.01
TSC2,NM_000548.5,ENST00000645591,c.2299G>T,deleterious_low_confidence,0.0
TSC2,NM_000548.5,ENST00000643088,c.3967G>C,deleterious_low_confidence,0.0
TSC2,NM_000548.5,ENST00000643088,c.1271T>C,deleterious_low_confidence,0.0
TSC2,NM_000548.5,ENST00000219476,c.5292C>G,deleterious_low_confidence,0.02
TSC2,NM_000548.5,ENST00000643088,c.257C>A,tolerated_low_confidence,0.08
TSC2,NM_000548.5,ENST00000643088,c.2029C>T,tolerated_low_confidence,0.1
TSC2,NM_000548.5,ENST00000643088,c.1306C>T,deleterious_low_confidence,0.0
TSC2,NM_000548.5,ENST00000643088,c.388T>C,deleterious_low_confidence,0.0
TSC2,NM_000548.5,ENST00000643088,c.844G>A,tolerated_low_confidence,0.07
TSC2,NM_000548.5,ENST00000643088,c.270G>T,deleterious_low_confidence,0.01
TSC2,NM_000548.5,ENST00000643946,c.4168G>C,deleterious_low_confidence,0.0
TSC2,NM_000548.5,ENST00000643088,c.3443A>G,deleterious_low_confidence,0.0
TSC2,NM_000548.5,ENST00000643088,c.2015C>G,deleterious_low_confidence,0.02
TSC2,NM_000548.5,ENST00000568566,c.4688C>G,deleterious_low_confidence,0.03
TSC2,NM_000548.5,ENST00000643946,c.3508T>C,tolerated_low_confidence,0.13
TSC2,NM_000548.5,ENST00000643946,c.4294G>A,deleterious_low_confidence,0.0
TSC2,NM_000548.5,ENST00000643088,c.1618T>C,deleterious_low_confidence,0.0
TSC2,NM_000548.5,ENST00000643088,c.1939G>T,deleterious_low_confidence,0.0
TSC2,NM_000548.5,ENST00000643088,c.2266G>A,deleterious_low_confidence,0.0
TSC2,NM_000548.5,ENST00000643088,c.1510G>T,deleterious_low_confidence,0.0
TSC2,NM_000548.5,ENST00000643088,c.3794C>T,tolerated_low_confidence,0.19
TSC2,NM_000548.5,ENST00000643088,c.1141A>G,deleterious_low_confidence,0.05
TSC2,NM_000548.5,ENST00000643088,c.2260C>T,deleterious_low_confidence,0.02
TSC2,NM_000548.5,ENST00000643088,c.1951C>T,tolerated_low_confidence,0.06
TSC2,NM_000548.5,ENST00000643088,c.1530G>C,deleterious_low_confidence,0.0
TSC2,NM_000548.5,ENST00000219476,c.5032T>C,deleterious_low_confidence,0.0
TSC2,NM_000548.5,ENST00000642206,c.3907G>A,tolerated_low_confidence,0.07
TSC2,NM_000548.5,ENST00000643946,c.4885G>A,deleterious_low_confidence,0.0
TSC2,NM_000548.5,ENST00000643088,c.17G>C,deleterious_low_confidence,0.0
TSC2,NM_000548.5,ENST00000643088,c.2564A>C,deleterious_low_confidence,0.0
TSC2,NM_000548.5,ENST00000643946,c.3782C>T,deleterious_low_confidence,0.01
TSC2,NM_000548.5,ENST00000643088,c.4G>T,deleterious_low_confidence,0.0
TSC2,NM_000548.5,ENST00000643088,c.403G>A,deleterious_low_confidence,0.0
TSC2,NM_000548.5,ENST00000643946,c.3706A>T,deleterious_low_confidence,0.0
TSC2,NM_000548.5,ENST00000643088,c.4022G>A,deleterious_low_confidence,0.01
TSC2,NM_000548.5,ENST00000643088,c.2446C>T,deleterious_low_confidence,0.0
TSC2,NM_000548.5,ENST00000645591,c.2334C>G,deleterious_low_confidence,0.0
TSC2,NM_000548.5,ENST00000643088,c.1858C>G,deleterious_low_confidence,0.01
TSC2,NM_000548.5,ENST00000643946,c.5192A>G,deleterious_low_confidence,0.0
TSC2,NM_000548.5,ENST00000645591,c.2627C>G,deleterious_low_confidence,0.0
TSC2,NM_000548.5,ENST00000643088,c.1267C>A,deleterious_low_confidence,0.02
TSC2,NM_000548.5,ENST00000219476,c.3820T>C,deleterious_low_confidence,0.0
TSC2,NM_000548.5,ENST00000643088,c.3139G>A,tolerated_low_confidence,0.7
TSC2,NM_000548.5,ENST00000643088,c.2341G>A,deleterious_low_confidence,0.0
TSC2,NM_000548.5,ENST00000643088,c.1062G>C,deleterious_low_confidence,0.0
TSC2,NM_000548.5,ENST00000643088,c.398A>C,deleterious_low_confidence,0.0
TSC2,NM_000548.5,ENST00000643088,c.4235C>G,deleterious_low_confidence,0.0
TSC2,NM_000548.5,ENST00000219476,c.5365G>A,deleterious_low_confidence,0.0
TSC2,NM_000548.5,ENST00000643946,c.3389C>G,deleterious_low_confidence,0.0
TSC2,NM_000548.5,ENST00000643088,c.1895C>T,deleterious_low_confidence,0.0
TSC2,NM_000548.5,ENST00000643088,c.965C>T,deleterious_low_confidence,0.0
TSC2,NM_000548.5,ENST00000643088,c.2572A>G,deleterious_low_confidence,0.0
TSC2,NM_000548.5,ENST00000642206,c.3934G>C,tolerated_low_confidence,0.27
TSC2,NM_000548.5,ENST00000382538,c.3846C>G,deleterious_low_confidence,0.0
TSC2,NM_000548.5,ENST00000643946,c.4002C>G,deleterious_low_confidence,0.0
TSC2,NM_000548.5,ENST00000643088,c.1533G>T,deleterious_low_confidence,0.0
TSC2,NM_000548.5,ENST00000643088,c.2399G>C,deleterious_low_confidence,0.0
TSC2,NM_000548.5,ENST00000643088,c.3440C>T,deleterious_low_confidence,0.0
TSC2,NM_000548.5,ENST00000643088,c.1964C>T,deleterious_low_confidence,0.0
TSC2,NM_000548.5,ENST00000643088,c.3965C>T,deleterious_low_confidence,0.0
TSC2,NM_000548.5,ENST00000645591,c.1651G>T,deleterious_low_confidence,0.0
TSC2,NM_000548.5,ENST00000219476,c.5395T>C,deleterious_low_confidence,0.0
TSC2,NM_000548.5,ENST00000643088,c.116T>C,deleterious_low_confidence,0.0
TSC2,NM_000548.5,ENST00000643088,c.743A>T,deleterious_low_confidence,0.0
TSC2,NM_000548.5,ENST00000643946,c.2866G>T,deleterious_low_confidence,0.0
TSC2,NM_000548.5,ENST00000643946,c.2870T>G,deleterious_low_confidence,0.01
TSC2,NM_000548.5,ENST00000643946,c.2879C>G,deleterious_low_confidence,0.0
TSC2,NM_000548.5,ENST00000643088,c.1744C>T,deleterious_low_confidence,0.0
TSC2,NM_000548.5,ENST00000643088,c.2651A>G,deleterious_low_confidence,0.0
TSC2,NM_000548.5,ENST00000643088,c.2209C>G,deleterious_low_confidence,0.0
TSC2,NM_000548.5,ENST00000643088,c.782G>T,deleterious_low_confidence,0.02
TSC2,NM_000548.5,ENST00000643088,c.5207A>C,deleterious_low_confidence,0.0
TSC2,NM_000548.5,ENST00000643088,c.3164G>A,tolerated_low_confidence,0.11
TSC2,NM_000548.5,ENST00000643088,c.2702G>T,deleterious_low_confidence,0.0
TSC2,NM_000548.5,ENST00000643946,c.3176C>T,deleterious_low_confidence,0.0
TSC2,NM_000548.5,ENST00000643088,c.2327A>G,deleterious_low_confidence,0.0
TSC2,NM_000548.5,ENST00000643088,c.5000A>G,deleterious_low_confidence,0.0
TP53,NM_000546.6,ENST00000413465,c.711G>T,deleterious,0.02
TP53,NM_000546.6,ENST00000413465,c.313G>C,deleterious,0.0
TP53,NM_000546.6,ENST00000413465,c.700T>G,deleterious,0.0
TP53,NM_000546.6,ENST00000635293,c.812A>T,tolerated,0.1
TSC2,NM_000548.5,ENST00000643088,c.2735T>C,deleterious_low_confidence,0.0
TSC2,NM_000548.5,ENST00000643946,c.3616A>C,deleterious_low_confidence,0.0
TSC2,NM_000548.5,ENST00000645591,c.1803C>G,deleterious_low_confidence,0.0
TSC2,NM_000548.5,ENST00000643088,c.2726T>A,deleterious_low_confidence,0.0
TSC2,NM_000548.5,ENST00000643088,c.2698T>G,deleterious_low_confidence,0.0
TSC2,NM_000548.5,ENST00000643946,c.4936G>T,deleterious_low_confidence,0.0
TSC2,NM_000548.5,ENST00000643088,c.2T>A,deleterious_low_confidence,0.0
TSC2,NM_000548.5,ENST00000643088,c.551T>A,deleterious_low_confidence,0.0
TSC2,NM_000548.5,ENST00000643088,c.2125G>T,deleterious_low_confidence,0.0
TSC2,NM_000548.5,ENST00000643088,c.440C>A,deleterious_low_confidence,0.0
TSC2,NM_000548.5,ENST00000643946,c.3202A>C,deleterious_low_confidence,0.0
TSC2,NM_000548.5,ENST00000643088,c.4783G>C,deleterious_low_confidence,0.0
TSC2,NM_000548.5,ENST00000568566,c.4710G>C,deleterious_low_confidence,0.0
TSC2,NM_000548.5,ENST00000643088,c.2699G>A,deleterious_low_confidence,0.0
TSC2,NM_000548.5,ENST00000643946,c.3179G>C,deleterious_low_confidence,0.0
TSC2,NM_000548.5,ENST00000643088,c.5126C>G,deleterious_low_confidence,0.0
CFTR,NM_000492.4,ENST00000699598,c.1760T>C,deleterious_low_confidence,0.0
CFTR,NM_000492.4,ENST00000699596,c.325T>C,deleterious_low_confidence,0.0
CFTR,NM_000492.4,ENST00000699596,c.950T>A,deleterious_low_confidence,0.0
CFTR,NM_000492.4,ENST00000699598,c.3997G>T,deleterious_low_confidence,0.0
CFTR,NM_000492.4,ENST00000699596,c.370G>C,deleterious_low_confidence,0.0
CFTR,NM_000492.4,ENST00000699598,c.3745G>C,deleterious_low_confidence,0.0
CFTR,NM_000492.4,ENST00000673785,c.2T>G,deleterious_low_confidence,0.0
VHL,NM_000551.4,ENST00000256474,c.320G>C,deleterious,0.0
CFTR,NM_000492.4,ENST00000699598,c.2281C>T,tolerated_low_confidence,0.7
CFTR,NM_000492.4,ENST00000699598,c.2791T>C,tolerated_low_confidence,0.3
CFTR,NM_000492.4,ENST00000699598,c.2267G>A,tolerated_low_confidence,1.0
CFTR,NM_000492.4,ENST00000699598,c.2605A>G,tolerated_low_confidence,1.0
CFTR,NM_000492.4,ENST00000699598,c.2288C>G,tolerated_low_confidence,1.0
VHL,NM_000551.4,ENST00000256474,c.194C>T,deleterious,0.0
TP53,NM_000546.6,ENST00000413465,c.538G>A,deleterious,0.0
FGFR2,NM_000141.5,ENST00000358487,c.314A>G,deleterious_low_confidence,0.0
VHL,NM_000551.4,ENST00000256474,c.484T>C,deleterious,0.0
TP53,NM_000546.6,ENST00000413465,c.326T>G,deleterious,0.0
TP53,NM_000546.6,ENST00000413465,c.731G>T,deleterious,0.0
TSC2,NM_000548.5,ENST00000643946,c.4645T>C,deleterious_low_confidence,0.0
TSC2,NM_000548.5,ENST00000219476,c.5228G>T,deleterious_low_confidence,0.0
TSC2,NM_000548.5,ENST00000219476,c.5227C>G,deleterious_low_confidence,0.0
CDH1,NM_004360.5,ENST00000261769,c.1568A>G,deleterious,0.0
TSC2,NM_000548.5,ENST00000643088,c.4966G>T,deleterious_low_confidence,0.0
TSC2,NM_000548.5,ENST00000643088,c.1839G>C,deleterious_low_confidence,0.0
TSC2,NM_000548.5,ENST00000643946,c.4957T>C,deleterious_low_confidence,0.0
TSC2,NM_000548.5,ENST00000219476,c.5043C>G,deleterious_low_confidence,0.0
TSC2,NM_000548.5,ENST00000643088,c.3524T>C,deleterious_low_confidence,0.0
TSC2,NM_000548.5,ENST00000643088,c.1922G>T,deleterious_low_confidence,0.0
TSC2,NM_000548.5,ENST00000643946,c.3703C>T,deleterious_low_confidence,0.0
TSC2,NM_000548.5,ENST00000382538,c.472G>T,deleterious_low_confidence,0.01
CFTR,NM_000492.4,ENST00000699598,c.3844T>G,deleterious_low_confidence,0.0
FGFR3,NM_000142.5,ENST00000440486,c.1150T>C,tolerated_low_confidence,1.0
FGFR3,NM_000142.5,ENST00000440486,c.1118A>G,deleterious_low_confidence,0.0
TSC2,NM_000548.5,ENST00000643946,c.3490G>T,tolerated_low_confidence,0.68
TSC2,NM_000548.5,ENST00000643088,c.3295G>A,deleterious_low_confidence,0.0
TSC2,NM_000548.5,ENST00000643946,c.3892G>A,deleterious_low_confidence,0.05
TSC2,NM_000548.5,ENST00000643088,c.1981G>A,deleterious_low_confidence,0.02
TSC2,NM_000548.5,ENST00000219476,c.5357C>G,deleterious_low_confidence,0.0
TSC2,NM_000548.5,ENST00000643946,c.3413G>A,deleterious_low_confidence,0.0
TSC2,NM_000548.5,ENST00000643088,c.1066G>C,deleterious_low_confidence,0.0
TSC2,NM_000548.5,ENST00000219476,c.4448G>C,deleterious_low_confidence,0.0
TSC2,NM_000548.5,ENST00000642206,c.4436C>T,deleterious_low_confidence,0.0
TSC2,NM_000548.5,ENST00000643088,c.704G>A,tolerated_low_confidence,0.4
TSC2,NM_000548.5,ENST00000643088,c.1150G>A,deleterious_low_confidence,0.02
TSC2,NM_000548.5,ENST00000643088,c.20A>G,deleterious_low_confidence,0.01
TSC2,NM_000548.5,ENST00000568566,c.4490C>G,deleterious_low_confidence,0.0
BRAF,NM_004333.6,ENST00000496384,c.78G>T,deleterious_low_confidence,0.02
CFTR,NM_000492.4,ENST00000699596,c.580G>A,deleterious_low_confidence,0.0
TSC2,NM_000548.5,ENST00000643088,c.1443G>T,deleterious_low_confidence,0.0
TSC2,NM_000548.5,ENST00000643946,c.4508A>G,deleterious_low_confidence,0.0
TSC2,NM_000548.5,ENST00000643088,c.5164G>C,deleterious_low_confidence,0.0
TSC2,NM_000548.5,ENST00000643088,c.3G>A,deleterious_low_confidence,0.0
TSC2,NM_000548.5,ENST00000643088,c.2665G>C,deleterious_low_confidence,0.0
TSC2,NM_000548.5,ENST00000642206,c.5138G>C,deleterious_low_confidence,0.02
TSC2,NM_000548.5,ENST00000643088,c.2423T>C,deleterious_low_confidence,0.0
TSC2,NM_000548.5,ENST00000643946,c.3082G>A,deleterious_low_confidence,0.0
TSC2,NM_000548.5,ENST00000643088,c.4509G>T,deleterious_low_confidence,0.0
TSC2,NM_000548.5,ENST00000643088,c.1916G>A,deleterious_low_confidence,0.0
TSC2,NM_000548.5,ENST00000643946,c.3131G>C,deleterious_low_confidence,0.0
TSC2,NM_000548.5,ENST00000643088,c.4790T>C,deleterious_low_confidence,0.0
TSC2,NM_000548.5,ENST00000643946,c.3212C>G,deleterious_low_confidence,0.0
TSC2,NM_000548.5,ENST00000219476,c.5248C>T,deleterious_low_confidence,0.01
EGFR,NM_005228.5,ENST00000275493,c.2303G>T,deleterious_low_confidence,0.0
TSC1,NM_000368.5,ENST00000643625,c.853T>G,tolerated,0.37
MLH1,NM_000249.4,ENST00000673673,c.911A>T,deleterious,0.0
MLH1,NM_000249.4,ENST00000673673,c.1664T>C,deleterious,0.0
MLH1,NM_000249.4,ENST00000673673,c.194G>A,deleterious,0.0
MLH1,NM_000249.4,ENST00000673673,c.827T>G,deleterious,0.01
VHL,NM_000551.4,ENST00000256474,c.355T>C,deleterious,0.0
MLH1,NM_000249.4,ENST00000673673,c.2041G>C,deleterious,0.05
BRCA2,NM_000059.4,ENST00000544455,c.8734G>A,deleterious,0.0
TP53,NM_000546.6,ENST00000413465,c.476C>A,deleterious,0.0
TP53,NM_000546.6,ENST00000413465,c.721T>A,deleterious,0.0
BRAF,NM_004333.6,ENST00000496384,c.1787G>T,deleterious_low_confidence,0.0
BRAF,NM_004333.6,ENST00000496384,c.1406G>A,deleterious_low_confidence,0.0
CDH1,NM_004360.5,ENST00000261769,c.1162G>A,tolerated,0.61
CFTR,NM_000492.4,ENST00000699598,c.3190A>C,deleterious_low_confidence,0.0
CFTR,NM_000492.4,ENST00000699598,c.3106A>G,deleterious_low_confidence,0.0
CFTR,NM_000492.4,ENST00000699596,c.320C>G,tolerated_low_confidence,0.06
CFTR,NM_000492.4,ENST00000673785,c.206T>G,deleterious_low_confidence,0.0
CFTR,NM_000492.4,ENST00000699598,c.3793G>A,deleterious_low_confidence,0.0
CFTR,NM_000492.4,ENST00000699598,c.3809A>T,deleterious_low_confidence,0.0
CFTR,NM_000492.4,ENST00000699596,c.221G>C,deleterious_low_confidence,0.02
CFTR,NM_000492.4,ENST00000699598,c.1735G>C,deleterious_low_confidence,0.0
CFTR,NM_000492.4,ENST00000699596,c.1116G>T,deleterious_low_confidence,0.0
CFTR,NM_000492.4,ENST00000699596,c.1550A>G,deleterious_low_confidence,0.0
CFTR,NM_000492.4,ENST00000699596,c.1559T>A,deleterious_low_confidence,0.0
CFTR,NM_000492.4,ENST00000699596,c.1525G>C,deleterious_low_confidence,0.0
CFTR,NM_000492.4,ENST00000699596,c.1505T>G,deleterious_low_confidence,0.0
CFTR,NM_000492.4,ENST00000003084,c.4280T>C,deleterious_low_confidence,0.0
CFTR,NM_000492.4,ENST00000699598,c.2768C>A,deleterious_low_confidence,0.0
CFTR,NM_000492.4,ENST00000699596,c.296C>G,deleterious_low_confidence,0.0
CFTR,NM_000492.4,ENST00000699596,c.433C>G,deleterious_low_confidence,0.0
TP53,NM_000546.6,ENST00000413465,c.558T>A,tolerated,0.14
TSC2,NM_000548.5,ENST00000643088,c.1361G>A,deleterious_low_confidence,0.0
TSC2,NM_000548.5,ENST00000643088,c.4951A>C,deleterious_low_confidence,0.0
TSC2,NM_000548.5,ENST00000643088,c.1397T>C,deleterious_low_confidence,0.0
TSC2,NM_000548.5,ENST00000643946,c.3080T>C,deleterious_low_confidence,0.0
TSC2,NM_000548.5,ENST00000642206,c.4643T>C,deleterious_low_confidence,0.0
TSC2,NM_000548.5,ENST00000643088,c.1255C>T,deleterious_low_confidence,0.01
TSC2,NM_000548.5,ENST00000643088,c.1841C>A,deleterious_low_confidence,0.0
CFTR,NM_000492.4,ENST00000699598,c.4387C>A,deleterious_low_confidence,0.0
CFTR,NM_000492.4,ENST00000699596,c.1250A>G,tolerated_low_confidence,0.13
CFTR,NM_000492.4,ENST00000003084,c.4384C>T,tolerated_low_confidence,0.24
CFTR,NM_000492.4,ENST00000699598,c.3025G>T,tolerated_low_confidence,1.0
VHL,NM_000551.4,ENST00000256474,c.266T>C,deleterious,0.0
FGFR2,NM_000141.5,ENST00000358487,c.1124A>G,deleterious_low_confidence,0.0
TP53,NM_000546.6,ENST00000413465,c.569C>T,deleterious,0.0
TP53,NM_000546.6,ENST00000413465,c.188C>T,tolerated,0.16
VHL,NM_000551.4,ENST00000256474,c.509T>A,deleterious,0.0
TP53,NM_000546.6,ENST00000622645,c.1136G>A,tolerated,0.07
GRIN2B,NM_000834.5,ENST00000609686,c.2087G>A,deleterious_low_confidence,0.0
PTEN,NM_000314.8,ENST00000688308,c.377C>T,deleterious,0.0
PTEN,NM_000314.8,ENST00000688308,c.475A>G,deleterious,0.0
CDH1,NM_004360.5,ENST00000261769,c.1711G>A,deleterious,0.0
CTNNB1,NM_001904.4,ENST00000643541,c.121A>G,deleterious_low_confidence,0.0
TSC2,NM_000548.5,ENST00000643088,c.2087G>A,deleterious_low_confidence,0.0
TSC2,NM_000548.5,ENST00000643946,c.4469A>G,deleterious_low_confidence,0.0
TSC2,NM_000548.5,ENST00000219476,c.5275G>A,deleterious_low_confidence,0.03
TSC2,NM_000548.5,ENST00000643088,c.2348C>T,deleterious_low_confidence,0.0
TSC2,NM_000548.5,ENST00000643088,c.3364C>T,tolerated_low_confidence,0.27
TSC2,NM_000548.5,ENST00000643088,c.857T>C,deleterious_low_confidence,0.01
VHL,NM_000551.4,ENST00000256474,c.191G>C,deleterious,0.0
TSC2,NM_000548.5,ENST00000643946,c.2873A>G,tolerated_low_confidence,0.07
CFTR,NM_000492.4,ENST00000699598,c.3259G>C,deleterious_low_confidence,0.0
EGFR,NM_005228.5,ENST00000344576,c.1562G>A,tolerated_low_confidence,0.8
PTEN,NM_000314.8,ENST00000688308,c.331T>C,deleterious,0.0
TSC2,NM_000548.5,ENST00000643088,c.1789C>T,deleterious_low_confidence,0.0
TSC2,NM_000548.5,ENST00000643088,c.4712A>G,deleterious_low_confidence,0.0
TSC2,NM_000548.5,ENST00000219476,c.4490C>T,deleterious_low_confidence,0.0
TSC2,NM_000548.5,ENST00000643088,c.1840G>C,deleterious_low_confidence,0.0
TSC2,NM_000548.5,ENST00000643946,c.3131G>A,deleterious_low_confidence,0.0
TSC2,NM_000548.5,ENST00000219476,c.4733T>C,deleterious_low_confidence,0.0
TSC2,NM_000548.5,ENST00000643088,c.2713C>G,deleterious_low_confidence,0.0
CFTR,NM_000492.4,ENST00000699598,c.3475T>C,deleterious_low_confidence,0.0
CFTR,NM_000492.4,ENST00000699598,c.2780T>C,deleterious_low_confidence,0.0
MLH1,NM_000249.4,ENST00000673673,c.842C>T,deleterious,0.03
TP53,NM_000546.6,ENST00000413465,c.404G>T,deleterious,0.0
CFTR,NM_000492.4,ENST00000699598,c.1733T>C,deleterious_low_confidence,0.0
CFTR,NM_000492.4,ENST00000699596,c.1209G>T,deleterious_low_confidence,0.0
CFTR,NM_000492.4,ENST00000699598,c.3293G>T,deleterious_low_confidence,0.0
CFTR,NM_000492.4,ENST00000699596,c.1517T>A,deleterious_low_confidence,0.0
CFTR,NM_000492.4,ENST00000699598,c.1652G>T,deleterious_low_confidence,0.0
CFTR,NM_000492.4,ENST00000699596,c.1391A>C,deleterious_low_confidence,0.0
CFTR,NM_000492.4,ENST00000699598,c.3181G>A,deleterious_low_confidence,0.0
CFTR,NM_000492.4,ENST00000699598,c.3293G>C,deleterious_low_confidence,0.0
CFTR,NM_000492.4,ENST00000673785,c.487A>G,deleterious_low_confidence,0.0
CFTR,NM_000492.4,ENST00000699598,c.1706A>G,deleterious_low_confidence,0.0
CFTR,NM_000492.4,ENST00000699596,c.1471T>C,deleterious_low_confidence,0.01
CDH1,NM_004360.5,ENST00000261769,c.1273G>A,tolerated,1.0
TP53,NM_000546.6,ENST00000413465,c.737T>A,deleterious,0.0
TP53,NM_000546.6,ENST00000413465,c.796G>C,tolerated_low_confidence,0.14
PTEN,NM_000314.8,ENST00000688308,c.830C>T,deleterious,0.01
TSC2,NM_000548.5,ENST00000645591,c.2086T>C,deleterious_low_confidence,0.0
BRCA1,NM_007294.4,ENST00000357654,c.4321G>A,deleterious,0.03
TP53,NM_000546.6,ENST00000413465,c.537T>A,deleterious,0.02
TP53,NM_000546.6,ENST00000413465,c.743G>T,deleterious,0.0
TSC2,NM_000548.5,ENST00000219476,c.4711T>C,deleterious_low_confidence,0.0
TSC2,NM_000548.5,ENST00000643946,c.3203C>T,deleterious_low_confidence,0.0
TSC2,NM_000548.5,ENST00000643088,c.5068G>C,tolerated_low_confidence,0.09
TSC2,NM_000548.5,ENST00000643088,c.5068G>T,deleterious_low_confidence,0.01
BRCA1,NM_007294.4,ENST00000497488,c.953A>T,deleterious,0.05
TP53,NM_000546.6,ENST00000413465,c.554G>A,tolerated,0.83
BRCA1,NM_007294.4,ENST00000357654,c.2515C>T,tolerated,0.09
BRCA1,NM_007294.4,ENST00000489037,c.623C>T,deleterious,0.01
BRCA1,NM_007294.4,ENST00000497488,c.2711A>G,tolerated,0.46
BRCA1,NM_007294.4,ENST00000478531,c.1088A>G,tolerated,0.24
BRCA1,NM_007294.4,ENST00000489037,c.2411A>T,deleterious,0.04
BRCA1,NM_007294.4,ENST00000357654,c.4804G>C,tolerated,1.0
BRCA1,NM_007294.4,ENST00000489037,c.4543G>A,tolerated,1.0
BRCA1,NM_007294.4,ENST00000497488,c.1169A>G,deleterious,0.02
BRCA1,NM_007294.4,ENST00000357654,c.1803C>A,tolerated,0.07
BRCA1,NM_007294.4,ENST00000497488,c.3128A>G,tolerated,0.08
BRCA1,NM_007294.4,ENST00000357654,c.1100C>G,tolerated,0.87
BRCA1,NM_007294.4,ENST00000489037,c.322G>T,tolerated,0.18
BRCA1,NM_007294.4,ENST00000357654,c.5424G>C,deleterious_low_confidence,0.04
BRCA1,NM_007294.4,ENST00000497488,c.511A>G,tolerated,0.06
BRCA1,NM_007294.4,ENST00000489037,c.3605A>G,deleterious,0.01
BRCA1,NM_007294.4,ENST00000357654,c.3372C>G,tolerated,0.1
BRCA1,NM_007294.4,ENST00000357654,c.3484G>A,tolerated,1.0
BRCA1,NM_007294.4,ENST00000357654,c.3337T>C,tolerated,0.16
BRCA1,NM_007294.4,ENST00000489037,c.1643T>G,deleterious,0.01
BRCA1,NM_007294.4,ENST00000357654,c.1240G>T,deleterious,0.0
BRCA1,NM_007294.4,ENST00000357654,c.1850C>A,deleterious,0.03
BRCA1,NM_007294.4,ENST00000357654,c.2392C>G,tolerated,0.09
BRCA1,NM_007294.4,ENST00000497488,c.1561G>C,deleterious,0.03
BRCA1,NM_007294.4,ENST00000489037,c.1081T>G,deleterious,0.0
VHL,NM_000551.4,ENST00000256474,c.481C>G,deleterious,0.0
VHL,NM_000551.4,ENST00000256474,c.470C>T,deleterious,0.0
BRCA1,NM_007294.4,ENST00000357654,c.3058C>T,tolerated,0.07
PTEN,NM_000314.8,ENST00000688308,c.493G>C,deleterious,0.0
TSC2,NM_000548.5,ENST00000643088,c.2666C>T,deleterious_low_confidence,0.0
BRCA1,NM_007294.4,ENST00000357654,c.3918G>T,tolerated,0.1
BRCA1,NM_007294.4,ENST00000497488,c.3467A>C,tolerated,0.26
TSC2,NM_000548.5,ENST00000643088,c.721G>A,tolerated_low_confidence,1.0
TSC2,NM_000548.5,ENST00000643088,c.814G>A,deleterious_low_confidence,0.0
TSC2,NM_000548.5,ENST00000643088,c.760G>A,deleterious_low_confidence,0.0
TSC2,NM_000548.5,ENST00000643088,c.395C>G,deleterious_low_confidence,0.01
BRCA1,NM_007294.4,ENST00000489037,c.303T>A,deleterious,0.0
CDH1,NM_004360.5,ENST00000261769,c.125C>T,tolerated,0.12
TSC2,NM_000548.5,ENST00000643088,c.5126C>T,tolerated_low_confidence,0.26
PIK3CA,NM_006218.4,ENST00000263967,c.2176G>A,deleterious,0.01
CFTR,NM_000492.4,ENST00000699598,c.3410T>G,deleterious_low_confidence,0.0
PTEN,NM_000314.8,ENST00000688308,c.407G>A,deleterious,0.01
CFTR,NM_000492.4,ENST00000699598,c.3134C>A,deleterious_low_confidence,0.0
CFTR,NM_000492.4,ENST00000699598,c.1680A>T,deleterious_low_confidence,0.0
CFTR,NM_000492.4,ENST00000673785,c.575A>G,deleterious_low_confidence,0.01
CFTR,NM_000492.4,ENST00000699596,c.1538A>G,deleterious_low_confidence,0.0
CFTR,NM_000492.4,ENST00000699596,c.1505T>C,deleterious_low_confidence,0.0
MLH1,NM_000249.4,ENST00000673673,c.1267A>G,tolerated,0.41
MLH1,NM_000249.4,ENST00000673673,c.716C>T,deleterious,0.04
MLH1,NM_000249.4,ENST00000673673,c.114C>A,deleterious,0.0
TSC2,NM_000548.5,ENST00000643088,c.3598C>G,deleterious_low_confidence,0.0
TSC2,NM_000548.5,ENST00000643946,c.4735G>A,deleterious_low_confidence,0.0
TSC2,NM_000548.5,ENST00000643088,c.2477T>C,deleterious_low_confidence,0.0
TSC2,NM_000548.5,ENST00000219476,c.4858C>T,deleterious_low_confidence,0.0
MLH1,NM_000249.4,ENST00000673673,c.845C>G,deleterious,0.01
TSC1,NM_000368.5,ENST00000643625,c.1700C>T,tolerated,0.27
TSC1,NM_000368.5,ENST00000490179,c.3290G>A,deleterious,0.03
VHL,NM_000551.4,ENST00000256474,c.345C>A,deleterious,0.0
VHL,NM_000551.4,ENST00000256474,c.371C>T,deleterious,0.0
BRCA1,NM_007294.4,ENST00000489037,c.3037G>A,tolerated,0.39
VHL,NM_000551.4,ENST00000256474,c.357C>G,deleterious,0.0
VHL,NM_000551.4,ENST00000256474,c.353T>C,deleterious,0.0
MLH1,NM_000249.4,ENST00000616768,c.1896G>T,tolerated,0.09
FGFR2,NM_000141.5,ENST00000358487,c.1025G>A,deleterious_low_confidence,0.0
TP53,NM_000546.6,ENST00000413465,c.455C>G,deleterious,0.0
TP53,NM_000546.6,ENST00000413465,c.718A>G,deleterious,0.0
TP53,NM_000546.6,ENST00000413465,c.313G>A,tolerated,0.07
TP53,NM_000546.6,ENST00000359597,c.809T>C,deleterious,0.0
CFTR,NM_000492.4,ENST00000699596,c.1373G>A,deleterious_low_confidence,0.0
CFTR,NM_000492.4,ENST00000699596,c.1519A>T,deleterious_low_confidence,0.0
CFTR,NM_000492.4,ENST00000673785,c.305T>C,deleterious_low_confidence,0.0
CFTR,NM_000492.4,ENST00000699598,c.2464G>A,deleterious_low_confidence,0.01
CFTR,NM_000492.4,ENST00000673785,c.2T>A,deleterious_low_confidence,0.01
CFTR,NM_000492.4,ENST00000699596,c.131A>G,deleterious_low_confidence,0.0
TP53,NM_000546.6,ENST00000635293,c.1066G>C,deleterious_low_confidence,0.0
BRCA1,NM_007294.4,ENST00000357654,c.3563G>T,deleterious,0.0
BRCA1,NM_007294.4,ENST00000357654,c.3374C>A,deleterious,0.03
VHL,NM_000551.4,ENST00000256474,c.245G>T,deleterious,0.0
BRCA1,NM_007294.4,ENST00000357654,c.3728G>C,deleterious,0.02
CDH1,NM_004360.5,ENST00000261769,c.2195G>A,deleterious,0.0
TSC2,NM_000548.5,ENST00000643946,c.3284G>A,deleterious_low_confidence,0.01
TSC2,NM_000548.5,ENST00000643088,c.2410T>C,deleterious_low_confidence,0.0
VHL,NM_000551.4,ENST00000256474,c.485G>T,deleterious,0.03
FGFR3,NM_000142.5,ENST00000440486,c.1138G>C,deleterious_low_confidence,0.0
TSC2,NM_000548.5,ENST00000643088,c.4045G>A,deleterious_low_confidence,0.04
TSC2,NM_000548.5,ENST00000642206,c.4298C>T,deleterious_low_confidence,0.0
TSC2,NM_000548.5,ENST00000643088,c.1366G>A,deleterious_low_confidence,0.0
TSC2,NM_000548.5,ENST00000645591,c.1735C>G,deleterious_low_confidence,0.0
TSC2,NM_000548.5,ENST00000219476,c.3827C>T,deleterious_low_confidence,0.02
CDH1,NM_004360.5,ENST00000261769,c.546A>C,tolerated,0.18
CDH1,NM_004360.5,ENST00000261769,c.184G>A,tolerated,0.09
TSC2,NM_000548.5,ENST00000643088,c.4859A>G,deleterious_low_confidence,0.04
TSC2,NM_000548.5,ENST00000219476,c.5228G>C,deleterious_low_confidence,0.0
PTEN,NM_000314.8,ENST00000688308,c.209T>C,deleterious,0.0
CFTR,NM_000492.4,ENST00000699596,c.445G>A,deleterious_low_confidence,0.0
CFTR,NM_000492.4,ENST00000673785,c.148T>C,deleterious_low_confidence,0.03
MLH1,NM_000249.4,ENST00000673673,c.143A>C,deleterious,0.0
CFTR,NM_000492.4,ENST00000673785,c.305T>G,deleterious_low_confidence,0.0
CFTR,NM_000492.4,ENST00000699598,c.3719T>G,deleterious_low_confidence,0.0
CFTR,NM_000492.4,ENST00000699596,c.271G>A,deleterious_low_confidence,0.0
MLH1,NM_000249.4,ENST00000673673,c.1038G>C,deleterious,0.0
MLH1,NM_000249.4,ENST00000673673,c.464T>G,deleterious,0.0
TP53,NM_000546.6,ENST00000413465,c.824G>T,deleterious_low_confidence,0.0
GRIN2A,NM_001134407.3,ENST00000396573,c.422C>T,tolerated_low_confidence,0.36
FGFR3,NM_000142.5,ENST00000440486,c.1108G>T,deleterious_low_confidence,0.0
TP53,NM_000546.6,ENST00000635293,c.1060C>A,deleterious_low_confidence,0.0
TP53,NM_000546.6,ENST00000635293,c.1093C>T,deleterious_low_confidence,0.0
TP53,NM_000546.6,ENST00000413465,c.711G>C,deleterious,0.02
TP53,NM_000546.6,ENST00000413465,c.392A>T,deleterious,0.01
TP53,NM_000546.6,ENST00000413465,c.712T>C,deleterious,0.0
TP53,NM_000546.6,ENST00000413465,c.518T>C,deleterious,0.0
PIK3CA,NM_006218.4,ENST00000263967,c.1030G>A,deleterious,0.0
CFTR,NM_000492.4,ENST00000699596,c.1502C>T,deleterious_low_confidence,0.0
CFTR,NM_000492.4,ENST00000699596,c.1390A>G,deleterious_low_confidence,0.01
CFTR,NM_000492.4,ENST00000699598,c.3731G>T,deleterious_low_confidence,0.0
CFTR,NM_000492.4,ENST00000699598,c.3419T>A,deleterious_low_confidence,0.0
CFTR,NM_000492.4,ENST00000699596,c.1478A>G,deleterious_low_confidence,0.0
CFTR,NM_000492.4,ENST00000699596,c.1373G>T,deleterious_low_confidence,0.0
PTEN,NM_000314.8,ENST00000688308,c.106G>A,deleterious,0.0
VHL,NM_000551.4,ENST00000256474,c.250G>A,deleterious,0.0
TP53,NM_000546.6,ENST00000714356,c.1000G>T,deleterious_low_confidence,0.0
VHL,NM_000551.4,ENST00000256474,c.262T>C,deleterious,0.0
CDH1,NM_004360.5,ENST00000261769,c.2131C>G,deleterious,0.02
TSC2,NM_000548.5,ENST00000643088,c.1790A>G,deleterious_low_confidence,0.0
TSC2,NM_000548.5,ENST00000643946,c.5024C>A,deleterious_low_confidence,0.0
BRAF,NM_004333.6,ENST00000496384,c.1741A>G,tolerated_low_confidence,0.05
FGFR1,NM_023110.3,ENST00000447712,c.755C>G,deleterious_low_confidence,0.0
TSC2,NM_000548.5,ENST00000643088,c.2404A>G,tolerated_low_confidence,0.11
TSC2,NM_000548.5,ENST00000643088,c.223G>A,deleterious_low_confidence,0.0
TSC2,NM_000548.5,ENST00000643088,c.2761C>G,deleterious_low_confidence,0.0
TSC2,NM_000548.5,ENST00000643088,c.4565A>G,deleterious_low_confidence,0.0
TSC2,NM_000548.5,ENST00000643088,c.3803G>A,deleterious_low_confidence,0.03
PTEN,NM_000314.8,ENST00000688308,c.144C>G,deleterious,0.01
BRAF,NM_004333.6,ENST00000496384,c.721A>C,deleterious_low_confidence,0.0
TP53,NM_000546.6,ENST00000413465,c.396G>C,deleterious,0.0
MLH1,NM_000249.4,ENST00000673673,c.1040C>T,deleterious,0.0
MLH1,NM_000249.4,ENST00000673673,c.577T>C,deleterious,0.0
MLH1,NM_000249.4,ENST00000673673,c.1996T>C,deleterious,0.0
MLH1,NM_000249.4,ENST00000673673,c.355A>G,deleterious,0.0
MLH1,NM_000249.4,ENST00000673673,c.101A>C,deleterious,0.0
MLH1,NM_000249.4,ENST00000673673,c.3G>T,deleterious_low_confidence,0.03
MLH1,NM_000249.4,ENST00000673673,c.1360G>A,tolerated,0.23
MLH1,NM_000249.4,ENST00000673673,c.1676T>C,deleterious,0.0
MLH1,NM_000249.4,ENST00000673673,c.302G>A,deleterious,0.0
MLH1,NM_000249.4,ENST00000673673,c.238T>G,deleterious,0.0
MLH1,NM_000249.4,ENST00000616768,c.1865T>C,deleterious,0.0
MLH1,NM_000249.4,ENST00000673673,c.113A>G,deleterious,0.0
PIK3CA,NM_006218.4,ENST00000263967,c.1035T>A,deleterious,0.0
CFTR,NM_000492.4,ENST00000699598,c.3294G>T,deleterious_low_confidence,0.0
CFTR,NM_000492.4,ENST00000699598,c.3302T>G,deleterious_low_confidence,0.0
CFTR,NM_000492.4,ENST00000699596,c.933C>G,deleterious_low_confidence,0.0
CFTR,NM_000492.4,ENST00000699596,c.1209G>C,deleterious_low_confidence,0.0
GRIN2A,NM_001134407.3,ENST00000396573,c.3228C>A,deleterious_low_confidence,0.02
GRIN2A,NM_001134407.3,ENST00000396573,c.2899G>C,tolerated_low_confidence,1.0
BRCA2,NM_000059.4,ENST00000544455,c.1117C>A,deleterious,0.0
BRCA2,NM_000059.4,ENST00000544455,c.2743A>T,tolerated,1.0
BRCA2,NM_000059.4,ENST00000544455,c.4059A>C,tolerated,0.15
BRCA2,NM_000059.4,ENST00000544455,c.8170G>T,deleterious,0.0
BRCA2,NM_000059.4,ENST00000544455,c.516G>T,deleterious,0.0
BRCA2,NM_000059.4,ENST00000544455,c.7878G>T,deleterious,0.0
BRCA2,NM_000059.4,ENST00000544455,c.7855T>G,deleterious,0.01
BRCA2,NM_000059.4,ENST00000544455,c.7731A>T,tolerated,0.2
BRCA2,NM_000059.4,ENST00000544455,c.5744C>A,tolerated,0.09
BRCA2,NM_000059.4,ENST00000544455,c.8254A>G,tolerated,0.21
BRCA2,NM_000059.4,ENST00000544455,c.6663C>G,tolerated,0.13
BRCA2,NM_000059.4,ENST00000544455,c.10031T>A,deleterious,0.0
BRCA2,NM_000059.4,ENST00000544455,c.8786T>G,deleterious,0.0
BRCA2,NM_000059.4,ENST00000544455,c.2491G>T,deleterious,0.02
BRCA2,NM_000059.4,ENST00000544455,c.7121A>T,deleterious,0.03
BRCA2,NM_000059.4,ENST00000544455,c.4523G>T,deleterious,0.01
BRCA2,NM_000059.4,ENST00000544455,c.4126G>C,tolerated,0.1
BRCA2,NM_000059.4,ENST00000544455,c.4126G>A,tolerated,0.1
BRCA2,NM_000059.4,ENST00000544455,c.4079A>C,tolerated,0.06
BRCA2,NM_000059.4,ENST00000544455,c.1942T>C,deleterious,0.02
BRCA2,NM_000059.4,ENST00000544455,c.5680T>C,tolerated,0.72
BRCA2,NM_000059.4,ENST00000544455,c.5050A>T,tolerated,0.22
BRCA2,NM_000059.4,ENST00000544455,c.2454T>A,tolerated,0.07
BRCA2,NM_000059.4,ENST00000544455,c.3886A>C,deleterious,0.01
BRCA2,NM_000059.4,ENST00000544455,c.638A>G,deleterious,0.03
BRCA2,NM_000059.4,ENST00000544455,c.1670T>C,tolerated,1.0
BRCA2,NM_000059.4,ENST00000544455,c.4186C>G,tolerated,1.0
BRCA2,NM_000059.4,ENST00000544455,c.4442A>G,tolerated,0.13
BRCA2,NM_000059.4,ENST00000544455,c.9964A>C,tolerated,0.15
BRCA2,NM_000059.4,ENST00000544455,c.10243A>G,tolerated,0.44
BRCA2,NM_000059.4,ENST00000544455,c.5308T>G,deleterious,0.01
BRCA2,NM_000059.4,ENST00000544455,c.3447G>C,tolerated,0.18
BRCA2,NM_000059.4,ENST00000544455,c.1747T>A,deleterious,0.0
BRCA2,NM_000059.4,ENST00000544455,c.9912T>G,deleterious,0.0
BRCA2,NM_000059.4,ENST00000544455,c.1310A>C,tolerated,1.0
BRCA2,NM_000059.4,ENST00000544455,c.3847G>T,tolerated,1.0
BRCA2,NM_000059.4,ENST00000544455,c.5071A>C,tolerated,0.13
BRCA2,NM_000059.4,ENST00000544455,c.49A>G,tolerated,0.41
BRCA2,NM_000059.4,ENST00000544455,c.3942G>C,tolerated,0.15
BRCA2,NM_000059.4,ENST00000544455,c.260C>T,tolerated,0.11
BRCA2,NM_000059.4,ENST00000544455,c.536A>G,tolerated,1.0
BRCA2,NM_000059.4,ENST00000544455,c.2762T>A,tolerated,0.11
BRCA2,NM_000059.4,ENST00000544455,c.5224A>G,tolerated,0.13
BRCA2,NM_000059.4,ENST00000544455,c.3602A>G,tolerated,0.09
BRCA2,NM_000059.4,ENST00000544455,c.1299C>A,tolerated,0.5
BRCA2,NM_000059.4,ENST00000544455,c.8878C>G,tolerated,0.2
BRCA2,NM_000059.4,ENST00000544455,c.9673T>A,tolerated,1.0
BRCA2,NM_000059.4,ENST00000544455,c.5231G>A,tolerated,0.36
BRCA2,NM_000059.4,ENST00000544455,c.1062T>G,tolerated,0.1
BRCA2,NM_000059.4,ENST00000544455,c.3779T>C,deleterious,0.04
BRCA2,NM_000059.4,ENST00000544455,c.4826C>T,tolerated,0.22
BRCA2,NM_000059.4,ENST00000544455,c.1081A>G,tolerated,0.15
BRCA2,NM_000059.4,ENST00000544455,c.4936G>A,tolerated,0.13
BRCA2,NM_000059.4,ENST00000544455,c.6536T>C,deleterious,0.01
BRCA2,NM_000059.4,ENST00000544455,c.1106A>G,tolerated,0.24
BRCA2,NM_000059.4,ENST00000544455,c.9916A>G,tolerated,0.09
BRCA2,NM_000059.4,ENST00000544455,c.762A>T,tolerated,0.12
BRCA2,NM_000059.4,ENST00000544455,c.7354A>T,deleterious,0.01
BRCA2,NM_000059.4,ENST00000544455,c.5152A>G,tolerated,0.06
BRCA2,NM_000059.4,ENST00000544455,c.4435A>C,tolerated,0.16
BRCA2,NM_000059.4,ENST00000544455,c.3959A>G,tolerated,0.06
BRCA2,NM_000059.4,ENST00000544455,c.3823A>G,tolerated,0.38
BRCA2,NM_000059.4,ENST00000544455,c.3244A>G,tolerated,1.0
BRCA2,NM_000059.4,ENST00000544455,c.1842T>G,tolerated,0.15
BRCA2,NM_000059.4,ENST00000544455,c.6182C>T,deleterious,0.0
BRCA2,NM_000059.4,ENST00000544455,c.6164T>A,tolerated,0.08
BRCA2,NM_000059.4,ENST00000544455,c.6051A>C,deleterious,0.05
BRCA2,NM_000059.4,ENST00000544455,c.3614C>A,deleterious,0.0
BRCA2,NM_000059.4,ENST00000544455,c.1875T>G,tolerated,0.35
BRCA2,NM_000059.4,ENST00000544455,c.10101A>C,tolerated,0.56
BRCA2,NM_000059.4,ENST00000544455,c.6631G>A,tolerated,0.59
BRCA2,NM_000059.4,ENST00000544455,c.2831A>C,tolerated,1.0
BRCA2,NM_000059.4,ENST00000544455,c.268C>G,tolerated,0.1
BRCA2,NM_000059.4,ENST00000544455,c.9975T>G,tolerated,1.0
BRCA2,NM_000059.4,ENST00000544455,c.7371T>A,tolerated,0.74
BRCA2,NM_000059.4,ENST00000544455,c.7352A>G,tolerated,0.17
BRCA2,NM_000059.4,ENST00000544455,c.7344G>T,tolerated,1.0
BRCA2,NM_000059.4,ENST00000544455,c.6863A>G,tolerated,0.52
BRCA2,NM_000059.4,ENST00000544455,c.653A>C,tolerated,0.69
BRCA2,NM_000059.4,ENST00000544455,c.118C>G,tolerated,0.06
BRCA2,NM_000059.4,ENST00000544455,c.9370A>C,deleterious,0.0
BRCA2,NM_000059.4,ENST00000544455,c.8022G>T,deleterious,0.0
BRCA2,NM_000059.4,ENST00000544455,c.7750G>T,deleterious,0.0
BRCA2,NM_000059.4,ENST00000544455,c.9643C>T,tolerated,1.0
BRCA2,NM_000059.4,ENST00000544455,c.8639C>T,tolerated,0.44
BRCA2,NM_000059.4,ENST00000544455,c.10009A>G,tolerated,1.0
BRCA2,NM_000059.4,ENST00000544455,c.8326T>A,deleterious,0.0
BRCA2,NM_000059.4,ENST00000544455,c.7187T>C,tolerated,0.92
BRCA2,NM_000059.4,ENST00000544455,c.1626A>G,tolerated,0.14
BRCA2,NM_000059.4,ENST00000544455,c.14C>G,tolerated,0.87
BRCA2,NM_000059.4,ENST00000544455,c.9367A>C,deleterious,0.0
BRCA2,NM_000059.4,ENST00000544455,c.10231A>G,tolerated,0.07
BRCA2,NM_000059.4,ENST00000544455,c.8227G>T,deleterious,0.0
BRCA2,NM_000059.4,ENST00000544455,c.7916C>G,deleterious,0.0
BRCA2,NM_000059.4,ENST00000544455,c.8585T>A,deleterious,0.0
BRCA2,NM_000059.4,ENST00000544455,c.8552C>T,deleterious,0.02
BRCA2,NM_000059.4,ENST00000544455,c.8499G>C,deleterious,0.0
BRCA2,NM_000059.4,ENST00000544455,c.8353C>A,deleterious,0.0
BRCA2,NM_000059.4,ENST00000544455,c.9561T>A,deleterious,0.02
BRCA2,NM_000059.4,ENST00000544455,c.7006C>G,tolerated,0.18
BRCA2,NM_000059.4,ENST00000544455,c.9089C>T,deleterious,0.0
BRCA2,NM_000059.4,ENST00000544455,c.7895C>G,deleterious,0.0
TP53,NM_000546.6,ENST00000413465,c.613T>G,deleterious,0.0
TP53,NM_000546.6,ENST00000413465,c.613T>C,deleterious,0.0
TP53,NM_000546.6,ENST00000413465,c.452C>G,deleterious,0.0
BRCA2,NM_000059.4,ENST00000544455,c.3799G>A,tolerated,0.16
BRCA2,NM_000059.4,ENST00000544455,c.2962G>A,tolerated,0.08
BRCA2,NM_000059.4,ENST00000544455,c.6290C>A,deleterious,0.01
BRCA2,NM_000059.4,ENST00000544455,c.908C>T,deleterious,0.04
BRCA2,NM_000059.4,ENST00000544455,c.2747G>T,tolerated,0.53
BRCA2,NM_000059.4,ENST00000544455,c.3858A>T,deleterious,0.03
BRCA2,NM_000059.4,ENST00000544455,c.4079A>T,deleterious,0.0
BRCA2,NM_000059.4,ENST00000544455,c.2219C>T,tolerated,0.06
BRCA2,NM_000059.4,ENST00000544455,c.4130A>T,deleterious,0.0
BRCA2,NM_000059.4,ENST00000544455,c.3074A>G,deleterious,0.02
BRCA2,NM_000059.4,ENST00000544455,c.5323G>C,tolerated,0.24
BRCA2,NM_000059.4,ENST00000544455,c.5732A>T,deleterious,0.05
BRCA2,NM_000059.4,ENST00000544455,c.4593A>T,deleterious,0.04
TP53,NM_000546.6,ENST00000359597,c.809T>G,deleterious,0.0
BRCA2,NM_000059.4,ENST00000544455,c.7976G>C,deleterious,0.0
VHL,NM_000551.4,ENST00000256474,c.250G>C,deleterious,0.01
VHL,NM_000551.4,ENST00000256474,c.334T>C,deleterious,0.0
CFTR,NM_000492.4,ENST00000699596,c.931T>C,deleterious_low_confidence,0.0
CFTR,NM_000492.4,ENST00000699596,c.57G>T,deleterious_low_confidence,0.0
CFTR,NM_000492.4,ENST00000699598,c.1802T>C,deleterious_low_confidence,0.0
CFTR,NM_000492.4,ENST00000699596,c.172G>A,deleterious_low_confidence,0.0
CFTR,NM_000492.4,ENST00000699596,c.613C>A,deleterious_low_confidence,0.0
VHL,NM_000551.4,ENST00000256474,c.486C>G,deleterious,0.0
BRCA2,NM_000059.4,ENST00000544455,c.10235T>G,tolerated,1.0
BRAF,NM_004333.6,ENST00000496384,c.1600G>C,deleterious_low_confidence,0.0
PTEN,NM_000314.8,ENST00000688308,c.182A>G,deleterious,0.02
TSC2,NM_000548.5,ENST00000643088,c.628G>A,tolerated_low_confidence,0.18
TSC2,NM_000548.5,ENST00000219476,c.5378G>A,deleterious_low_confidence,0.0
TSC2,NM_000548.5,ENST00000643088,c.1628C>T,tolerated_low_confidence,0.33
TSC2,NM_000548.5,ENST00000643088,c.781C>T,deleterious_low_confidence,0.0
TSC2,NM_000548.5,ENST00000642206,c.4925G>A,deleterious_low_confidence,0.0
PTEN,NM_000314.8,ENST00000688308,c.287C>G,deleterious,0.0
PTEN,NM_000314.8,ENST00000688308,c.401T>C,deleterious,0.0
BRCA2,NM_000059.4,ENST00000544455,c.10195G>T,tolerated,0.27
BRCA2,NM_000059.4,ENST00000544455,c.9373C>T,deleterious,0.0
BRCA2,NM_000059.4,ENST00000544455,c.3292A>T,deleterious,0.0
BRCA2,NM_000059.4,ENST00000544455,c.5334T>A,tolerated,0.06
BRCA2,NM_000059.4,ENST00000544455,c.6503G>C,deleterious,0.03
BRCA2,NM_000059.4,ENST00000544455,c.5413A>G,tolerated,0.21
BRCA2,NM_000059.4,ENST00000544455,c.4489G>T,tolerated,0.1
BRCA2,NM_000059.4,ENST00000544455,c.5298T>A,tolerated,0.08
CFTR,NM_000492.4,ENST00000699598,c.2908G>C,deleterious_low_confidence,0.0
CFTR,NM_000492.4,ENST00000699598,c.2816A>G,deleterious_low_confidence,0.01
CFTR,NM_000492.4,ENST00000699598,c.1811C>T,deleterious_low_confidence,0.0
CFTR,NM_000492.4,ENST00000699596,c.1439G>A,deleterious_low_confidence,0.0
VHL,NM_000551.4,ENST00000256474,c.463G>A,deleterious,0.01
TSC1,NM_000368.5,ENST00000643625,c.1526G>A,tolerated,0.15
VHL,NM_000551.4,ENST00000256474,c.452T>C,deleterious,0.0
PIK3CA,NM_006218.4,ENST00000263967,c.1357G>A,deleterious,0.01
VHL,NM_000551.4,ENST00000256474,c.293A>C,deleterious,0.0
PTEN,NM_000314.8,ENST00000688308,c.929A>G,tolerated,0.22
TP53,NM_000546.6,ENST00000413465,c.731G>C,deleterious,0.0
TP53,NM_000546.6,ENST00000359597,c.841G>C,tolerated,0.05
VHL,NM_000551.4,ENST00000256474,c.332G>A,tolerated,0.06
TP53,NM_000546.6,ENST00000359597,c.833C>T,deleterious,0.0
PTEN,NM_000314.8,ENST00000688308,c.509G>A,deleterious,0.0
VHL,NM_000551.4,ENST00000256474,c.524A>G,deleterious,0.0
CDH1,NM_004360.5,ENST00000261769,c.2T>C,deleterious,0.0
CFTR,NM_000492.4,ENST00000699596,c.13C>T,deleterious_low_confidence,0.0
CFTR,NM_000492.4,ENST00000699596,c.933C>A,deleterious_low_confidence,0.0
CFTR,NM_000492.4,ENST00000699598,c.3730G>A,deleterious_low_confidence,0.0
GRIN2B,NM_000834.5,ENST00000609686,c.2459G>C,deleterious_low_confidence,0.0
TSC2,NM_000548.5,ENST00000643088,c.2348C>G,tolerated_low_confidence,0.08
PTEN,NM_000314.8,ENST00000688308,c.277C>T,deleterious,0.0
PTEN,NM_000314.8,ENST00000688308,c.385G>A,deleterious,0.0
PTEN,NM_000314.8,ENST00000688308,c.385G>C,deleterious,0.0
PTEN,NM_000314.8,ENST00000688308,c.509G>T,deleterious,0.0
MLH1,NM_000249.4,ENST00000673673,c.1976G>T,deleterious,0.0
MLH1,NM_000249.4,ENST00000673673,c.545G>A,tolerated,0.36
BRCA1,NM_007294.4,ENST00000357654,c.5448A>G,deleterious_low_confidence,0.01
VHL,NM_000551.4,ENST00000256474,c.257C>T,tolerated,0.06
TP53,NM_000546.6,ENST00000359597,c.841G>A,deleterious,0.0
TP53,NM_000546.6,ENST00000359597,c.841G>T,deleterious,0.0
CFTR,NM_000492.4,ENST00000699598,c.3476C>T,deleterious_low_confidence,0.0
CFTR,NM_000492.4,ENST00000699598,c.3294G>C,deleterious_low_confidence,0.0
CFTR,NM_000492.4,ENST00000699598,c.3194T>G,deleterious_low_confidence,0.0
CFTR,NM_000492.4,ENST00000699598,c.1766G>T,deleterious_low_confidence,0.01
VHL,NM_000551.4,ENST00000256474,c.460C>T,deleterious,0.0
VHL,NM_000551.4,ENST00000256474,c.362A>G,deleterious,0.0
TSC1,NM_000368.5,ENST00000490179,c.2696C>G,tolerated,1.0
TSC1,NM_000368.5,ENST00000643625,c.1648C>G,tolerated,0.11
VHL,NM_000551.4,ENST00000256474,c.208G>A,tolerated,0.42
VHL,NM_000551.4,ENST00000256474,c.250G>T,deleterious,0.01
TP53,NM_000546.6,ENST00000413465,c.721T>G,deleterious,0.0
TP53,NM_000546.6,ENST00000413465,c.473G>C,deleterious,0.0
TP53,NM_000546.6,ENST00000413465,c.751A>C,deleterious,0.0
MLH1,NM_000249.4,ENST00000616768,c.1896G>C,tolerated,0.09
PTEN,NM_000314.8,ENST00000688308,c.493G>A,deleterious,0.0
CDH1,NM_004360.5,ENST00000261769,c.731A>G,deleterious,0.0
BRCA2,NM_000059.4,ENST00000544455,c.4609G>A,deleterious,0.05
TSC2,NM_000548.5,ENST00000643088,c.167A>G,deleterious_low_confidence,0.0
TSC2,NM_000548.5,ENST00000643946,c.3281C>T,tolerated_low_confidence,0.33
TSC2,NM_000548.5,ENST00000643088,c.3421G>A,deleterious_low_confidence,0.0
VHL,NM_000551.4,ENST00000256474,c.154G>A,tolerated,0.05
PTEN,NM_000314.8,ENST00000688308,c.386G>T,deleterious,0.0
PTEN,NM_000314.8,ENST00000688308,c.71A>G,deleterious,0.0
MLH1,NM_000249.4,ENST00000673673,c.931A>G,deleterious,0.0
MLH1,NM_000249.4,ENST00000673673,c.1721T>C,deleterious,0.0
MLH1,NM_000249.4,ENST00000673673,c.884G>A,deleterious,0.01
MLH1,NM_000249.4,ENST00000673673,c.739T>C,deleterious,0.0
MLH1,NM_000249.4,ENST00000673673,c.544A>G,tolerated,0.07
MLH1,NM_000249.4,ENST00000231790,c.2074T>C,tolerated,0.39
TP53,NM_000546.6,ENST00000610292,c.1031T>C,tolerated,0.09
TP53,NM_000546.6,ENST00000635293,c.886C>T,deleterious,0.03
CFTR,NM_000492.4,ENST00000699596,c.44T>C,deleterious_low_confidence,0.02
CFTR,NM_000492.4,ENST00000673785,c.577G>A,deleterious_low_confidence,0.0
CFTR,NM_000492.4,ENST00000699598,c.1680A>C,deleterious_low_confidence,0.0
CFTR,NM_000492.4,ENST00000699598,c.1679G>A,deleterious_low_confidence,0.01
TP53,NM_000546.6,ENST00000413465,c.379T>C,deleterious,0.0
BRCA2,NM_000059.4,ENST00000544455,c.9749C>T,deleterious,0.03
BRCA2,NM_000059.4,ENST00000544455,c.6034T>C,tolerated,0.13
BRCA2,NM_000059.4,ENST00000544455,c.4028A>G,tolerated,0.08
VHL,NM_000551.4,ENST00000256474,c.407T>C,deleterious,0.0
CFTR,NM_000492.4,ENST00000699598,c.3197G>T,deleterious_low_confidence,0.0
TSC1,NM_000368.5,ENST00000643625,c.1936A>G,tolerated,0.16
CFTR,NM_000492.4,ENST00000699596,c.1519A>G,tolerated_low_confidence,0.14
PTEN,NM_000314.8,ENST00000688308,c.370T>C,deleterious,0.0
TP53,NM_000546.6,ENST00000413465,c.517G>A,deleterious,0.01
FGFR2,NM_000141.5,ENST00000358487,c.758C>G,deleterious_low_confidence,0.0
PTEN,NM_000314.8,ENST00000688308,c.269T>C,deleterious,0.0
CDH1,NM_004360.5,ENST00000261769,c.371G>A,tolerated,0.66
TP53,NM_000546.6,ENST00000413465,c.412G>C,deleterious,0.0
VHL,NM_000551.4,ENST00000256474,c.467A>G,deleterious,0.0
MLH1,NM_000249.4,ENST00000456676,c.2050T>G,deleterious,0.0
VHL,NM_000551.4,ENST00000256474,c.293A>G,deleterious,0.0
PTEN,NM_000314.8,ENST00000688308,c.755A>T,deleterious,0.0
TP53,NM_000546.6,ENST00000413465,c.509C>T,tolerated,0.1
MLH1,NM_000249.4,ENST00000673673,c.1958T>G,tolerated,0.88
MLH1,NM_000249.4,ENST00000673673,c.1855G>C,tolerated,0.25
MLH1,NM_000249.4,ENST00000673673,c.918T>A,deleterious,0.0
MLH1,NM_000249.4,ENST00000673673,c.86C>G,deleterious,0.0
MLH1,NM_000249.4,ENST00000673673,c.199G>T,deleterious,0.0
MLH1,NM_000249.4,ENST00000673673,c.131C>T,deleterious,0.0
TSC2,NM_000548.5,ENST00000643946,c.3434C>T,tolerated_low_confidence,0.07
TSC2,NM_000548.5,ENST00000643946,c.3968C>T,tolerated_low_confidence,0.07
PIK3CA,NM_006218.4,ENST00000263967,c.263G>A,deleterious,0.0
TSC2,NM_000548.5,ENST00000643088,c.2963G>C,deleterious_low_confidence,0.0
PTEN,NM_000314.8,ENST00000688308,c.508A>C,deleterious,0.0
BRCA1,NM_007294.4,ENST00000489037,c.5449G>T,tolerated,0.16
CFTR,NM_000492.4,ENST00000699598,c.3160C>G,deleterious_low_confidence,0.0
CFTR,NM_000492.4,ENST00000699598,c.1882G>C,deleterious_low_confidence,0.0
KRAS,NM_004985.5,ENST00000256078,c.34G>T,deleterious_low_confidence,0.0
FGFR3,NM_000142.5,ENST00000340107,c.1949A>C,deleterious_low_confidence,0.0
PTEN,NM_000314.8,ENST00000688308,c.755A>G,deleterious,0.0
KRAS,NM_004985.5,ENST00000256078,c.34G>A,deleterious_low_confidence,0.01
BRCA1,NM_007294.4,ENST00000489037,c.2210C>G,deleterious,0.02
BRCA1,NM_007294.4,ENST00000357654,c.790A>T,deleterious,0.01
BRCA1,NM_007294.4,ENST00000497488,c.788G>C,deleterious,0.03
BRCA1,NM_007294.4,ENST00000497488,c.787G>T,deleterious,0.04
BRCA1,NM_007294.4,ENST00000357654,c.3140T>C,tolerated,0.26
BRCA1,NM_007294.4,ENST00000357654,c.3072C>G,deleterious,0.03
BRCA1,NM_007294.4,ENST00000357654,c.2879G>A,tolerated,0.18
BRCA1,NM_007294.4,ENST00000357654,c.2675T>C,tolerated,0.12
BRCA1,NM_007294.4,ENST00000489037,c.2413T>C,tolerated,0.39
BRCA1,NM_007294.4,ENST00000489037,c.1960A>G,tolerated,0.12
BRCA1,NM_007294.4,ENST00000497488,c.1932T>G,tolerated,0.16
BRCA1,NM_007294.4,ENST00000489037,c.1744A>G,tolerated,0.06
BRCA1,NM_007294.4,ENST00000478531,c.1655G>T,deleterious,0.0
BRCA1,NM_007294.4,ENST00000357654,c.1393T>G,deleterious,0.0
MLH1,NM_000249.4,ENST00000673673,c.331G>T,deleterious,0.03
VHL,NM_000551.4,ENST00000256474,c.256C>G,deleterious,0.0
VHL,NM_000551.4,ENST00000256474,c.242C>T,deleterious,0.01
CDH1,NM_004360.5,ENST00000261769,c.1298A>G,deleterious,0.0
VHL,NM_000551.4,ENST00000256474,c.277G>A,deleterious,0.0
CFTR,NM_000492.4,ENST00000699598,c.3068T>G,tolerated_low_confidence,0.08
VHL,NM_000551.4,ENST00000256474,c.74C>T,deleterious_low_confidence,0.0
CDH1,NM_004360.5,ENST00000261769,c.304G>A,tolerated,0.31
CDH1,NM_004360.5,ENST00000261769,c.671G>A,tolerated,0.23
CDH1,NM_004360.5,ENST00000261769,c.1118C>T,deleterious,0.0
TP53,NM_000546.6,ENST00000413465,c.396G>T,deleterious,0.0
TP53,NM_000546.6,ENST00000635293,c.832C>A,tolerated,0.82
CFTR,NM_000492.4,ENST00000699598,c.3220T>C,deleterious_low_confidence,0.0
MLH1,NM_000249.4,ENST00000673673,c.1919C>G,deleterious,0.01
MLH1,NM_000249.4,ENST00000673673,c.1664T>G,deleterious,0.0
PTEN,NM_000314.8,ENST00000688308,c.379G>A,deleterious,0.0
MLH1,NM_000249.4,ENST00000673673,c.388T>C,deleterious,0.0
TP53,NM_000546.6,ENST00000610538,c.1040C>A,deleterious,0.02
TP53,NM_000546.6,ENST00000413465,c.107C>A,tolerated,0.58
TP53,NM_000546.6,ENST00000413465,c.572C>G,tolerated,0.27
TP53,NM_000546.6,ENST00000413465,c.322G>A,deleterious,0.02
TP53,NM_000546.6,ENST00000714357,c.998G>A,tolerated,0.24
MLH1,NM_000249.4,ENST00000673673,c.1649T>C,deleterious,0.01
MLH1,NM_000249.4,ENST00000673673,c.299G>C,deleterious,0.0
MLH1,NM_000249.4,ENST00000673673,c.62C>T,deleterious,0.0
MLH1,NM_000249.4,ENST00000673673,c.3G>A,deleterious_low_confidence,0.03
MLH1,NM_000249.4,ENST00000673673,c.2T>C,deleterious_low_confidence,0.0
MLH1,NM_000249.4,ENST00000673673,c.112A>C,deleterious,0.0
FGFR3,NM_000142.5,ENST00000440486,c.1619A>G,deleterious_low_confidence,0.0
PTEN,NM_000314.8,ENST00000688308,c.403A>G,tolerated,0.28
FGFR3,NM_000142.5,ENST00000440486,c.1172C>A,deleterious_low_confidence,0.0
TSC2,NM_000548.5,ENST00000643088,c.1609C>T,deleterious_low_confidence,0.0
TSC2,NM_000548.5,ENST00000643088,c.586G>A,deleterious_low_confidence,0.0
TSC2,NM_000548.5,ENST00000643946,c.2978C>T,deleterious_low_confidence,0.0
TSC2,NM_000548.5,ENST00000643088,c.5017G>C,deleterious_low_confidence,0.0
TSC2,NM_000548.5,ENST00000219476,c.5312C>T,deleterious_low_confidence,0.02
CFTR,NM_000492.4,ENST00000699596,c.14C>G,deleterious_low_confidence,0.0
CFTR,NM_000492.4,ENST00000699596,c.1090T>C,deleterious_low_confidence,0.0
CFTR,NM_000492.4,ENST00000699596,c.330C>G,deleterious_low_confidence,0.0
CFTR,NM_000492.4,ENST00000699598,c.1720C>T,deleterious_low_confidence,0.0
CFTR,NM_000492.4,ENST00000699596,c.494T>C,deleterious_low_confidence,0.0
BRCA1,NM_007294.4,ENST00000497488,c.3463G>C,tolerated,0.1
BRCA1,NM_007294.4,ENST00000497488,c.3829G>C,tolerated,0.14
BRCA1,NM_007294.4,ENST00000489037,c.3758C>A,deleterious,0.01
BRCA1,NM_007294.4,ENST00000357654,c.3722C>G,tolerated,0.11
BRCA1,NM_007294.4,ENST00000357654,c.3613G>C,tolerated,0.87
BRCA1,NM_007294.4,ENST00000357654,c.3228A>T,deleterious,0.0
VHL,NM_000551.4,ENST00000256474,c.278G>A,deleterious,0.0
KRAS,NM_004985.5,ENST00000256078,c.40G>A,deleterious_low_confidence,0.0
PTEN,NM_000314.8,ENST00000688308,c.278A>G,deleterious,0.0
BRAF,NM_004333.6,ENST00000496384,c.1789C>G,deleterious_low_confidence,0.0
CDH1,NM_004360.5,ENST00000261769,c.808T>G,tolerated,0.08
VHL,NM_000551.4,ENST00000256474,c.388G>C,deleterious,0.0
VHL,NM_000551.4,ENST00000256474,c.533T>C,deleterious,0.0
TP53,NM_000546.6,ENST00000413465,c.530C>G,deleterious,0.02
VHL,NM_000551.4,ENST00000256474,c.491A>G,deleterious,0.0
CFTR,NM_000492.4,ENST00000699598,c.1705T>C,deleterious_low_confidence,0.0
CFTR,NM_000492.4,ENST00000699596,c.1366G>T,deleterious_low_confidence,0.0
CFTR,NM_000492.4,ENST00000673785,c.326A>G,deleterious_low_confidence,0.01
TP53,NM_000546.6,ENST00000359597,c.1010G>C,deleterious_low_confidence,0.01
TP53,NM_000546.6,ENST00000413465,c.389T>C,deleterious,0.0
TP53,NM_000546.6,ENST00000413465,c.398T>C,deleterious,0.0
TSC1,NM_000368.5,ENST00000643625,c.250G>A,tolerated,0.12
CFTR,NM_000492.4,ENST00000699596,c.596A>G,deleterious_low_confidence,0.0
CFTR,NM_000492.4,ENST00000699598,c.3844T>C,deleterious_low_confidence,0.0
MLH1,NM_000249.4,ENST00000673673,c.131C>A,deleterious,0.0
MLH1,NM_000249.4,ENST00000673673,c.380G>A,tolerated,0.65
PTEN,NM_000314.8,ENST00000688308,c.323T>C,deleterious,0.0
PTEN,NM_000314.8,ENST00000688308,c.371G>A,deleterious,0.03
CDH1,NM_004360.5,ENST00000261769,c.2104G>A,tolerated,0.45
VHL,NM_000551.4,ENST00000256474,c.194C>G,deleterious,0.0
CFTR,NM_000492.4,ENST00000699596,c.350G>C,deleterious_low_confidence,0.0
CFTR,NM_000492.4,ENST00000699598,c.1882G>A,deleterious_low_confidence,0.0
CFTR,NM_000492.4,ENST00000699598,c.3194T>C,deleterious_low_confidence,0.0
BRCA2,NM_000059.4,ENST00000544455,c.1796C>T,deleterious,0.0
TSC2,NM_000548.5,ENST00000643088,c.1292C>T,deleterious_low_confidence,0.0
TSC2,NM_000548.5,ENST00000643088,c.1946T>C,tolerated_low_confidence,0.31
CDH1,NM_004360.5,ENST00000261769,c.1296C>G,deleterious,0.01
KRAS,NM_004985.5,ENST00000690406,c.35G>C,deleterious_low_confidence,0.02
CDH1,NM_004360.5,ENST00000261769,c.344C>T,deleterious,0.03
TP53,NM_000546.6,ENST00000413465,c.713G>C,deleterious,0.0
BRCA2,NM_000059.4,ENST00000544455,c.1313A>T,deleterious,0.0
BRCA2,NM_000059.4,ENST00000544455,c.3233T>G,tolerated,0.06
BRCA2,NM_000059.4,ENST00000544455,c.2623G>C,tolerated,0.07
TSC1,NM_000368.5,ENST00000643625,c.1208C>T,deleterious,0.01
BRCA1,NM_007294.4,ENST00000489037,c.1474A>G,deleterious,0.05
TP53,NM_000546.6,ENST00000359597,c.1010G>T,deleterious_low_confidence,0.0
BRCA1,NM_007294.4,ENST00000489037,c.181T>A,deleterious,0.0
PTEN,NM_000314.8,ENST00000688308,c.77C>T,deleterious,0.0
BRCA1,NM_007294.4,ENST00000357654,c.2921T>C,tolerated,1.0
MLH1,NM_000249.4,ENST00000673673,c.1A>G,deleterious_low_confidence,0.0
CFTR,NM_000492.4,ENST00000699596,c.709C>G,deleterious_low_confidence,0.0
CFTR,NM_000492.4,ENST00000699596,c.314T>A,deleterious_low_confidence,0.0
CFTR,NM_000492.4,ENST00000699596,c.1392G>T,deleterious_low_confidence,0.0
MLH1,NM_000249.4,ENST00000673673,c.875T>C,deleterious,0.0
CDH1,NM_004360.5,ENST00000261769,c.2450C>T,deleterious,0.03
CFTR,NM_000492.4,ENST00000699598,c.1837G>A,deleterious_low_confidence,0.0
CFTR,NM_000492.4,ENST00000699596,c.169T>G,deleterious_low_confidence,0.0
PTEN,NM_000314.8,ENST00000688308,c.144C>A,deleterious,0.01
PTEN,NM_000314.8,ENST00000688308,c.395G>T,deleterious,0.0
BRCA1,NM_007294.4,ENST00000357654,c.2947C>G,tolerated,0.53
TSC2,NM_000548.5,ENST00000643946,c.4508A>C,deleterious_low_confidence,0.0
BRCA1,NM_007294.4,ENST00000489037,c.370A>G,tolerated,0.62
BRCA1,NM_007294.4,ENST00000357654,c.5430G>A,deleterious_low_confidence,0.01
TP53,NM_000546.6,ENST00000413465,c.488A>G,deleterious,0.0
BRCA2,NM_000059.4,ENST00000544455,c.3793T>A,tolerated,0.26
BRCA2,NM_000059.4,ENST00000544455,c.8308G>A,tolerated,0.1
CDH1,NM_004360.5,ENST00000261769,c.164T>G,deleterious,0.0
TP53,NM_000546.6,ENST00000359597,c.868C>T,tolerated,0.09
TP53,NM_000546.6,ENST00000635293,c.997C>T,deleterious_low_confidence,0.01
VHL,NM_000551.4,ENST00000256474,c.473T>C,deleterious,0.01
TP53,NM_000546.6,ENST00000413465,c.542G>C,deleterious,0.0
TP53,NM_000546.6,ENST00000413465,c.537T>G,deleterious,0.02
BRCA2,NM_000059.4,ENST00000544455,c.6384A>C,tolerated,0.25
BRCA2,NM_000059.4,ENST00000544455,c.6018T>A,deleterious,0.02
BRCA2,NM_000059.4,ENST00000544455,c.5683G>C,deleterious,0.03
BRCA2,NM_000059.4,ENST00000544455,c.4566G>T,deleterious,0.0
BRCA2,NM_000059.4,ENST00000544455,c.3536G>A,tolerated,0.16
BRCA2,NM_000059.4,ENST00000544455,c.1496A>G,tolerated,0.05
MLH1,NM_000249.4,ENST00000673673,c.794G>C,deleterious,0.0
MLH1,NM_000249.4,ENST00000673673,c.114C>G,deleterious,0.0
TP53,NM_000546.6,ENST00000413465,c.614A>G,deleterious,0.0
TP53,NM_000546.6,ENST00000413465,c.842A>G,deleterious_low_confidence,0.0
KRAS,NM_004985.5,ENST00000256078,c.65A>G,deleterious_low_confidence,0.03
PTEN,NM_000314.8,ENST00000688308,c.394G>A,deleterious,0.0
BRCA1,NM_007294.4,ENST00000357654,c.3667C>T,deleterious,0.04
CFTR,NM_000492.4,ENST00000699596,c.346G>A,deleterious_low_confidence,0.0
CFTR,NM_000492.4,ENST00000699596,c.1021T>C,deleterious_low_confidence,0.0
PTEN,NM_000314.8,ENST00000688308,c.-9C>G,deleterious_low_confidence,0.02
TP53,NM_000546.6,ENST00000413465,c.469G>A,tolerated,0.4
TP53,NM_000546.6,ENST00000413465,c.476C>T,deleterious,0.0
TP53,NM_000546.6,ENST00000413465,c.587G>C,deleterious,0.0
CDH1,NM_004360.5,ENST00000261769,c.604G>A,tolerated,0.19
PTEN,NM_000314.8,ENST00000688308,c.510T>G,deleterious,0.0
BRCA1,NM_007294.4,ENST00000357654,c.4224G>C,deleterious,0.0
BRCA1,NM_007294.4,ENST00000497488,c.2335A>T,deleterious,0.0
BRCA1,NM_007294.4,ENST00000357654,c.1974G>A,tolerated,0.38
BRCA1,NM_007294.4,ENST00000489037,c.2912A>G,tolerated,0.23
BRCA1,NM_007294.4,ENST00000357654,c.4333C>G,tolerated,1.0
BRCA1,NM_007294.4,ENST00000489037,c.1966A>T,deleterious,0.05
TSC2,NM_000548.5,ENST00000643088,c.3557A>G,deleterious_low_confidence,0.0
MLH1,NM_000249.4,ENST00000673673,c.986A>C,tolerated,0.22
MLH1,NM_000249.4,ENST00000673673,c.229T>C,deleterious,0.0
TP53,NM_000546.6,ENST00000413465,c.534C>A,deleterious,0.0
TP53,NM_000546.6,ENST00000413465,c.716A>G,deleterious,0.02
BRAF,NM_004333.6,ENST00000496384,c.1801A>G,deleterious_low_confidence,0.0
CDH1,NM_004360.5,ENST00000261769,c.1320G>T,deleterious,0.0
BRCA2,NM_000059.4,ENST00000544455,c.67G>T,deleterious,0.0
PTEN,NM_000314.8,ENST00000688308,c.103A>G,deleterious,0.01
MLH1,NM_000249.4,ENST00000673673,c.374C>A,deleterious,0.0
BRCA1,NM_007294.4,ENST00000357654,c.5212G>C,deleterious,0.0
TP53,NM_000546.6,ENST00000610538,c.1025G>C,tolerated,0.25
CFTR,NM_000492.4,ENST00000699598,c.3107C>T,deleterious_low_confidence,0.0
CFTR,NM_000492.4,ENST00000699598,c.3107C>A,deleterious_low_confidence,0.0
CFTR,NM_000492.4,ENST00000699598,c.3017C>A,deleterious_low_confidence,0.04
VHL,NM_000551.4,ENST00000256474,c.257C>G,deleterious,0.01
BRCA2,NM_000059.4,ENST00000544455,c.7336A>G,tolerated,1.0
BRCA2,NM_000059.4,ENST00000544455,c.6583G>A,tolerated,0.12
BRCA2,NM_000059.4,ENST00000544455,c.2568T>A,tolerated,0.13
BRCA2,NM_000059.4,ENST00000544455,c.10238C>T,tolerated,0.17
CDH1,NM_004360.5,ENST00000261769,c.1136C>T,tolerated,0.6
PTEN,NM_000314.8,ENST00000688308,c.367C>T,deleterious,0.0
BRCA1,NM_007294.4,ENST00000357654,c.3657G>T,deleterious,0.0
PTEN,NM_000314.8,ENST00000688308,c.368A>G,deleterious,0.0
BRCA1,NM_007294.4,ENST00000357654,c.5466T>C,deleterious_low_confidence,0.02
BRCA1,NM_007294.4,ENST00000357654,c.3110A>T,deleterious,0.0
MLH1,NM_000249.4,ENST00000673673,c.554T>G,deleterious,0.0
MLH1,NM_000249.4,ENST00000673673,c.301G>A,deleterious,0.0
TSC2,NM_000548.5,ENST00000643946,c.4672G>A,deleterious_low_confidence,0.0
BRCA2,NM_000059.4,ENST00000544455,c.950C>G,tolerated,0.07
TP53,NM_000546.6,ENST00000413465,c.535C>G,deleterious,0.0
TP53,NM_000546.6,ENST00000413465,c.794T>C,deleterious_low_confidence,0.0
TP53,NM_000546.6,ENST00000413465,c.743G>C,deleterious,0.03
TSC2,NM_000548.5,ENST00000219476,c.4195G>A,tolerated_low_confidence,0.07
TSC2,NM_000548.5,ENST00000643088,c.1387A>G,deleterious_low_confidence,0.02
TSC2,NM_000548.5,ENST00000643088,c.272C>T,deleterious_low_confidence,0.0
TSC2,NM_000548.5,ENST00000643946,c.3770C>T,deleterious_low_confidence,0.04
CDH1,NM_004360.5,ENST00000261769,c.2329G>A,deleterious,0.0
BRCA2,NM_000059.4,ENST00000544455,c.4639G>A,tolerated,0.05
CFTR,NM_000492.4,ENST00000673785,c.38C>T,deleterious_low_confidence,0.0
CFTR,NM_000492.4,ENST00000699598,c.3763T>C,deleterious_low_confidence,0.03
MLH1,NM_000249.4,ENST00000673673,c.122A>T,deleterious,0.0
MLH1,NM_000249.4,ENST00000673673,c.218T>G,deleterious,0.0
CFTR,NM_000492.4,ENST00000673785,c.484A>G,deleterious_low_confidence,0.02
TP53,NM_000546.6,ENST00000413465,c.710T>A,deleterious,0.0
BRCA2,NM_000059.4,ENST00000544455,c.4521G>C,deleterious,0.02
BRCA2,NM_000059.4,ENST00000544455,c.3773T>G,tolerated,1.0
BRCA2,NM_000059.4,ENST00000544455,c.1675G>A,tolerated,0.06
BRCA2,NM_000059.4,ENST00000544455,c.6698C>T,deleterious,0.0
BRCA2,NM_000059.4,ENST00000544455,c.6214T>A,deleterious,0.02
BRCA2,NM_000059.4,ENST00000544455,c.5671G>A,tolerated,0.42
BRCA2,NM_000059.4,ENST00000544455,c.4539T>A,tolerated,1.0
MLH1,NM_000249.4,ENST00000673673,c.1652A>G,deleterious,0.02
MLH1,NM_000249.4,ENST00000673673,c.306G>C,deleterious,0.0
BRCA2,NM_000059.4,ENST00000544455,c.4999T>A,tolerated,0.06
BRCA1,NM_007294.4,ENST00000489037,c.2798G>C,tolerated,0.08
BRCA1,NM_007294.4,ENST00000489037,c.1927A>G,tolerated,0.22
BRCA1,NM_007294.4,ENST00000357654,c.5432A>C,deleterious,0.0
BRCA1,NM_007294.4,ENST00000489037,c.4988T>G,deleterious,0.0
BRCA1,NM_007294.4,ENST00000489037,c.5297T>A,deleterious,0.0
BRCA1,NM_007294.4,ENST00000497488,c.3G>C,deleterious,0.03
BRCA1,NM_007294.4,ENST00000478531,c.139T>A,deleterious,0.0
BRCA1,NM_007294.4,ENST00000357654,c.652T>G,tolerated,0.42
TP53,NM_000546.6,ENST00000413465,c.761T>C,deleterious,0.0
TP53,NM_000546.6,ENST00000413465,c.658T>C,deleterious,0.0
TP53,NM_000546.6,ENST00000413465,c.722C>G,deleterious,0.0
BRCA1,NM_007294.4,ENST00000497488,c.4294A>C,tolerated,0.38
TP53,NM_000546.6,ENST00000413465,c.245C>T,tolerated,0.08
TSC2,NM_000548.5,ENST00000643088,c.1574A>G,deleterious_low_confidence,0.04
TSC1,NM_000368.5,ENST00000643625,c.1079C>A,tolerated,0.07
CFTR,NM_000492.4,ENST00000699596,c.166G>A,deleterious_low_confidence,0.0
CFTR,NM_000492.4,ENST00000699598,c.2856G>T,deleterious_low_confidence,0.0
CDH1,NM_004360.5,ENST00000261769,c.1223C>T,deleterious,0.0
TP53,NM_000546.6,ENST00000413465,c.749C>T,deleterious,0.0
TP53,NM_000546.6,ENST00000413465,c.580C>T,deleterious,0.0
MLH1,NM_000249.4,ENST00000673673,c.1616C>A,deleterious,0.0
MLH1,NM_000249.4,ENST00000673673,c.350C>G,deleterious,0.0
CFTR,NM_000492.4,ENST00000699598,c.3014T>G,deleterious_low_confidence,0.0
CFTR,NM_000492.4,ENST00000699596,c.1405A>G,deleterious_low_confidence,0.0
BRCA1,NM_007294.4,ENST00000357654,c.5409T>C,tolerated_low_confidence,0.31
BRAF,NM_004333.6,ENST00000496384,c.1914T>A,deleterious_low_confidence,0.0
BRCA1,NM_007294.4,ENST00000357654,c.5469A>C,deleterious_low_confidence,0.02
BRCA1,NM_007294.4,ENST00000357654,c.5418A>C,tolerated_low_confidence,0.19
BRCA1,NM_007294.4,ENST00000357654,c.5451G>A,tolerated_low_confidence,0.11
BRCA1,NM_007294.4,ENST00000357654,c.5475G>T,deleterious_low_confidence,0.0
BRCA1,NM_007294.4,ENST00000357654,c.5143A>C,deleterious,0.0
BRCA2,NM_000059.4,ENST00000544455,c.9221T>C,deleterious,0.0
BRCA2,NM_000059.4,ENST00000544455,c.8170G>A,deleterious,0.0
KRAS,NM_004985.5,ENST00000690406,c.35G>T,deleterious_low_confidence,0.02
BRCA1,NM_007294.4,ENST00000489037,c.1159T>A,deleterious,0.01
BRCA1,NM_007294.4,ENST00000497488,c.997A>G,tolerated,0.09
BRCA1,NM_007294.4,ENST00000489037,c.5044G>A,deleterious,0.0
BRCA2,NM_000059.4,ENST00000544455,c.6943A>T,tolerated,0.17
BRCA2,NM_000059.4,ENST00000544455,c.5830A>G,tolerated,1.0
TP53,NM_000546.6,ENST00000413465,c.577C>T,deleterious,0.0
BRCA1,NM_007294.4,ENST00000489037,c.5467G>C,deleterious,0.04
BRCA1,NM_007294.4,ENST00000489037,c.4958T>A,tolerated,0.72
BRCA1,NM_007294.4,ENST00000478531,c.284T>C,deleterious,0.0
BRCA1,NM_007294.4,ENST00000357654,c.5323A>G,deleterious,0.0
BRCA1,NM_007294.4,ENST00000489037,c.5351T>A,deleterious,0.0
BRCA1,NM_007294.4,ENST00000489037,c.5104A>C,tolerated,0.38
BRCA1,NM_007294.4,ENST00000497488,c.211A>T,tolerated,0.87
BRCA1,NM_007294.4,ENST00000357654,c.5366C>T,deleterious,0.0
BRCA1,NM_007294.4,ENST00000357654,c.5258G>T,deleterious,0.02
BRCA1,NM_007294.4,ENST00000489037,c.5131A>G,deleterious,0.0
BRCA1,NM_007294.4,ENST00000357654,c.5156T>G,deleterious,0.0
BRCA1,NM_007294.4,ENST00000357654,c.5467G>T,deleterious,0.04
BRCA1,NM_007294.4,ENST00000357654,c.5138T>G,deleterious,0.0
BRCA1,NM_007294.4,ENST00000357654,c.5255C>A,deleterious,0.0
BRCA1,NM_007294.4,ENST00000357654,c.5154G>C,deleterious,0.02
BRCA1,NM_007294.4,ENST00000357654,c.5074G>T,deleterious,0.0
BRCA1,NM_007294.4,ENST00000357654,c.5478G>C,deleterious,0.0
VHL,NM_000551.4,ENST00000256474,c.256C>T,deleterious,0.01
BRCA1,NM_007294.4,ENST00000489037,c.39T>A,deleterious,0.02
BRCA1,NM_007294.4,ENST00000357654,c.5545G>A,deleterious,0.05
BRCA1,NM_007294.4,ENST00000357654,c.5543A>G,tolerated,0.09
BRCA1,NM_007294.4,ENST00000357654,c.5476C>G,deleterious,0.0
BRCA1,NM_007294.4,ENST00000357654,c.5030C>A,deleterious,0.01
BRCA1,NM_007294.4,ENST00000357654,c.5446A>G,tolerated,0.18
BRCA1,NM_007294.4,ENST00000489037,c.4958T>C,tolerated,0.27
BRCA1,NM_007294.4,ENST00000357654,c.4937T>A,tolerated,0.12
BRCA1,NM_007294.4,ENST00000357654,c.4925C>T,deleterious,0.02
BRCA1,NM_007294.4,ENST00000489037,c.61A>C,tolerated,0.52
BRCA1,NM_007294.4,ENST00000357654,c.4990C>T,deleterious,0.0
BRCA1,NM_007294.4,ENST00000357654,c.4943A>G,tolerated,0.53
BRCA1,NM_007294.4,ENST00000357654,c.4943A>C,deleterious,0.05
BRCA1,NM_007294.4,ENST00000478531,c.283C>A,tolerated,0.07
BRCA1,NM_007294.4,ENST00000489037,c.97G>A,deleterious,0.0
BRCA1,NM_007294.4,ENST00000357654,c.5463C>T,tolerated_low_confidence,0.2
BRCA1,NM_007294.4,ENST00000357654,c.5000A>C,deleterious,0.0
BRCA1,NM_007294.4,ENST00000357654,c.5404A>G,tolerated,0.37
BRCA1,NM_007294.4,ENST00000489037,c.5384T>G,tolerated,0.27
BRCA1,NM_007294.4,ENST00000357654,c.5540G>C,deleterious,0.04
BRCA1,NM_007294.4,ENST00000357654,c.5492C>T,tolerated,0.1
BRCA1,NM_007294.4,ENST00000357654,c.5472T>C,tolerated_low_confidence,0.28
BRCA1,NM_007294.4,ENST00000357654,c.5472T>A,tolerated_low_confidence,0.28
BRCA1,NM_007294.4,ENST00000489037,c.5471T>A,deleterious,0.0
BRCA1,NM_007294.4,ENST00000489037,c.5020A>G,deleterious,0.0
BRCA1,NM_007294.4,ENST00000357654,c.5194C>G,tolerated,0.08
BRCA1,NM_007294.4,ENST00000357654,c.5190T>G,deleterious,0.01
BRCA1,NM_007294.4,ENST00000357654,c.5427T>A,tolerated_low_confidence,0.28
BRCA1,NM_007294.4,ENST00000478531,c.223G>A,deleterious,0.0
BRCA1,NM_007294.4,ENST00000478531,c.144G>T,tolerated,0.09
BRCA1,NM_007294.4,ENST00000357654,c.4919C>G,deleterious,0.03
BRCA1,NM_007294.4,ENST00000357654,c.4908G>T,tolerated,0.25
BRCA1,NM_007294.4,ENST00000357654,c.5337A>C,tolerated,0.49
BRCA1,NM_007294.4,ENST00000478531,c.282G>C,deleterious,0.0
BRCA1,NM_007294.4,ENST00000357654,c.5460C>G,deleterious_low_confidence,0.04
BRCA1,NM_007294.4,ENST00000489037,c.5017C>T,deleterious,0.0
BRCA1,NM_007294.4,ENST00000489037,c.5017C>G,deleterious,0.0
BRCA1,NM_007294.4,ENST00000357654,c.4996T>A,deleterious,0.01
BRCA1,NM_007294.4,ENST00000489037,c.5430G>C,tolerated,0.23
BRCA1,NM_007294.4,ENST00000357654,c.4927A>T,tolerated,0.1
BRCA1,NM_007294.4,ENST00000478531,c.289A>T,tolerated,0.06
BRCA1,NM_007294.4,ENST00000497488,c.197A>G,tolerated,0.06
BRCA1,NM_007294.4,ENST00000478531,c.175T>G,tolerated,0.4
BRCA1,NM_007294.4,ENST00000489037,c.99A>C,deleterious,0.0
BRCA1,NM_007294.4,ENST00000489037,c.52A>C,deleterious,0.0
BRCA1,NM_007294.4,ENST00000489037,c.5133A>C,deleterious,0.01
BRCA1,NM_007294.4,ENST00000489037,c.9A>C,tolerated,0.36
BRCA1,NM_007294.4,ENST00000357654,c.5537A>G,tolerated,0.18
BRCA1,NM_007294.4,ENST00000357654,c.5447C>G,tolerated,0.08
BRCA1,NM_007294.4,ENST00000357654,c.4994T>G,deleterious,0.0
BRCA1,NM_007294.4,ENST00000357654,c.4930G>C,tolerated,0.32
BRCA1,NM_007294.4,ENST00000489037,c.20G>T,tolerated,0.14
BRCA1,NM_007294.4,ENST00000357654,c.1421T>C,tolerated,0.06
BRCA1,NM_007294.4,ENST00000357654,c.5050A>G,deleterious,0.0
BRCA1,NM_007294.4,ENST00000357654,c.5269G>T,deleterious,0.01
BRCA1,NM_007294.4,ENST00000357654,c.5245C>A,deleterious,0.0
BRCA1,NM_007294.4,ENST00000489037,c.1666A>C,deleterious,0.0
BRCA1,NM_007294.4,ENST00000357654,c.2746A>T,deleterious,0.01
BRCA1,NM_007294.4,ENST00000478531,c.743C>A,tolerated,0.09
BRCA1,NM_007294.4,ENST00000357654,c.2911C>A,tolerated,0.32
BRCA1,NM_007294.4,ENST00000357654,c.2899A>T,tolerated,0.31
BRCA1,NM_007294.4,ENST00000497488,c.2635G>A,deleterious,0.01
BRCA1,NM_007294.4,ENST00000497488,c.2474A>T,deleterious,0.04
BRCA1,NM_007294.4,ENST00000357654,c.1963T>G,deleterious,0.03
BRCA1,NM_007294.4,ENST00000497488,c.1901C>G,deleterious,0.0
BRCA1,NM_007294.4,ENST00000489037,c.1897C>A,deleterious,0.02
BRCA1,NM_007294.4,ENST00000357654,c.1800C>G,tolerated,0.1
BRCA1,NM_007294.4,ENST00000497488,c.1458T>G,deleterious,0.0
BRCA1,NM_007294.4,ENST00000497488,c.1261G>A,tolerated,1.0
BRCA1,NM_007294.4,ENST00000357654,c.1208C>T,tolerated,0.25
BRCA1,NM_007294.4,ENST00000357654,c.1130G>A,tolerated,0.05
BRCA1,NM_007294.4,ENST00000497488,c.1127A>G,tolerated,0.1
BRCA1,NM_007294.4,ENST00000497488,c.1064A>G,tolerated,0.37
CFTR,NM_000492.4,ENST00000699598,c.3292T>C,deleterious_low_confidence,0.0
CFTR,NM_000492.4,ENST00000673785,c.1A>G,tolerated_low_confidence,0.54
CFTR,NM_000492.4,ENST00000699596,c.1001G>T,deleterious_low_confidence,0.0
CFTR,NM_000492.4,ENST00000699596,c.1558G>T,deleterious_low_confidence,0.0
CDH1,NM_004360.5,ENST00000261769,c.499G>A,deleterious,0.02
VHL,NM_000551.4,ENST00000256474,c.262T>A,deleterious,0.0
TSC2,NM_000548.5,ENST00000568566,c.4316G>A,deleterious_low_confidence,0.0
TSC2,NM_000548.5,ENST00000568566,c.5094C>A,deleterious_low_confidence,0.0
TSC2,NM_000548.5,ENST00000645591,c.1819G>A,deleterious_low_confidence,0.01
BRCA2,NM_000059.4,ENST00000544455,c.7805G>C,deleterious,0.0
BRCA2,NM_000059.4,ENST00000544455,c.8995C>G,deleterious,0.0
TP53,NM_000546.6,ENST00000413465,c.738G>A,deleterious,0.0
MLH1,NM_000249.4,ENST00000616768,c.1989G>C,tolerated,0.38
MLH1,NM_000249.4,ENST00000674111,c.1918C>A,deleterious,0.0
MLH1,NM_000249.4,ENST00000673673,c.152T>A,deleterious,0.0
VHL,NM_000551.4,ENST00000256474,c.233A>G,deleterious,0.0
PTEN,NM_000314.8,ENST00000688308,c.203A>G,deleterious,0.0
CDH1,NM_004360.5,ENST00000261769,c.1679C>G,tolerated,0.06
CFTR,NM_000492.4,ENST00000673785,c.416A>T,deleterious_low_confidence,0.0
CFTR,NM_000492.4,ENST00000699596,c.169T>C,deleterious_low_confidence,0.0
CFTR,NM_000492.4,ENST00000699598,c.3254A>G,deleterious_low_confidence,0.0
BRCA1,NM_007294.4,ENST00000478531,c.287A>T,deleterious,0.0
BRCA1,NM_007294.4,ENST00000357654,c.891G>A,deleterious,0.03
BRCA1,NM_007294.4,ENST00000497488,c.4636G>T,deleterious,0.03
BRCA1,NM_007294.4,ENST00000357654,c.5107T>G,deleterious,0.0
BRCA1,NM_007294.4,ENST00000478531,c.1001C>A,deleterious,0.03
CDH1,NM_004360.5,ENST00000261769,c.8C>G,tolerated,0.05
BRCA1,NM_007294.4,ENST00000357654,c.5056C>G,deleterious,0.0
BRCA1,NM_007294.4,ENST00000489037,c.101C>G,deleterious,0.0
BRCA1,NM_007294.4,ENST00000357654,c.5558A>C,deleterious,0.0
BRCA1,NM_007294.4,ENST00000357654,c.5066T>A,deleterious,0.0
BRCA1,NM_007294.4,ENST00000357654,c.5426T>A,deleterious,0.0
BRCA1,NM_007294.4,ENST00000489037,c.5215G>C,tolerated,0.07
CDH1,NM_004360.5,ENST00000261769,c.1297G>A,tolerated,0.14
BRCA1,NM_007294.4,ENST00000497488,c.2T>A,deleterious,0.01
BRCA1,NM_007294.4,ENST00000357654,c.5246C>G,deleterious,0.0
BRCA1,NM_007294.4,ENST00000357654,c.4913A>T,deleterious,0.01
BRCA1,NM_007294.4,ENST00000489037,c.5059G>A,tolerated,0.24
BRCA1,NM_007294.4,ENST00000357654,c.5392T>A,deleterious,0.01
BRCA1,NM_007294.4,ENST00000357654,c.4897A>G,tolerated,0.28
BRCA1,NM_007294.4,ENST00000357654,c.5478G>A,tolerated_low_confidence,0.1
BRCA1,NM_007294.4,ENST00000357654,c.4918A>G,tolerated,0.55
BRCA1,NM_007294.4,ENST00000478531,c.268A>G,deleterious,0.02
BRCA1,NM_007294.4,ENST00000357654,c.2245G>C,deleterious,0.0
BRCA1,NM_007294.4,ENST00000357654,c.3798C>G,deleterious,0.0
BRCA1,NM_007294.4,ENST00000497488,c.4011C>G,deleterious,0.03
BRCA1,NM_007294.4,ENST00000357654,c.3851A>G,tolerated,0.16
BRCA1,NM_007294.4,ENST00000489037,c.3698A>G,tolerated,0.23
BRCA1,NM_007294.4,ENST00000357654,c.3652A>T,deleterious,0.04
BRCA1,NM_007294.4,ENST00000497488,c.3542T>C,tolerated,0.12
BRCA1,NM_007294.4,ENST00000497488,c.3527T>A,deleterious,0.0
BRCA1,NM_007294.4,ENST00000497488,c.3432G>T,deleterious,0.05
BRCA1,NM_007294.4,ENST00000357654,c.1564G>A,deleterious,0.01
MLH1,NM_000249.4,ENST00000673972,c.2048T>C,deleterious,0.0
TSC2,NM_000548.5,ENST00000642206,c.5138G>A,deleterious_low_confidence,0.02
MLH1,NM_000249.4,ENST00000673673,c.200G>A,deleterious,0.0
MLH1,NM_000249.4,ENST00000616768,c.1853A>G,tolerated,0.14
TP53,NM_000546.6,ENST00000413465,c.11C>T,tolerated,0.13
TP53,NM_000546.6,ENST00000359597,c.843C>A,deleterious,0.03
BRCA2,NM_000059.4,ENST00000544455,c.9226G>C,deleterious,0.0
BRCA2,NM_000059.4,ENST00000544455,c.8174G>T,deleterious,0.0
BRCA2,NM_000059.4,ENST00000544455,c.7888A>C,deleterious,0.0
BRCA2,NM_000059.4,ENST00000544455,c.7807G>C,deleterious,0.0
BRCA2,NM_000059.4,ENST00000544455,c.7786G>C,deleterious,0.0
MLH1,NM_000249.4,ENST00000673673,c.380G>T,deleterious,0.0
BRCA1,NM_007294.4,ENST00000489037,c.3143G>T,deleterious,0.03
TP53,NM_000546.6,ENST00000413465,c.473G>T,deleterious,0.0
BRCA1,NM_007294.4,ENST00000357654,c.5439T>C,tolerated_low_confidence,0.32
CFTR,NM_000492.4,ENST00000699598,c.3353C>T,deleterious_low_confidence,0.0
CFTR,NM_000492.4,ENST00000673785,c.274G>A,deleterious_low_confidence,0.0
BRCA1,NM_007294.4,ENST00000357654,c.5475G>A,deleterious_low_confidence,0.0
BRCA2,NM_000059.4,ENST00000544455,c.7870T>G,deleterious,0.0
MLH1,NM_000249.4,ENST00000673673,c.1961C>T,tolerated,0.17
MLH1,NM_000249.4,ENST00000673673,c.104T>G,deleterious,0.0
TSC1,NM_000368.5,ENST00000643625,c.1342C>T,tolerated,0.51
TSC1,NM_000368.5,ENST00000643625,c.1001C>T,deleterious,0.04
BRCA2,NM_000059.4,ENST00000544455,c.7867C>T,deleterious,0.0
BRCA2,NM_000059.4,ENST00000544455,c.9155G>T,deleterious,0.0
VHL,NM_000551.4,ENST00000256474,c.482G>A,deleterious,0.02
TP53,NM_000546.6,ENST00000413465,c.796G>A,tolerated_low_confidence,0.6
BRCA1,NM_007294.4,ENST00000478531,c.287A>C,deleterious,0.0
BRCA1,NM_007294.4,ENST00000357654,c.5228G>A,deleterious,0.0
BRCA1,NM_007294.4,ENST00000357654,c.5513T>G,deleterious,0.0
BRCA1,NM_007294.4,ENST00000357654,c.469T>C,tolerated,0.14
TSC2,NM_000548.5,ENST00000219476,c.5131G>A,deleterious_low_confidence,0.01
TSC2,NM_000548.5,ENST00000643946,c.3475C>T,deleterious_low_confidence,0.0
PTEN,NM_000314.8,ENST00000688308,c.389G>T,deleterious,0.0
TSC2,NM_000548.5,ENST00000643088,c.4952A>G,deleterious_low_confidence,0.0
PIK3CA,NM_006218.4,ENST00000263967,c.2740G>A,deleterious,0.0
CDH1,NM_004360.5,ENST00000261769,c.1901C>T,deleterious,0.01
TP53,NM_000546.6,ENST00000359597,c.818G>C,deleterious,0.0
TP53,NM_000546.6,ENST00000413465,c.451C>A,deleterious,0.01
BRCA1,NM_007294.4,ENST00000357654,c.5516T>C,deleterious,0.0
BRCA1,NM_007294.4,ENST00000357654,c.839C>G,deleterious,0.0
BRCA1,NM_007294.4,ENST00000357654,c.1418A>G,tolerated,0.11
TP53,NM_000546.6,ENST00000413465,c.527G>A,deleterious,0.0
TP53,NM_000546.6,ENST00000413465,c.659A>C,deleterious,0.0
BRCA2,NM_000059.4,ENST00000544455,c.468T>A,tolerated,1.0
CFTR,NM_000492.4,ENST00000699598,c.3908A>T,deleterious_low_confidence,0.0
CFTR,NM_000492.4,ENST00000699596,c.1013C>T,deleterious_low_confidence,0.0
MLH1,NM_000249.4,ENST00000673673,c.883A>C,deleterious,0.0
MLH1,NM_000249.4,ENST00000231790,c.1942C>T,deleterious,0.0
BRCA1,NM_007294.4,ENST00000357654,c.5257A>G,deleterious,0.0
BRCA1,NM_007294.4,ENST00000357654,c.5164T>C,deleterious,0.0
BRCA1,NM_007294.4,ENST00000357654,c.5476C>T,deleterious_low_confidence,0.0
BRCA1,NM_007294.4,ENST00000478531,c.282G>T,deleterious,0.0
BRCA1,NM_007294.4,ENST00000357654,c.4544G>A,tolerated,0.9
TP53,NM_000546.6,ENST00000635293,c.853G>A,deleterious,0.04
PTEN,NM_000314.8,ENST00000688308,c.737C>T,deleterious,0.03
PTEN,NM_000314.8,ENST00000688308,c.302T>C,deleterious,0.0
PTEN,NM_000314.8,ENST00000688308,c.70G>C,deleterious,0.0
FGFR2,NM_000141.5,ENST00000358487,c.1061C>G,deleterious_low_confidence,0.0
MLH1,NM_000249.4,ENST00000673673,c.187G>A,deleterious,0.0
BRCA1,NM_007294.4,ENST00000357654,c.5498T>G,deleterious,0.0
BRCA1,NM_007294.4,ENST00000489037,c.5062G>T,deleterious,0.0
BRCA1,NM_007294.4,ENST00000497488,c.71G>C,deleterious,0.0
BRCA1,NM_007294.4,ENST00000357654,c.5488G>T,deleterious,0.01
BRCA1,NM_007294.4,ENST00000357654,c.5145C>A,deleterious,0.0
TSC2,NM_000548.5,ENST00000643088,c.2032G>A,tolerated_low_confidence,0.77
BRCA1,NM_007294.4,ENST00000357654,c.5347A>T,deleterious,0.02
TP53,NM_000546.6,ENST00000413465,c.742C>G,deleterious,0.0
BRCA1,NM_007294.4,ENST00000357654,c.536A>T,tolerated,0.05
BRCA1,NM_007294.4,ENST00000357654,c.4921G>T,tolerated,1.0
BRCA1,NM_007294.4,ENST00000357654,c.5460C>T,deleterious_low_confidence,0.04
BRCA1,NM_007294.4,ENST00000357654,c.5457T>C,tolerated_low_confidence,0.14
BRCA1,NM_007294.4,ENST00000357654,c.5168T>C,deleterious,0.02
BRCA1,NM_007294.4,ENST00000357654,c.3488C>T,tolerated,0.35
BRCA1,NM_007294.4,ENST00000357654,c.4484G>C,deleterious,0.02
CFTR,NM_000492.4,ENST00000699598,c.3181G>C,deleterious_low_confidence,0.0
BRCA1,NM_007294.4,ENST00000357654,c.4991T>C,deleterious,0.01
MLH1,NM_000249.4,ENST00000231790,c.1984A>C,deleterious,0.0
MLH1,NM_000249.4,ENST00000673673,c.55A>T,deleterious,0.0
MLH1,NM_000249.4,ENST00000673673,c.122A>G,deleterious,0.0
TP53,NM_000546.6,ENST00000413465,c.711G>A,deleterious,0.02
CFTR,NM_000492.4,ENST00000699598,c.3209G>C,deleterious_low_confidence,0.0
BRCA2,NM_000059.4,ENST00000544455,c.3596A>G,deleterious,0.01
BRCA2,NM_000059.4,ENST00000544455,c.3116C>T,deleterious,0.01
BRCA2,NM_000059.4,ENST00000544455,c.3224G>A,tolerated,0.33
BRCA2,NM_000059.4,ENST00000544455,c.1459G>T,tolerated,0.3
BRCA2,NM_000059.4,ENST00000544455,c.4685A>G,tolerated,0.34
BRCA2,NM_000059.4,ENST00000544455,c.1129G>C,tolerated,0.09
BRCA2,NM_000059.4,ENST00000544455,c.2138A>C,tolerated,0.16
BRCA2,NM_000059.4,ENST00000544455,c.5848G>A,tolerated,0.36
BRCA2,NM_000059.4,ENST00000544455,c.963A>C,deleterious,0.02
BRCA2,NM_000059.4,ENST00000544455,c.6532C>T,tolerated,0.16
BRCA2,NM_000059.4,ENST00000544455,c.5467A>C,deleterious,0.05
BRCA2,NM_000059.4,ENST00000544455,c.5003C>G,tolerated,0.28
BRCA2,NM_000059.4,ENST00000544455,c.4163C>A,deleterious,0.02
BRCA2,NM_000059.4,ENST00000544455,c.3944G>A,tolerated,0.44
BRCA2,NM_000059.4,ENST00000544455,c.3905C>A,deleterious,0.01
BRCA2,NM_000059.4,ENST00000544455,c.3848T>G,tolerated,0.09
BRCA2,NM_000059.4,ENST00000544455,c.3403T>C,tolerated,1.0
BRCA2,NM_000059.4,ENST00000544455,c.3132T>G,tolerated,0.1
BRCA2,NM_000059.4,ENST00000544455,c.3122G>A,tolerated,0.2
BRCA2,NM_000059.4,ENST00000544455,c.2965T>G,tolerated,0.32
BRCA2,NM_000059.4,ENST00000544455,c.2503C>T,tolerated,0.99
BRCA2,NM_000059.4,ENST00000544455,c.2483A>G,deleterious,0.03
BRCA2,NM_000059.4,ENST00000544455,c.2275C>T,tolerated,0.45
BRCA2,NM_000059.4,ENST00000544455,c.2221G>T,tolerated,0.17
BRCA2,NM_000059.4,ENST00000544455,c.2209G>T,deleterious,0.05
BRCA2,NM_000059.4,ENST00000544455,c.2119G>T,deleterious,0.0
BRCA2,NM_000059.4,ENST00000544455,c.1852G>C,deleterious,0.04
BRCA2,NM_000059.4,ENST00000544455,c.1678A>G,tolerated,0.15
TP53,NM_000546.6,ENST00000413465,c.638G>C,deleterious,0.0
BRCA1,NM_007294.4,ENST00000357654,c.5114T>C,deleterious,0.0
KRAS,NM_004985.5,ENST00000256078,c.38G>A,deleterious_low_confidence,0.04
TP53,NM_000546.6,ENST00000359597,c.877G>T,tolerated,0.16
BRCA1,NM_007294.4,ENST00000497488,c.80G>T,deleterious,0.01
BRCA2,NM_000059.4,ENST00000544455,c.7868A>C,deleterious,0.0
TP53,NM_000546.6,ENST00000359597,c.839G>C,deleterious,0.0
TP53,NM_000546.6,ENST00000413465,c.380C>T,deleterious,0.0
PTEN,NM_000314.8,ENST00000688308,c.395G>A,deleterious,0.0
CFTR,NM_000492.4,ENST00000699596,c.595C>T,deleterious_low_confidence,0.0
CFTR,NM_000492.4,ENST00000699598,c.3230T>C,deleterious_low_confidence,0.0
CFTR,NM_000492.4,ENST00000699596,c.1007T>A,deleterious_low_confidence,0.0
TSC2,NM_000548.5,ENST00000643088,c.1864C>T,deleterious_low_confidence,0.0
BRCA2,NM_000059.4,ENST00000544455,c.1865C>T,deleterious,0.03
BRCA1,NM_007294.4,ENST00000357654,c.5513T>A,deleterious,0.0
BRCA1,NM_007294.4,ENST00000497488,c.110C>A,deleterious,0.03
BRCA1,NM_007294.4,ENST00000357654,c.5024C>T,deleterious,0.02
BRCA1,NM_007294.4,ENST00000357654,c.1383T>A,deleterious,0.0
BRCA1,NM_007294.4,ENST00000489037,c.303T>G,deleterious,0.0
BRCA2,NM_000059.4,ENST00000544455,c.7955T>G,deleterious,0.0
BRCA1,NM_007294.4,ENST00000357654,c.5206G>T,deleterious,0.0
BRCA1,NM_007294.4,ENST00000357654,c.5523T>G,deleterious,0.0
BRCA2,NM_000059.4,ENST00000544455,c.9917C>T,deleterious,0.03
BRCA1,NM_007294.4,ENST00000357654,c.5312C>G,deleterious,0.0
BRCA1,NM_007294.4,ENST00000357654,c.3783A>T,tolerated,0.31
BRCA2,NM_000059.4,ENST00000544455,c.92G>C,deleterious,0.0
CFTR,NM_000492.4,ENST00000699596,c.454A>G,deleterious_low_confidence,0.05
CFTR,NM_000492.4,ENST00000699596,c.1040G>T,deleterious_low_confidence,0.0
TP53,NM_000546.6,ENST00000413465,c.527G>T,deleterious,0.0
KRAS,NM_004985.5,ENST00000256078,c.458A>T,deleterious_low_confidence,0.0
CDH1,NM_004360.5,ENST00000261769,c.2336G>A,deleterious,0.0
CDH1,NM_004360.5,ENST00000261769,c.2343A>T,tolerated,0.21
TP53,NM_000546.6,ENST00000413465,c.814G>A,deleterious_low_confidence,0.0
BRCA2,NM_000059.4,ENST00000544455,c.8176T>A,deleterious,0.0
MLH1,NM_000249.4,ENST00000616768,c.2038T>C,tolerated,0.34
MLH1,NM_000249.4,ENST00000673673,c.883A>G,deleterious,0.0
MLH1,NM_000249.4,ENST00000674111,c.2103G>C,deleterious,0.0
MLH1,NM_000249.4,ENST00000673673,c.83C>T,deleterious,0.0
MLH1,NM_000249.4,ENST00000673673,c.245C>T,deleterious,0.0
BRCA1,NM_007294.4,ENST00000489037,c.53T>G,deleterious,0.0
BRCA1,NM_007294.4,ENST00000357654,c.4185G>C,deleterious,0.0
BRCA1,NM_007294.4,ENST00000357654,c.5215G>T,deleterious,0.0
CFTR,NM_000492.4,ENST00000699598,c.4004T>C,deleterious_low_confidence,0.0
MLH1,NM_000249.4,ENST00000673673,c.1667G>A,deleterious,0.0
MLH1,NM_000249.4,ENST00000616768,c.1757C>A,deleterious,0.0
PTEN,NM_000314.8,ENST00000688308,c.1078A>G,tolerated,0.07
BRCA2,NM_000059.4,ENST00000544455,c.7415A>C,tolerated,0.09
TP53,NM_000546.6,ENST00000413465,c.517G>T,deleterious,0.0
TP53,NM_000546.6,ENST00000413465,c.722C>A,deleterious,0.0
BRCA2,NM_000059.4,ENST00000544455,c.2T>A,deleterious,0.0
CDH1,NM_004360.5,ENST00000261769,c.1004G>A,deleterious,0.0
BRCA1,NM_007294.4,ENST00000489037,c.5137G>T,deleterious,0.0
BRCA1,NM_007294.4,ENST00000357654,c.5366C>A,deleterious,0.0
BRCA1,NM_007294.4,ENST00000357654,c.5217T>G,deleterious,0.02
BRCA1,NM_007294.4,ENST00000357654,c.4921G>A,tolerated,0.08
BRCA2,NM_000059.4,ENST00000544455,c.2872A>G,tolerated,0.05
MLH1,NM_000249.4,ENST00000673673,c.731G>A,deleterious,0.0
MLH1,NM_000249.4,ENST00000616768,c.1865T>A,deleterious,0.0
CFTR,NM_000492.4,ENST00000699598,c.1682C>A,deleterious_low_confidence,0.01
CFTR,NM_000492.4,ENST00000699596,c.1475C>T,deleterious_low_confidence,0.0
TP53,NM_000546.6,ENST00000359597,c.935C>G,tolerated,0.52
TP53,NM_000546.6,ENST00000413465,c.145G>C,tolerated,0.19
PTEN,NM_000314.8,ENST00000688308,c.388C>G,deleterious,0.0
BRCA1,NM_007294.4,ENST00000489037,c.5509T>A,deleterious_low_confidence,0.02
BRCA1,NM_007294.4,ENST00000489037,c.5060T>G,deleterious,0.0
BRCA1,NM_007294.4,ENST00000357654,c.5075A>C,deleterious,0.0
BRCA1,NM_007294.4,ENST00000357654,c.5072C>G,deleterious,0.0
BRCA1,NM_007294.4,ENST00000489037,c.3724A>G,tolerated,0.15
BRCA1,NM_007294.4,ENST00000357654,c.1418A>T,deleterious,0.0
MLH1,NM_000249.4,ENST00000673673,c.1919C>T,tolerated,0.17
BRCA2,NM_000059.4,ENST00000544455,c.1A>G,deleterious,0.0
BRAF,NM_004333.6,ENST00000496384,c.1914T>G,deleterious_low_confidence,0.0
BRCA1,NM_007294.4,ENST00000357654,c.5382G>C,deleterious,0.04
BRCA1,NM_007294.4,ENST00000489037,c.3818A>G,deleterious,0.04
CDH1,NM_004360.5,ENST00000261769,c.2638G>A,deleterious,0.01
TP53,NM_000546.6,ENST00000635293,c.856G>A,tolerated,0.23
TP53,NM_000546.6,ENST00000413465,c.374C>G,deleterious,0.01
BRCA2,NM_000059.4,ENST00000544455,c.1354C>A,tolerated,0.2
TP53,NM_000546.6,ENST00000413465,c.734G>T,deleterious,0.0
TSC2,NM_000548.5,ENST00000643088,c.3422C>T,deleterious_low_confidence,0.0
MLH1,NM_000249.4,ENST00000673673,c.1136A>G,deleterious,0.03
CFTR,NM_000492.4,ENST00000699598,c.3737C>T,deleterious_low_confidence,0.0
PIK3CA,NM_006218.4,ENST00000263967,c.1258T>C,deleterious,0.01
BRCA1,NM_007294.4,ENST00000489037,c.5153G>A,tolerated,0.05
CFTR,NM_000492.4,ENST00000699598,c.1705T>G,deleterious_low_confidence,0.0
CFTR,NM_000492.4,ENST00000699596,c.1400T>C,deleterious_low_confidence,0.0
CFTR,NM_000492.4,ENST00000699598,c.1687T>A,deleterious_low_confidence,0.0
TP53,NM_000546.6,ENST00000413465,c.736A>G,deleterious,0.0
TP53,NM_000546.6,ENST00000413465,c.329G>C,deleterious,0.03
BRCA1,NM_007294.4,ENST00000357654,c.5522G>T,deleterious,0.0
TP53,NM_000546.6,ENST00000413465,c.817C>A,deleterious_low_confidence,0.0
BRCA2,NM_000059.4,ENST00000544455,c.8486A>C,deleterious,0.0
BRCA2,NM_000059.4,ENST00000544455,c.7880T>A,deleterious,0.0
BRCA2,NM_000059.4,ENST00000544455,c.7802A>G,deleterious,0.0
BRCA2,NM_000059.4,ENST00000544455,c.91T>C,deleterious,0.0
BRCA2,NM_000059.4,ENST00000544455,c.8171G>T,deleterious,0.0
BRCA1,NM_007294.4,ENST00000489037,c.901A>C,deleterious,0.0
FGFR3,NM_000142.5,ENST00000440486,c.1948A>G,deleterious_low_confidence,0.0
CDH1,NM_004360.5,ENST00000261769,c.2635G>A,deleterious,0.01
BRCA1,NM_007294.4,ENST00000357654,c.4840C>T,tolerated,0.32
BRCA1,NM_007294.4,ENST00000478531,c.463C>G,deleterious,0.02
BRCA1,NM_007294.4,ENST00000357654,c.1924G>C,deleterious,0.0
CDH1,NM_004360.5,ENST00000261769,c.214G>A,tolerated,0.07
PTEN,NM_000314.8,ENST00000688308,c.464A>G,deleterious,0.0
MLH1,NM_000249.4,ENST00000673673,c.332C>T,deleterious,0.0
MLH1,NM_000249.4,ENST00000673673,c.1976G>C,deleterious,0.01
BRCA1,NM_007294.4,ENST00000357654,c.5242G>C,deleterious,0.0
PIK3CA,NM_006218.4,ENST00000263967,c.1624G>A,deleterious,0.0
BRCA2,NM_000059.4,ENST00000544455,c.9043A>G,deleterious,0.01
BRAF,NM_004333.6,ENST00000496384,c.722C>T,deleterious_low_confidence,0.0
CFTR,NM_000492.4,ENST00000699598,c.4046G>A,deleterious_low_confidence,0.0
CFTR,NM_000492.4,ENST00000699598,c.3873G>C,deleterious_low_confidence,0.0
TP53,NM_000546.6,ENST00000413465,c.145G>A,tolerated,0.13
TP53,NM_000546.6,ENST00000413465,c.214C>G,tolerated,0.49
BRCA1,NM_007294.4,ENST00000357654,c.5324T>A,deleterious,0.0
BRCA1,NM_007294.4,ENST00000357654,c.5572A>C,tolerated,0.2
BRCA1,NM_007294.4,ENST00000478531,c.716A>G,deleterious,0.04
BRCA1,NM_007294.4,ENST00000478531,c.305C>G,tolerated,0.15
MLH1,NM_000249.4,ENST00000673673,c.974G>A,tolerated,0.21
TP53,NM_000546.6,ENST00000413465,c.28G>A,tolerated,0.83
BRCA1,NM_007294.4,ENST00000357654,c.5090G>T,deleterious,0.0
BRCA1,NM_007294.4,ENST00000357654,c.5557T>C,deleterious,0.0
BRCA1,NM_007294.4,ENST00000489037,c.5259A>T,tolerated,0.49
BRCA1,NM_007294.4,ENST00000489037,c.5259A>C,tolerated,0.49
TP53,NM_000546.6,ENST00000413465,c.523C>G,deleterious,0.0
CFTR,NM_000492.4,ENST00000699598,c.1826A>G,deleterious_low_confidence,0.0
CFTR,NM_000492.4,ENST00000699598,c.3197G>A,deleterious_low_confidence,0.0
BRCA1,NM_007294.4,ENST00000497488,c.2T>C,tolerated,0.1
BRCA1,NM_007294.4,ENST00000357654,c.5557T>A,deleterious,0.0
BRCA1,NM_007294.4,ENST00000357654,c.5527G>C,deleterious,0.0
BRCA1,NM_007294.4,ENST00000357654,c.5242G>T,deleterious,0.0
TP53,NM_000546.6,ENST00000413465,c.842A>T,deleterious_low_confidence,0.0
TP53,NM_000546.6,ENST00000413465,c.481G>A,deleterious,0.0
BRCA1,NM_007294.4,ENST00000357654,c.5415C>T,tolerated_low_confidence,0.27
BRCA1,NM_007294.4,ENST00000357654,c.5566C>T,tolerated,0.28
BRCA2,NM_000059.4,ENST00000544455,c.4046T>C,deleterious,0.03
TSC1,NM_000368.5,ENST00000643625,c.1760A>G,tolerated,0.11
TSC2,NM_000548.5,ENST00000643088,c.1378G>A,deleterious_low_confidence,0.0
TSC2,NM_000548.5,ENST00000382538,c.3914C>T,deleterious_low_confidence,0.0
TSC2,NM_000548.5,ENST00000643088,c.1747G>A,deleterious_low_confidence,0.0
CFTR,NM_000492.4,ENST00000699596,c.1438G>T,deleterious_low_confidence,0.0
TP53,NM_000546.6,ENST00000413465,c.700T>C,deleterious,0.0
BRCA1,NM_007294.4,ENST00000489037,c.133A>C,deleterious,0.01
BRCA1,NM_007294.4,ENST00000497488,c.2884G>A,tolerated,0.06
BRCA1,NM_007294.4,ENST00000478531,c.1001C>T,tolerated,0.18
MLH1,NM_000249.4,ENST00000231790,c.2042C>T,deleterious,0.0
MLH1,NM_000249.4,ENST00000673673,c.199G>C,deleterious,0.0
CFTR,NM_000492.4,ENST00000699596,c.571T>G,deleterious_low_confidence,0.0
CFTR,NM_000492.4,ENST00000699596,c.613C>T,deleterious_low_confidence,0.0
CFTR,NM_000492.4,ENST00000699596,c.377G>A,deleterious_low_confidence,0.0
BRCA1,NM_007294.4,ENST00000478531,c.139T>G,deleterious,0.0
TP53,NM_000546.6,ENST00000413465,c.734G>A,deleterious,0.0
TP53,NM_000546.6,ENST00000413465,c.772G>A,deleterious,0.0
BRCA2,NM_000059.4,ENST00000544455,c.9284A>G,deleterious,0.0
MLH1,NM_000249.4,ENST00000231790,c.1943C>T,deleterious,0.0
BRCA1,NM_007294.4,ENST00000478531,c.287A>G,deleterious,0.0
BRCA1,NM_007294.4,ENST00000489037,c.115T>G,deleterious,0.0
BRCA1,NM_007294.4,ENST00000357654,c.5252G>C,deleterious,0.0
BRCA1,NM_007294.4,ENST00000489037,c.117T>G,deleterious,0.0
TSC2,NM_000548.5,ENST00000643088,c.2714G>A,deleterious_low_confidence,0.0
CFTR,NM_000492.4,ENST00000699598,c.3299A>C,deleterious_low_confidence,0.02
CFTR,NM_000492.4,ENST00000699598,c.1766G>A,tolerated_low_confidence,0.12
CFTR,NM_000492.4,ENST00000699598,c.2738A>G,deleterious_low_confidence,0.0
TP53,NM_000546.6,ENST00000413465,c.422G>A,deleterious,0.0
TP53,NM_000546.6,ENST00000413465,c.701A>G,deleterious,0.0
BRCA1,NM_007294.4,ENST00000357654,c.4081A>C,deleterious,0.02
BRCA1,NM_007294.4,ENST00000357654,c.3797G>C,tolerated,0.09
BRCA1,NM_007294.4,ENST00000357654,c.2428A>T,deleterious,0.0
BRCA1,NM_007294.4,ENST00000357654,c.1834A>G,deleterious,0.01
BRCA1,NM_007294.4,ENST00000357654,c.5412C>T,tolerated_low_confidence,0.79
MLH1,NM_000249.4,ENST00000673673,c.109G>A,deleterious,0.0
PTEN,NM_000314.8,ENST00000688308,c.882T>G,tolerated,0.05
CDH1,NM_004360.5,ENST00000261769,c.1417G>A,tolerated,0.09
VHL,NM_000551.4,ENST00000256474,c.500G>A,deleterious,0.03
BRCA1,NM_007294.4,ENST00000489037,c.121C>G,deleterious,0.0
BRCA1,NM_007294.4,ENST00000357654,c.5339T>A,deleterious,0.0
TP53,NM_000546.6,ENST00000413465,c.329G>A,tolerated,0.22
BRCA1,NM_007294.4,ENST00000489037,c.72T>G,deleterious,0.0
BRCA1,NM_007294.4,ENST00000489037,c.130T>C,deleterious,0.0
BRCA1,NM_007294.4,ENST00000497488,c.1458T>A,deleterious,0.0
CFTR,NM_000492.4,ENST00000699598,c.3731G>A,deleterious_low_confidence,0.0
CFTR,NM_000492.4,ENST00000699598,c.3752G>A,deleterious_low_confidence,0.0
BRCA1,NM_007294.4,ENST00000478531,c.139T>C,deleterious,0.0
TP53,NM_000546.6,ENST00000413465,c.641A>G,deleterious,0.01
BRCA1,NM_007294.4,ENST00000357654,c.2525A>G,deleterious,0.03
BRCA1,NM_007294.4,ENST00000497488,c.508C>T,deleterious,0.0
BRCA1,NM_007294.4,ENST00000357654,c.3082C>T,deleterious,0.04
BRCA1,NM_007294.4,ENST00000497488,c.2735A>G,deleterious,0.03
TSC2,NM_000548.5,ENST00000219476,c.5321G>C,tolerated_low_confidence,1.0
TSC2,NM_000548.5,ENST00000643088,c.275A>T,deleterious_low_confidence,0.0
CDH1,NM_004360.5,ENST00000261769,c.1888C>G,deleterious,0.02
MLH1,NM_000249.4,ENST00000616768,c.1989G>T,tolerated,0.38
TP53,NM_000546.6,ENST00000413465,c.464C>A,deleterious,0.01
TP53,NM_000546.6,ENST00000359597,c.832C>T,deleterious,0.02
TP53,NM_000546.6,ENST00000413465,c.713G>T,deleterious,0.0
MTOR,NM_004958.4,ENST00000703143,c.5395G>A,deleterious_low_confidence,0.04
MLH1,NM_000249.4,ENST00000673673,c.230G>A,deleterious,0.0
TP53,NM_000546.6,ENST00000413465,c.730G>A,deleterious,0.0
TP53,NM_000546.6,ENST00000413465,c.733G>T,deleterious,0.0
CFTR,NM_000492.4,ENST00000673785,c.293A>G,deleterious_low_confidence,0.0
CFTR,NM_000492.4,ENST00000699598,c.2909G>A,deleterious_low_confidence,0.0
CFTR,NM_000492.4,ENST00000699598,c.3700A>G,tolerated_low_confidence,1.0
CFTR,NM_000492.4,ENST00000699598,c.1721C>A,deleterious_low_confidence,0.0
CDH1,NM_004360.5,ENST00000261769,c.1018A>G,tolerated,0.07
MLH1,NM_000249.4,ENST00000673673,c.677G>T,deleterious,0.02
BRCA1,NM_007294.4,ENST00000357654,c.5445G>A,tolerated_low_confidence,0.09
BRCA1,NM_007294.4,ENST00000478531,c.2180C>T,tolerated,0.1
BRCA1,NM_007294.4,ENST00000357654,c.3130A>G,tolerated,0.51
MLH1,NM_000249.4,ENST00000616768,c.1742C>T,deleterious,0.03
BRCA2,NM_000059.4,ENST00000544455,c.7188G>T,tolerated,0.27
BRCA1,NM_007294.4,ENST00000478531,c.212G>T,deleterious,0.0
BRCA2,NM_000059.4,ENST00000544455,c.663T>G,tolerated,0.06
TP53,NM_000546.6,ENST00000635293,c.1096T>G,deleterious_low_confidence,0.04
PTEN,NM_000314.8,ENST00000688308,c.518G>A,deleterious,0.0
PTEN,NM_000314.8,ENST00000688308,c.386G>A,deleterious,0.0
BRCA1,NM_007294.4,ENST00000357654,c.5251C>G,deleterious,0.02
TP53,NM_000546.6,ENST00000359597,c.845G>C,deleterious,0.0
BRCA1,NM_007294.4,ENST00000497488,c.80G>A,tolerated,1.0
BRCA2,NM_000059.4,ENST00000544455,c.7876T>C,deleterious,0.0
BRCA2,NM_000059.4,ENST00000544455,c.2T>C,deleterious,0.0
TP53,NM_000546.6,ENST00000413465,c.760A>G,deleterious,0.0
BRCA1,NM_007294.4,ENST00000357654,c.5309G>T,deleterious,0.0
BRCA1,NM_007294.4,ENST00000357654,c.4255G>C,deleterious,0.04
BRCA1,NM_007294.4,ENST00000489037,c.397C>T,tolerated,0.16
CFTR,NM_000492.4,ENST00000699598,c.1679G>C,deleterious_low_confidence,0.0
BRCA2,NM_000059.4,ENST00000544455,c.9227G>T,deleterious,0.0
BRCA1,NM_007294.4,ENST00000357654,c.5116G>C,deleterious,0.0
BRCA2,NM_000059.4,ENST00000544455,c.9226G>A,deleterious,0.0
BRCA2,NM_000059.4,ENST00000544455,c.7876T>A,deleterious,0.0
BRCA1,NM_007294.4,ENST00000357654,c.5521A>C,deleterious,0.0
CFTR,NM_000492.4,ENST00000699598,c.1673T>C,deleterious_low_confidence,0.01
BRCA1,NM_007294.4,ENST00000489037,c.5053A>G,deleterious,0.0
BRCA1,NM_007294.4,ENST00000357654,c.2758G>A,tolerated,0.14
BRCA1,NM_007294.4,ENST00000357654,c.1105G>A,tolerated,0.06
PTEN,NM_000314.8,ENST00000688308,c.389G>A,deleterious,0.0
TP53,NM_000546.6,ENST00000413465,c.578A>G,deleterious,0.0
TP53,NM_000546.6,ENST00000413465,c.814G>T,deleterious_low_confidence,0.0
MLH1,NM_000249.4,ENST00000673673,c.793C>A,deleterious,0.0
BRCA2,NM_000059.4,ENST00000544455,c.9175A>G,deleterious,0.01
CFTR,NM_000492.4,ENST00000699598,c.3302T>A,deleterious_low_confidence,0.0
CFTR,NM_000492.4,ENST00000699598,c.1651G>A,deleterious_low_confidence,0.0
BRCA1,NM_007294.4,ENST00000357654,c.5360G>A,deleterious,0.0
BRCA1,NM_007294.4,ENST00000357654,c.5096G>T,deleterious,0.0
BRCA1,NM_007294.4,ENST00000497488,c.2T>G,deleterious,0.01
TP53,NM_000546.6,ENST00000413465,c.451C>T,deleterious,0.01
BRCA1,NM_007294.4,ENST00000489037,c.131G>A,deleterious,0.0
BRCA1,NM_007294.4,ENST00000357654,c.4402A>C,deleterious,0.03
BRCA1,NM_007294.4,ENST00000357654,c.4046C>T,deleterious,0.02
BRCA1,NM_007294.4,ENST00000489037,c.5297T>C,deleterious,0.0
BRCA1,NM_007294.4,ENST00000489037,c.132C>G,deleterious,0.0
MLH1,NM_000249.4,ENST00000673673,c.1040C>A,deleterious,0.02
TP53,NM_000546.6,ENST00000413465,c.535C>T,deleterious,0.0
BRCA2,NM_000059.4,ENST00000544455,c.10153C>T,tolerated,0.12
CFTR,NM_000492.4,ENST00000673785,c.2T>C,tolerated_low_confidence,0.1
BRCA2,NM_000059.4,ENST00000544455,c.5753A>G,tolerated,0.29
BRCA2,NM_000059.4,ENST00000544455,c.502C>A,deleterious,0.0
BRCA2,NM_000059.4,ENST00000544455,c.6143A>T,deleterious,0.0
BRCA2,NM_000059.4,ENST00000544455,c.167A>C,tolerated,0.41
FGFR3,NM_000142.5,ENST00000340107,c.746C>G,deleterious_low_confidence,0.0
BRAF,NM_004333.6,ENST00000496384,c.770A>G,deleterious_low_confidence,0.0
MLH1,NM_000249.4,ENST00000231790,c.2246T>C,deleterious,0.0
MLH1,NM_000249.4,ENST00000673673,c.1733A>G,deleterious,0.01
BRCA1,NM_007294.4,ENST00000497488,c.3G>T,deleterious,0.03
BRCA1,NM_007294.4,ENST00000357654,c.5207T>G,deleterious,0.0
BRCA1,NM_007294.4,ENST00000357654,c.5145C>G,deleterious,0.0
BRCA1,NM_007294.4,ENST00000489037,c.4985T>C,deleterious,0.0
BRCA1,NM_007294.4,ENST00000357654,c.3416G>T,deleterious,0.03
TSC2,NM_000548.5,ENST00000643088,c.1831C>T,deleterious_low_confidence,0.0
BRCA1,NM_007294.4,ENST00000357654,c.4750G>T,tolerated,0.28
CFTR,NM_000492.4,ENST00000699596,c.532G>A,deleterious_low_confidence,0.0
CFTR,NM_000492.4,ENST00000699596,c.1055G>A,deleterious_low_confidence,0.0
BRCA1,NM_007294.4,ENST00000357654,c.5213G>T,deleterious,0.0
BRCA1,NM_007294.4,ENST00000497488,c.191G>C,tolerated,0.16
BRCA1,NM_007294.4,ENST00000357654,c.5058T>A,deleterious,0.0
PTEN,NM_000314.8,ENST00000688308,c.517C>T,deleterious,0.0
MLH1,NM_000249.4,ENST00000674111,c.1918C>T,tolerated,0.08
MLH1,NM_000249.4,ENST00000673673,c.1151T>A,deleterious,0.01
FGFR3,NM_000142.5,ENST00000440486,c.1620C>A,deleterious_low_confidence,0.0
BRCA1,NM_007294.4,ENST00000489037,c.5509T>G,deleterious_low_confidence,0.01
BRCA1,NM_007294.4,ENST00000489037,c.5198A>G,deleterious,0.01
BRCA1,NM_007294.4,ENST00000357654,c.4204C>T,deleterious,0.02
BRCA1,NM_007294.4,ENST00000357654,c.2083G>T,deleterious,0.0
BRCA1,NM_007294.4,ENST00000357654,c.4816A>G,deleterious,0.04
BRCA1,NM_007294.4,ENST00000357654,c.2155A>G,tolerated,0.1
TP53,NM_000546.6,ENST00000413465,c.731G>A,deleterious,0.0
TSC2,NM_000548.5,ENST00000219476,c.3986G>A,tolerated_low_confidence,0.14
TSC2,NM_000548.5,ENST00000643088,c.2713C>T,deleterious_low_confidence,0.0
BRCA1,NM_007294.4,ENST00000497488,c.71G>A,deleterious,0.05
CDH1,NM_004360.5,ENST00000261769,c.2413G>A,deleterious,0.03
PTEN,NM_000314.8,ENST00000688308,c.202T>C,deleterious,0.0
BRCA1,NM_007294.4,ENST00000357654,c.5363G>C,deleterious,0.0
BRCA1,NM_007294.4,ENST00000497488,c.3302G>A,tolerated,0.52
BRCA1,NM_007294.4,ENST00000357654,c.3327A>C,deleterious,0.03
BRCA2,NM_000059.4,ENST00000544455,c.3916G>A,tolerated,0.09
PTEN,NM_000314.8,ENST00000688308,c.892C>G,tolerated,0.58
MLH1,NM_000249.4,ENST00000673673,c.394G>C,deleterious,0.0
BRCA2,NM_000059.4,ENST00000544455,c.8165C>A,deleterious,0.0
MLH1,NM_000249.4,ENST00000616768,c.1808C>G,deleterious,0.0
TSC2,NM_000548.5,ENST00000219476,c.4285G>T,tolerated_low_confidence,0.77
BRCA2,NM_000059.4,ENST00000544455,c.3G>T,deleterious,0.0
MLH1,NM_000249.4,ENST00000673673,c.250A>G,deleterious,0.0
BRCA2,NM_000059.4,ENST00000544455,c.796T>C,tolerated,1.0
BRCA1,NM_007294.4,ENST00000489037,c.70T>G,deleterious,0.0
BRCA1,NM_007294.4,ENST00000489037,c.70T>A,deleterious,0.0
BRCA1,NM_007294.4,ENST00000497488,c.110C>G,tolerated,0.22
BRCA1,NM_007294.4,ENST00000357654,c.5511G>C,deleterious,0.0
BRCA1,NM_007294.4,ENST00000357654,c.5291T>C,deleterious,0.0
BRCA1,NM_007294.4,ENST00000478531,c.140G>A,deleterious,0.0
BRCA1,NM_007294.4,ENST00000489037,c.1233T>G,tolerated,0.25
MLH1,NM_000249.4,ENST00000231790,c.2146G>A,deleterious,0.01
MLH1,NM_000249.4,ENST00000673673,c.655A>G,tolerated,0.44
FGFR2,NM_000141.5,ENST00000358487,c.755C>G,deleterious_low_confidence,0.0
BRCA2,NM_000059.4,ENST00000544455,c.10121C>T,deleterious,0.01
MLH1,NM_000249.4,ENST00000673673,c.1667G>C,tolerated,0.09
BRCA1,NM_007294.4,ENST00000489037,c.131G>C,deleterious,0.03
PIK3CA,NM_006218.4,ENST00000263967,c.3140A>T,tolerated,0.07
MLH1,NM_000249.4,ENST00000673972,c.2066A>G,tolerated,0.48
MLH1,NM_000249.4,ENST00000673673,c.637G>A,deleterious,0.03
TP53,NM_000546.6,ENST00000413465,c.646G>A,deleterious,0.0
BRCA1,NM_007294.4,ENST00000497488,c.3G>A,deleterious,0.03
BRCA1,NM_007294.4,ENST00000357654,c.5258G>C,deleterious,0.02
BRCA1,NM_007294.4,ENST00000489037,c.5216A>T,deleterious,0.0
BRCA2,NM_000059.4,ENST00000544455,c.8850G>C,deleterious,0.0
BRCA1,NM_007294.4,ENST00000497488,c.122A>G,tolerated,0.1
BRCA1,NM_007294.4,ENST00000357654,c.5576C>G,deleterious_low_confidence,0.01
BRCA1,NM_007294.4,ENST00000497488,c.1703C>T,deleterious,0.0
BRCA1,NM_007294.4,ENST00000357654,c.1511G>A,tolerated,0.09
BRCA1,NM_007294.4,ENST00000497488,c.4520G>C,tolerated,0.13
CFTR,NM_000492.4,ENST00000699598,c.1853T>C,deleterious_low_confidence,0.0
MLH1,NM_000249.4,ENST00000673673,c.304G>A,deleterious,0.0
BRCA2,NM_000059.4,ENST00000544455,c.1513A>G,tolerated,0.25
BRCA2,NM_000059.4,ENST00000544455,c.8662C>T,tolerated,0.13
BRCA2,NM_000059.4,ENST00000544455,c.6455C>A,deleterious,0.0
BRCA2,NM_000059.4,ENST00000544455,c.2698A>G,tolerated,0.36
BRCA2,NM_000059.4,ENST00000544455,c.3304A>T,deleterious,0.01
CFTR,NM_000492.4,ENST00000699598,c.1647T>G,deleterious_low_confidence,0.0
CFTR,NM_000492.4,ENST00000699596,c.1040G>A,deleterious_low_confidence,0.0
CFTR,NM_000492.4,ENST00000699598,c.1675G>A,deleterious_low_confidence,0.0
VHL,NM_000551.4,ENST00000256474,c.241C>T,tolerated,0.09
PTEN,NM_000314.8,ENST00000688308,c.406T>C,deleterious,0.0
TP53,NM_000546.6,ENST00000413465,c.747G>T,deleterious,0.01
TP53,NM_000546.6,ENST00000359597,c.892G>A,tolerated,0.62
MLH1,NM_000249.4,ENST00000673673,c.244A>G,deleterious,0.0
CDH1,NM_004360.5,ENST00000261769,c.892G>A,deleterious,0.0
TSC2,NM_000548.5,ENST00000219476,c.5227C>T,deleterious_low_confidence,0.0
BRCA1,NM_007294.4,ENST00000357654,c.823G>A,deleterious,0.01
BRCA1,NM_007294.4,ENST00000357654,c.5158A>G,deleterious,0.03
BRCA1,NM_007294.4,ENST00000357654,c.3541G>A,tolerated,0.18
BRCA1,NM_007294.4,ENST00000357654,c.2597G>A,deleterious,0.01
BRCA1,NM_007294.4,ENST00000489037,c.827C>G,deleterious,0.0
BRCA1,NM_007294.4,ENST00000357654,c.5057A>G,deleterious,0.0
BRCA1,NM_007294.4,ENST00000489037,c.53T>A,deleterious,0.0
BRCA1,NM_007294.4,ENST00000357654,c.5511G>T,deleterious,0.0
BRCA1,NM_007294.4,ENST00000357654,c.5585A>T,deleterious_low_confidence,0.0
BRCA1,NM_007294.4,ENST00000357654,c.5282T>C,deleterious,0.0
BRCA1,NM_007294.4,ENST00000497488,c.4232T>C,deleterious,0.0
BRCA1,NM_007294.4,ENST00000357654,c.2935C>T,tolerated,0.12
BRCA2,NM_000059.4,ENST00000544455,c.2927C>T,deleterious,0.05
BRCA2,NM_000059.4,ENST00000544455,c.122C>T,tolerated,0.16
BRCA2,NM_000059.4,ENST00000544455,c.1141G>A,tolerated,0.11
TP53,NM_000546.6,ENST00000413465,c.395A>G,deleterious,0.0
BRCA2,NM_000059.4,ENST00000544455,c.2755G>A,tolerated,0.12
BRCA2,NM_000059.4,ENST00000544455,c.3839A>T,deleterious,0.0
BRCA2,NM_000059.4,ENST00000544455,c.4094G>A,tolerated,1.0
TP53,NM_000546.6,ENST00000413465,c.584T>C,deleterious,0.02
PTEN,NM_000314.8,ENST00000688308,c.1061C>A,deleterious,0.01
BRCA1,NM_007294.4,ENST00000357654,c.5054C>T,deleterious,0.0
BRCA1,NM_007294.4,ENST00000489037,c.5297T>G,deleterious,0.0
TSC2,NM_000548.5,ENST00000643088,c.856A>G,deleterious_low_confidence,0.0
TP53,NM_000546.6,ENST00000413465,c.704A>G,deleterious,0.02
TP53,NM_000546.5,ENST00000413465,c.319T>C,tolerated,0.63
CFTR,NM_000492.4,ENST00000699598,c.2834C>T,deleterious_low_confidence,0.0
CFTR,NM_000492.4,ENST00000699598,c.1645A>C,deleterious_low_confidence,0.0
TP53,NM_000546.6,ENST00000359597,c.797G>A,deleterious,0.01
TP53,NM_000546.6,ENST00000413465,c.469G>T,deleterious,0.0
CDH1,NM_004360.5,ENST00000261769,c.715G>A,deleterious,0.0
BRCA1,NM_007294.4,ENST00000357654,c.5116G>A,deleterious,0.0
CFTR,NM_000492.4,ENST00000699596,c.1040G>C,deleterious_low_confidence,0.0
BRCA1,NM_007294.4,ENST00000357654,c.3601G>A,tolerated,0.45
BRCA1,NM_007294.4,ENST00000489037,c.5362G>T,deleterious,0.03
BRCA2,NM_000059.4,ENST00000544455,c.3575T>G,deleterious,0.03
BRCA2,NM_000059.4,ENST00000544455,c.1181A>C,deleterious,0.03
BRCA2,NM_000059.4,ENST00000544455,c.1123C>T,tolerated,0.07
BRCA2,NM_000059.4,ENST00000544455,c.8764A>G,deleterious,0.0
BRCA2,NM_000059.4,ENST00000544455,c.1810A>G,tolerated,0.1
BRCA1,NM_007294.4,ENST00000357654,c.5144G>A,deleterious,0.0
BRCA1,NM_007294.4,ENST00000478531,c.1616C>T,tolerated,0.09
BRCA1,NM_007294.4,ENST00000357654,c.4955T>C,deleterious,0.0
BRCA2,NM_000059.4,ENST00000544455,c.9285C>A,deleterious,0.0
TSC2,NM_000548.5,ENST00000219476,c.5228G>A,deleterious_low_confidence,0.0
TP53,NM_000546.6,ENST00000359597,c.869G>A,tolerated,0.42
TP53,NM_000546.6,ENST00000610538,c.1079G>C,deleterious,0.03
TP53,NM_000546.6,ENST00000413465,c.455C>T,deleterious,0.01
CDH1,NM_004360.5,ENST00000261769,c.1225T>C,deleterious,0.0
BRCA1,NM_007294.4,ENST00000357654,c.5090G>A,deleterious,0.0
BRCA1,NM_007294.4,ENST00000357654,c.5143A>T,deleterious,0.0
BRCA1,NM_007294.4,ENST00000357654,c.5531T>G,deleterious,0.01
BRCA1,NM_007294.4,ENST00000357654,c.3640G>A,deleterious,0.0
BRCA1,NM_007294.4,ENST00000478531,c.425C>A,deleterious,0.02
BRCA1,NM_007294.4,ENST00000357654,c.2669G>T,tolerated,0.36
BRCA2,NM_000059.4,ENST00000544455,c.2987T>G,tolerated,0.05
BRCA1,NM_007294.4,ENST00000357654,c.4766G>A,tolerated,1.0
MLH1,NM_000249.4,ENST00000616768,c.1820T>A,deleterious,0.0
TSC2,NM_000548.5,ENST00000643946,c.5024C>T,deleterious_low_confidence,0.03
BRCA2,NM_000059.4,ENST00000544455,c.2926T>A,tolerated,0.31
CFTR,NM_000492.4,ENST00000699596,c.349C>G,deleterious_low_confidence,0.0
BRCA2,NM_000059.4,ENST00000544455,c.7826G>A,deleterious,0.0
BRCA1,NM_007294.4,ENST00000357654,c.4675G>A,deleterious,0.0
BRCA1,NM_007294.4,ENST00000489037,c.3022A>G,tolerated,0.14
BRCA1,NM_007294.4,ENST00000497488,c.427G>A,tolerated,0.13
BRCA1,NM_007294.4,ENST00000357654,c.2773A>C,tolerated,0.09
BRCA1,NM_007294.4,ENST00000357654,c.2351C>T,deleterious,0.0
CDH1,NM_004360.5,ENST00000261769,c.1409C>T,deleterious,0.0
MLH1,NM_000249.4,ENST00000673673,c.65G>C,deleterious,0.0
BRCA1,NM_007294.4,ENST00000497488,c.122A>T,tolerated,0.12
BRCA1,NM_007294.4,ENST00000489037,c.5254G>C,deleterious,0.0
BRCA1,NM_007294.4,ENST00000478531,c.181T>C,deleterious,0.0
BRCA2,NM_000059.4,ENST00000544455,c.4779A>C,tolerated,0.06
TP53,NM_000546.6,ENST00000413465,c.139C>T,tolerated,0.16
BRCA1,NM_007294.4,ENST00000489037,c.5456A>G,deleterious,0.01
CFTR,NM_000492.4,ENST00000699598,c.3196C>T,deleterious_low_confidence,0.0
MLH1,NM_000249.4,ENST00000231790,c.2101C>A,tolerated,0.34
BRCA1,NM_007294.4,ENST00000357654,c.4910C>T,deleterious,0.03
TP53,NM_000546.6,ENST00000359597,c.844C>G,deleterious,0.02
CFTR,NM_000492.4,ENST00000699596,c.1408G>A,tolerated_low_confidence,1.0
TP53,NM_000546.6,ENST00000413465,c.329G>T,tolerated,0.08
VHL,NM_000551.4,ENST00000256474,c.292T>C,deleterious,0.0
BRCA2,NM_000059.4,ENST00000544455,c.8168A>C,deleterious,0.0
BRCA2,NM_000059.4,ENST00000544455,c.322A>C,tolerated,0.15
BRCA2,NM_000059.4,ENST00000544455,c.6748A>G,tolerated,0.06
BRCA1,NM_007294.4,ENST00000489037,c.70T>C,deleterious,0.0
BRCA1,NM_007294.4,ENST00000497488,c.116G>T,deleterious,0.01
BRCA1,NM_007294.4,ENST00000478531,c.212G>C,deleterious,0.0
BRCA1,NM_007294.4,ENST00000357654,c.3600G>T,deleterious,0.03
BRCA1,NM_007294.4,ENST00000497488,c.946A>G,deleterious,0.01
BRCA1,NM_007294.4,ENST00000489037,c.641A>G,deleterious,0.04
TP53,NM_000546.6,ENST00000413465,c.817C>G,deleterious_low_confidence,0.0
CFTR,NM_000492.4,ENST00000699596,c.350G>T,deleterious_low_confidence,0.0
CFTR,NM_000492.4,ENST00000699598,c.1666A>G,tolerated_low_confidence,0.2
BRCA2,NM_000059.4,ENST00000544455,c.7307A>T,tolerated,0.08
BRCA2,NM_000059.4,ENST00000544455,c.4271C>G,tolerated,0.1
TP53,NM_000546.6,ENST00000413465,c.824G>A,deleterious_low_confidence,0.0
BRCA2,NM_000059.4,ENST00000544455,c.7978T>G,deleterious,0.02
BRCA1,NM_007294.4,ENST00000489037,c.65T>C,deleterious,0.0
BRCA1,NM_007294.4,ENST00000357654,c.5363G>T,deleterious,0.0
BRCA1,NM_007294.4,ENST00000357654,c.1036C>T,tolerated,0.6
CDH1,NM_004360.5,ENST00000261769,c.2494G>A,deleterious,0.0
BRCA2,NM_000059.4,ENST00000544455,c.9187C>T,tolerated,0.07
FGFR3,NM_000142.5,ENST00000340107,c.1620C>G,deleterious_low_confidence,0.0
BRCA1,NM_007294.4,ENST00000478531,c.2207A>C,deleterious,0.0
BRCA1,NM_007294.4,ENST00000357654,c.5432A>G,deleterious,0.0
CFTR,NM_000492.4,ENST00000699596,c.200C>T,deleterious_low_confidence,0.0
TSC2,NM_000548.5,ENST00000219476,c.5383C>T,deleterious_low_confidence,0.0
BRCA1,NM_007294.4,ENST00000357654,c.5117G>T,deleterious,0.0
BRCA1,NM_007294.4,ENST00000497488,c.4600G>A,deleterious,0.01
BRCA1,NM_007294.4,ENST00000357654,c.4132G>A,tolerated,0.37
BRCA1,NM_007294.4,ENST00000497488,c.3739G>A,tolerated,0.39
BRCA2,NM_000059.4,ENST00000544455,c.3568C>T,deleterious,0.0
BRCA2,NM_000059.4,ENST00000544455,c.1662T>G,deleterious,0.0
BRCA2,NM_000059.4,ENST00000544455,c.5552T>G,deleterious,0.03
CFTR,NM_000492.4,ENST00000699596,c.349C>T,deleterious_low_confidence,0.01
CFTR,NM_000492.4,ENST00000699596,c.328G>C,deleterious_low_confidence,0.0
BRCA1,NM_007294.4,ENST00000357654,c.5154G>T,deleterious,0.02
BRCA1,NM_007294.4,ENST00000489037,c.5141T>G,deleterious,0.02
BRCA2,NM_000059.4,ENST00000544455,c.7826G>T,deleterious,0.0
BRCA2,NM_000059.4,ENST00000544455,c.8057T>C,deleterious,0.0
MLH1,NM_000249.4,ENST00000231790,c.2252A>G,tolerated,0.13
BRCA2,NM_000059.4,ENST00000544455,c.5170A>G,tolerated,0.46
BRCA1,NM_007294.4,ENST00000357654,c.5089T>C,deleterious,0.0
BRCA1,NM_007294.4,ENST00000489037,c.396C>A,deleterious,0.01
BRCA1,NM_007294.4,ENST00000357654,c.3083G>A,tolerated,0.12
BRCA1,NM_007294.4,ENST00000357654,c.1534C>T,deleterious,0.0
CDH1,NM_004360.5,ENST00000261769,c.2512A>G,tolerated,0.55
BRCA2,NM_000059.4,ENST00000544455,c.9592T>C,tolerated,0.34
BRCA2,NM_000059.4,ENST00000544455,c.6338A>G,tolerated,0.08
BRCA2,NM_000059.4,ENST00000544455,c.3682A>G,deleterious,0.03
CDH1,NM_004360.5,ENST00000261769,c.670C>T,deleterious,0.0
BRCA1,NM_007294.4,ENST00000489037,c.121C>T,deleterious,0.0
BRCA1,NM_007294.4,ENST00000357654,c.5072C>A,deleterious,0.0
BRCA1,NM_007294.4,ENST00000357654,c.1486C>T,tolerated,0.38
MLH1,NM_000249.4,ENST00000616768,c.1853A>C,deleterious,0.0
TSC1,NM_000368.5,ENST00000643625,c.965T>C,tolerated,0.47
BRCA2,NM_000059.4,ENST00000544455,c.8242G>A,deleterious,0.0
BRCA2,NM_000059.4,ENST00000544455,c.7397T>C,tolerated,1.0
TP53,NM_000546.6,ENST00000359597,c.818G>T,deleterious,0.0
CFTR,NM_000492.4,ENST00000699596,c.617T>G,deleterious_low_confidence,0.0
BRCA1,NM_007294.4,ENST00000357654,c.5431C>T,deleterious_low_confidence,0.01
BRCA1,NM_007294.4,ENST00000497488,c.4636G>A,tolerated,0.17
BRCA1,NM_007294.4,ENST00000357654,c.3608G>A,tolerated,1.0
BRCA1,NM_007294.4,ENST00000357654,c.3713C>T,tolerated,0.1
CDH1,NM_004360.5,ENST00000261769,c.1849G>A,deleterious,0.0
PTEN,NM_000314.8,ENST00000688308,c.235G>A,tolerated,0.2
TP53,NM_000546.6,ENST00000413465,c.725G>A,deleterious,0.0
BRCA1,NM_007294.4,ENST00000357654,c.5213G>A,deleterious,0.0
TP53,NM_000546.6,ENST00000413465,c.713G>A,deleterious,0.0
TSC2,NM_000548.5,ENST00000643088,c.3598C>T,deleterious_low_confidence,0.0
MLH1,NM_000249.4,ENST00000673673,c.1217G>A,tolerated,0.29
MLH1,NM_000249.4,ENST00000673673,c.803A>G,deleterious,0.0
CFTR,NM_000492.4,ENST00000699596,c.695T>A,deleterious_low_confidence,0.0
CFTR,NM_000492.4,ENST00000699598,c.1646G>A,deleterious_low_confidence,0.0
BRCA2,NM_000059.4,ENST00000544455,c.5752C>T,tolerated,0.77
BRCA2,NM_000059.4,ENST00000544455,c.53G>A,deleterious,0.0
CFTR,NM_000492.4,ENST00000699596,c.254G>A,deleterious_low_confidence,0.0
BRCA1,NM_007294.4,ENST00000357654,c.3657G>C,deleterious,0.0
PIK3CA,NM_006218.4,ENST00000263967,c.3139C>T,tolerated,0.99
BRCA1,NM_007294.4,ENST00000357654,c.5408G>C,tolerated,0.13
BRCA1,NM_007294.4,ENST00000357654,c.4675G>C,tolerated,0.06
TSC2,NM_000548.5,ENST00000643088,c.1100G>A,deleterious_low_confidence,0.02
VHL,NM_000551.4,ENST00000256474,c.499C>T,deleterious,0.0
CFTR,NM_000492.4,ENST00000699596,c.1364C>A,deleterious_low_confidence,0.0
BRCA1,NM_007294.4,ENST00000478531,c.182G>A,deleterious,0.0
BRCA1,NM_007294.4,ENST00000357654,c.2584A>G,deleterious,0.0
BRCA1,NM_007294.4,ENST00000357654,c.2002C>T,tolerated,0.09
MLH1,NM_000249.4,ENST00000231790,c.2152C>T,deleterious,0.03
BRCA2,NM_000059.4,ENST00000544455,c.7975A>G,deleterious,0.0
BRCA2,NM_000059.4,ENST00000544455,c.4570T>G,deleterious,0.01
BRCA2,NM_000059.4,ENST00000544455,c.1804G>A,tolerated,0.15
BRCA2,NM_000059.4,ENST00000544455,c.1040A>G,deleterious,0.05
MLH1,NM_000249.4,ENST00000673673,c.1963A>G,tolerated,0.46
BRCA2,NM_000059.4,ENST00000544455,c.7987G>A,deleterious,0.0
TP53,NM_000546.6,ENST00000413465,c.427G>A,deleterious,0.0
BRCA1,NM_007294.4,ENST00000489037,c.2412G>C,tolerated,0.09
BRCA1,NM_007294.4,ENST00000489037,c.3296C>T,deleterious,0.01
CDH1,NM_004360.5,ENST00000261769,c.1774G>A,deleterious,0.02
BRCA1,NM_007294.4,ENST00000489037,c.5467G>A,deleterious,0.05
BRCA1,NM_007294.4,ENST00000357654,c.5453A>G,tolerated,0.06
BRCA1,NM_007294.4,ENST00000478531,c.212G>A,deleterious,0.0
MLH1,NM_000249.4,ENST00000673673,c.1321G>A,tolerated,0.32
BRCA2,NM_000059.4,ENST00000544455,c.2680G>A,tolerated,1.0
BRCA2,NM_000059.4,ENST00000544455,c.6290C>T,deleterious,0.0
BRCA1,NM_007294.4,ENST00000357654,c.5411T>A,tolerated,0.07
BRCA1,NM_007294.4,ENST00000357654,c.1789G>A,deleterious,0.04
PIK3CA,NM_006218.4,ENST00000263967,c.1633G>A,deleterious,0.0
CFTR,NM_000492.4,ENST00000699598,c.3095A>G,deleterious_low_confidence,0.0
BRCA2,NM_000059.4,ENST00000544455,c.8905G>A,deleterious,0.03
BRCA2,NM_000059.4,ENST00000544455,c.6953G>A,deleterious,0.0
PIK3CA,NM_006218.4,ENST00000263967,c.3140A>G,deleterious,0.0
BRCA1,NM_007294.4,ENST00000489037,c.130T>A,deleterious,0.03
BRCA1,NM_007294.4,ENST00000489037,c.5509T>C,tolerated_low_confidence,0.09
BRCA1,NM_007294.4,ENST00000489037,c.3823A>G,tolerated,0.07
BRCA1,NM_007294.4,ENST00000489037,c.4327C>G,tolerated,0.08
CFTR,NM_000492.4,ENST00000699596,c.1367T>C,deleterious_low_confidence,0.0
BRCA1,NM_007294.4,ENST00000357654,c.5243G>A,deleterious,0.0
BRCA2,NM_000059.4,ENST00000544455,c.3G>A,deleterious,0.0
BRCA2,NM_000059.4,ENST00000544455,c.7232A>C,deleterious,0.0
BRCA2,NM_000059.4,ENST00000544455,c.1798T>C,tolerated,0.29
TP53,NM_000546.6,ENST00000714357,c.1009C>T,tolerated,0.06
BRCA2,NM_000059.4,ENST00000544455,c.5879G>A,tolerated,0.17
CFTR,NM_000492.4,ENST00000699596,c.1000C>T,deleterious_low_confidence,0.0
BRCA2,NM_000059.4,ENST00000544455,c.8014A>G,deleterious,0.0
BRCA1,NM_007294.4,ENST00000357654,c.5212G>A,deleterious,0.0
BRCA1,NM_007294.4,ENST00000497488,c.571G>A,tolerated,0.08
MLH1,NM_000249.4,ENST00000673673,c.977T>C,deleterious,0.0
BRCA2,NM_000059.4,ENST00000544455,c.9509A>G,tolerated,0.09
BRCA2,NM_000059.4,ENST00000544455,c.5768A>C,tolerated,0.08
BRCA1,NM_007294.4,ENST00000357654,c.5558A>G,deleterious,0.0
BRCA1,NM_007294.4,ENST00000489037,c.115T>A,deleterious,0.0
BRCA1,NM_007294.4,ENST00000357654,c.5072C>T,deleterious,0.0
BRCA1,NM_007294.4,ENST00000357654,c.2522G>A,tolerated,1.0
BRCA1,NM_007294.4,ENST00000357654,c.5074G>C,deleterious,0.0
BRCA1,NM_007294.4,ENST00000357654,c.1865C>T,deleterious,0.05
BRCA1,NM_007294.4,ENST00000357654,c.3024G>A,tolerated,0.65
BRCA1,NM_007294.4,ENST00000357654,c.2596C>T,deleterious,0.0
TP53,NM_000546.6,ENST00000413465,c.722C>T,deleterious,0.0
BRCA2,NM_000059.4,ENST00000544455,c.8063T>C,deleterious,0.0
BRCA2,NM_000059.4,ENST00000544455,c.1124C>T,tolerated,0.08
BRCA2,NM_000059.4,ENST00000544455,c.8972G>A,deleterious,0.02
BRCA2,NM_000059.4,ENST00000544455,c.2T>G,deleterious,0.0
BRCA2,NM_000059.4,ENST00000544455,c.8525G>A,deleterious,0.0
BRCA2,NM_000059.4,ENST00000544455,c.5455C>T,tolerated,0.14
BRCA2,NM_000059.4,ENST00000544455,c.3581G>A,tolerated,0.07
BRCA2,NM_000059.4,ENST00000544455,c.6853A>G,deleterious,0.01
BRCA1,NM_007294.4,ENST00000357654,c.5434C>G,deleterious,0.01
BRCA1,NM_007294.4,ENST00000489037,c.2612C>T,deleterious,0.04
BRCA1,NM_007294.4,ENST00000357654,c.3600G>C,deleterious,0.03
FGFR3,NM_000142.5,ENST00000340107,c.749C>G,deleterious_low_confidence,0.01
TSC2,NM_000548.5,ENST00000643088,c.1832G>A,deleterious_low_confidence,0.0
CDH1,NM_004360.5,ENST00000261769,c.88C>A,deleterious,0.01
BRCA1,NM_007294.4,ENST00000357654,c.5117G>A,deleterious,0.0
BRCA1,NM_007294.4,ENST00000357654,c.3548A>G,tolerated,1.0
BRCA1,NM_007294.4,ENST00000357654,c.2077G>A,tolerated,0.05
MLH1,NM_000249.4,ENST00000673673,c.677G>A,deleterious,0.0
BRCA2,NM_000059.4,ENST00000544455,c.1538A>G,deleterious,0.02
BRCA2,NM_000059.4,ENST00000544455,c.7505G>A,tolerated,0.73
BRCA2,NM_000059.4,ENST00000544455,c.5634C>G,deleterious,0.01
BRCA2,NM_000059.4,ENST00000544455,c.8168A>T,deleterious,0.0
BRCA2,NM_000059.4,ENST00000544455,c.5095G>A,tolerated,0.2
BRCA1,NM_007294.4,ENST00000489037,c.192T>G,deleterious,0.03
BRCA1,NM_007294.4,ENST00000489037,c.5332G>A,tolerated,0.25
BRCA1,NM_007294.4,ENST00000489037,c.5216A>G,deleterious,0.0
BRCA1,NM_007294.4,ENST00000357654,c.1427A>G,tolerated,0.08
BRCA1,NM_007294.4,ENST00000489037,c.115T>C,deleterious,0.0
BRCA1,NM_007294.4,ENST00000357654,c.5117G>C,deleterious,0.02
BRCA1,NM_007294.4,ENST00000489037,c.4691T>C,tolerated,0.17
BRCA1,NM_007294.4,ENST00000357654,c.2458A>G,tolerated,0.18
MLH1,NM_000249.4,ENST00000616768,c.2059C>T,deleterious,0.03
BRCA2,NM_000059.4,ENST00000544455,c.8917C>T,deleterious,0.02
BRCA1,NM_007294.4,ENST00000489037,c.557C>A,tolerated,0.17
BRCA1,NM_007294.4,ENST00000357654,c.4729T>C,tolerated,0.1
FGFR3,NM_000142.5,ENST00000340107,c.742C>T,deleterious_low_confidence,0.0
BRCA1,NM_007294.4,ENST00000489037,c.53T>C,deleterious,0.0
BRCA1,NM_007294.4,ENST00000497488,c.2167A>G,tolerated,0.23
MLH1,NM_000249.4,ENST00000673673,c.793C>T,deleterious,0.0
BRCA1,NM_007294.4,ENST00000489037,c.4964C>T,deleterious,0.0
CFTR,NM_000492.4,ENST00000699598,c.1841A>G,deleterious_low_confidence,0.0
CFTR,NM_000492.4,ENST00000699596,c.14C>T,deleterious_low_confidence,0.0
KRAS,NM_004985.5,ENST00000690406,c.35G>A,deleterious_low_confidence,0.0
BRCA2,NM_000059.4,ENST00000544455,c.9082G>C,deleterious,0.0
BRCA2,NM_000059.4,ENST00000544455,c.8188G>C,deleterious,0.0
BRCA2,NM_000059.4,ENST00000544455,c.7940T>C,deleterious,0.0
BRCA1,NM_007294.4,ENST00000357654,c.824G>A,tolerated,0.12
BRCA1,NM_007294.4,ENST00000357654,c.4837A>G,tolerated,0.05
BRCA1,NM_007294.4,ENST00000497488,c.1487G>A,tolerated,0.48
BRCA2,NM_000059.4,ENST00000544455,c.2786T>C,tolerated,0.19
BRCA2,NM_000059.4,ENST00000544455,c.2416G>C,deleterious,0.02
BRCA2,NM_000059.4,ENST00000544455,c.5710C>G,tolerated,0.45
BRCA2,NM_000059.4,ENST00000544455,c.3055C>G,tolerated,0.08
BRCA1,NM_007294.4,ENST00000478531,c.314A>G,tolerated,0.05
BRCA1,NM_007294.4,ENST00000357654,c.3418A>G,tolerated,0.28
BRCA2,NM_000059.4,ENST00000544455,c.9292T>C,tolerated,1.0
BRCA2,NM_000059.4,ENST00000544455,c.631G>C,deleterious,0.01
BRCA1,NM_007294.4,ENST00000357654,c.5252G>A,deleterious,0.0
BRCA2,NM_000059.4,ENST00000544455,c.8027T>C,tolerated,0.14
BRCA1,NM_007294.4,ENST00000357654,c.5074G>A,deleterious,0.02
BRCA1,NM_007294.4,ENST00000357654,c.5066T>G,deleterious,0.0
BRCA1,NM_007294.4,ENST00000357654,c.4837A>T,deleterious,0.02
MLH1,NM_000249.4,ENST00000673673,c.199G>A,deleterious,0.0
BRCA2,NM_000059.4,ENST00000544455,c.1166C>A,tolerated,0.37
BRCA2,NM_000059.4,ENST00000544455,c.1889C>T,tolerated,0.05
BRCA2,NM_000059.4,ENST00000544455,c.1385A>G,deleterious,0.04
BRCA1,NM_007294.4,ENST00000489037,c.131G>T,deleterious,0.0
BRCA1,NM_007294.4,ENST00000478531,c.199G>T,deleterious,0.0
TP53,NM_000546.6,ENST00000413465,c.847C>T,deleterious_low_confidence,0.01
BRCA2,NM_000059.4,ENST00000544455,c.517G>C,deleterious,0.0
BRCA2,NM_000059.4,ENST00000544455,c.7529T>C,deleterious,0.0
BRCA1,NM_007294.4,ENST00000357654,c.3708T>G,tolerated,0.27
BRCA1,NM_007294.4,ENST00000497488,c.2315T>C,deleterious,0.03
BRCA2,NM_000059.4,ENST00000544455,c.8165C>G,deleterious,0.0
MLH1,NM_000249.4,ENST00000673673,c.2041G>A,tolerated,0.05
BRCA2,NM_000059.4,ENST00000544455,c.2960A>T,deleterious,0.0
BRCA2,NM_000059.4,ENST00000544455,c.4187A>G,deleterious,0.0
BRCA1,NM_007294.4,ENST00000357654,c.736T>G,tolerated,0.28
TP53,NM_000546.6,ENST00000413465,c.659A>G,deleterious,0.0
BRCA1,NM_007294.4,ENST00000357654,c.5497G>A,deleterious,0.0
BRCA2,NM_000059.4,ENST00000544455,c.7534C>T,deleterious,0.0
BRCA2,NM_000059.4,ENST00000544455,c.7057G>C,deleterious,0.0
TP53,NM_000546.6,ENST00000413465,c.638G>A,deleterious,0.02
BRCA1,NM_007294.4,ENST00000357654,c.4036G>A,tolerated,0.08
BRCA2,NM_000059.4,ENST00000544455,c.7007G>T,deleterious,0.02
BRCA1,NM_007294.4,ENST00000489037,c.4883T>C,tolerated,1.0
BRCA2,NM_000059.4,ENST00000544455,c.9634G>C,tolerated,0.05
BRCA2,NM_000059.4,ENST00000544455,c.6220C>A,tolerated,0.42
BRCA1,NM_007294.4,ENST00000489037,c.2566T>C,deleterious,0.01
BRCA1,NM_007294.4,ENST00000357654,c.5339T>C,deleterious,0.0
BRCA1,NM_007294.4,ENST00000478531,c.140G>T,deleterious,0.0
BRCA2,NM_000059.4,ENST00000544455,c.8632G>A,deleterious,0.0
BRCA2,NM_000059.4,ENST00000544455,c.475G>A,deleterious,0.02
BRCA1,NM_007294.4,ENST00000497488,c.191G>A,tolerated,0.15
BRCA1,NM_007294.4,ENST00000357654,c.5207T>C,deleterious,0.0
BRCA1,NM_007294.4,ENST00000357654,c.3113A>G,tolerated,0.09
BRCA2,NM_000059.4,ENST00000544455,c.9235G>A,tolerated,0.19
BRCA2,NM_000059.4,ENST00000544455,c.2803G>C,deleterious,0.03
TP53,NM_000546.6,ENST00000413465,c.524G>A,tolerated,0.08
BRCA2,NM_000059.4,ENST00000544455,c.1744A>C,deleterious,0.0
BRCA1,NM_007294.4,ENST00000497488,c.4039A>G,tolerated,0.16
BRCA2,NM_000059.4,ENST00000544455,c.4241C>T,tolerated,1.0
BRCA2,NM_000059.4,ENST00000544455,c.223G>C,deleterious,0.0
TP53,NM_000546.6,ENST00000413465,c.742C>T,deleterious,0.0
BRCA1,NM_007294.4,ENST00000357654,c.1456T>C,tolerated,0.7
BRCA2,NM_000059.4,ENST00000544455,c.9227G>A,deleterious,0.0
BRCA2,NM_000059.4,ENST00000544455,c.8378G>A,deleterious,0.0
BRCA2,NM_000059.4,ENST00000544455,c.4090A>C,tolerated,0.15
BRCA2,NM_000059.4,ENST00000544455,c.10045A>G,deleterious,0.0
BRCA1,NM_007294.4,ENST00000357654,c.2286A>T,deleterious,0.05
BRCA1,NM_007294.4,ENST00000497488,c.2477C>A,tolerated,0.06
BRCA1,NM_007294.4,ENST00000497488,c.3119G>A,tolerated,0.09
FGFR3,NM_000142.5,ENST00000440486,c.1138G>A,deleterious_low_confidence,0.0
BRCA1,NM_007294.4,ENST00000357654,c.4535G>T,deleterious,0.01
TP53,NM_000546.6,ENST00000413465,c.215C>G,tolerated,0.14
BRCA2,NM_000059.4,ENST00000544455,c.4670C>G,tolerated,0.2
BRCA2,NM_000059.4,ENST00000544455,c.831T>G,deleterious,0.0
BRCA2,NM_000059.4,ENST00000544455,c.7994A>G,deleterious,0.0
BRCA2,NM_000059.4,ENST00000544455,c.1964C>G,tolerated,0.05
BRCA2,NM_000059.4,ENST00000544455,c.440A>G,tolerated,1.0
BRCA1,NM_007294.4,ENST00000497488,c.3748G>A,tolerated,0.41
BRCA1,NM_007294.4,ENST00000357654,c.4484G>A,tolerated,0.06
TP53,NM_000546.6,ENST00000413465,c.733G>A,deleterious,0.01
BRCA2,NM_000059.4,ENST00000544455,c.9302T>G,deleterious,0.0
TP53,NM_000546.6,ENST00000413465,c.799C>T,tolerated_low_confidence,0.19
BRCA2,NM_000059.4,ENST00000544455,c.6935A>T,deleterious,0.0
BRCA2,NM_000059.4,ENST00000544455,c.3515C>T,deleterious,0.01
BRCA2,NM_000059.4,ENST00000544455,c.7544C>T,deleterious,0.0
BRCA2,NM_000059.4,ENST00000544455,c.3869G>A,tolerated,0.28
BRCA1,NM_007294.4,ENST00000357654,c.5324T>G,deleterious,0.0
BRCA1,NM_007294.4,ENST00000357654,c.4956G>A,tolerated,0.45
BRCA1,NM_007294.4,ENST00000497488,c.1067A>G,tolerated,0.09
BRCA1,NM_007294.4,ENST00000497488,c.211A>G,tolerated,0.16
BRCA1,NM_007294.4,ENST00000357654,c.2521C>T,deleterious,0.0
BRCA2,NM_000059.4,ENST00000544455,c.865A>C,deleterious,0.03
BRCA2,NM_000059.4,ENST00000544455,c.6347A>G,deleterious,0.03
BRCA2,NM_000059.4,ENST00000544455,c.6322C>T,tolerated,0.21
BRCA2,NM_000059.4,ENST00000544455,c.7964A>G,deleterious,0.0
BRCA1,NM_007294.4,ENST00000357654,c.3448C>T,deleterious,0.01
BRCA1,NM_007294.4,ENST00000357654,c.4868C>G,tolerated,0.14
BRCA1,NM_007294.4,ENST00000489037,c.4682C>T,tolerated,0.32
BRCA1,NM_007294.4,ENST00000497488,c.190T>G,tolerated,0.11
BRCA2,NM_000059.4,ENST00000544455,c.8168A>G,deleterious,0.0
TP53,NM_000546.6,ENST00000359597,c.818G>A,tolerated,0.07
MLH1,NM_000249.4,ENST00000673673,c.350C>T,deleterious,0.0
TP53,NM_000546.6,ENST00000359597,c.817C>T,deleterious,0.0
BRCA2,NM_000059.4,ENST00000544455,c.5640T>G,deleterious,0.02
BRCA2,NM_000059.4,ENST00000544455,c.5312G>A,tolerated,0.42
BRCA2,NM_000059.4,ENST00000544455,c.5198C>T,deleterious,0.03
BRCA2,NM_000059.4,ENST00000544455,c.4061C>T,deleterious,0.01
BRCA2,NM_000059.4,ENST00000544455,c.2971A>G,tolerated,1.0
BRCA2,NM_000059.4,ENST00000544455,c.5785A>G,tolerated,0.32
BRCA2,NM_000059.4,ENST00000544455,c.8177A>G,deleterious,0.0
BRCA2,NM_000059.4,ENST00000544455,c.7958T>C,deleterious,0.0
BRCA2,NM_000059.4,ENST00000544455,c.8702G>A,deleterious,0.0
CFTR,NM_000492.4,ENST00000699598,c.3909C>G,deleterious_low_confidence,0.0
BRCA2,NM_000059.4,ENST00000544455,c.9730G>A,tolerated,0.39
BRCA2,NM_000059.4,ENST00000544455,c.7868A>G,deleterious,0.0
BRCA2,NM_000059.4,ENST00000544455,c.8243G>A,deleterious,0.0
BRCA2,NM_000059.4,ENST00000544455,c.4258G>T,deleterious,0.05
BRCA2,NM_000059.4,ENST00000544455,c.2350A>G,tolerated,1.0
TP53,NM_000546.6,ENST00000413465,c.473G>A,tolerated,0.07
BRCA2,NM_000059.4,ENST00000544455,c.6323G>A,tolerated,0.54
BRCA1,NM_007294.4,ENST00000489037,c.1648A>C,deleterious,0.01
BRCA2,NM_000059.4,ENST00000544455,c.8486A>G,deleterious,0.0
BRCA2,NM_000059.4,ENST00000544455,c.125A>G,tolerated,0.14
BRCA1,NM_007294.4,ENST00000357654,c.536A>G,deleterious,0.05
BRCA2,NM_000059.4,ENST00000544455,c.8377G>A,deleterious,0.0
BRCA2,NM_000059.4,ENST00000544455,c.7319A>G,tolerated,0.1
BRCA2,NM_000059.4,ENST00000544455,c.6100C>T,deleterious,0.02
BRCA2,NM_000059.4,ENST00000544455,c.5070A>C,deleterious,0.0
BRCA2,NM_000059.4,ENST00000544455,c.4585G>A,deleterious,0.0
TP53,NM_000546.6,ENST00000413465,c.743G>A,deleterious,0.01
BRCA2,NM_000059.4,ENST00000544455,c.8503T>C,tolerated,0.37
TP53,NM_000546.6,ENST00000359597,c.844C>T,deleterious,0.0
CFTR,NM_000492.4,ENST00000699598,c.1652G>A,deleterious_low_confidence,0.01
BRCA2,NM_000059.4,ENST00000544455,c.8187G>T,deleterious,0.0
BRCA1,NM_007294.4,ENST00000478531,c.1137T>G,tolerated,0.09
BRCA1,NM_007294.4,ENST00000497488,c.190T>C,tolerated,0.11
BRCA2,NM_000059.4,ENST00000544455,c.7988A>T,deleterious,0.0
BRCA2,NM_000059.4,ENST00000544455,c.7879A>T,deleterious,0.0
BRCA2,NM_000059.4,ENST00000544455,c.9875C>T,deleterious,0.03
BRCA2,NM_000059.4,ENST00000544455,c.978C>A,deleterious,0.01
BRCA2,NM_000059.4,ENST00000544455,c.9038C>T,deleterious,0.01
BRCA2,NM_000059.4,ENST00000544455,c.7150C>A,tolerated,1.0
BRCA2,NM_000059.4,ENST00000544455,c.1114A>C,deleterious,0.04
BRCA2,NM_000059.4,ENST00000544455,c.631G>A,deleterious,0.01
BRCA2,NM_000059.4,ENST00000544455,c.1792A>G,tolerated,0.54
BRCA1,NM_007294.4,ENST00000478531,c.811G>A,deleterious,0.01
BRCA2,NM_000059.4,ENST00000544455,c.8023A>G,deleterious,0.0
BRCA2,NM_000059.4,ENST00000544455,c.8149G>T,tolerated,0.07
BRCA2,NM_000059.4,ENST00000544455,c.9285C>G,deleterious,0.0
BRCA2,NM_000059.4,ENST00000544455,c.7017G>C,tolerated,0.08
BRCA2,NM_000059.4,ENST00000544455,c.1514T>C,tolerated,0.16
BRCA2,NM_000059.4,ENST00000544455,c.10111A>G,tolerated,0.14
TP53,NM_000546.6,ENST00000413465,c.542G>A,deleterious,0.0
BRCA2,NM_000059.4,ENST00000544455,c.8851G>A,deleterious,0.0
BRCA1,NM_007294.4,ENST00000497488,c.116G>A,tolerated,0.08
BRCA1,NM_007294.4,ENST00000357654,c.5123C>A,deleterious,0.0
BRCA2,NM_000059.4,ENST00000544455,c.5744C>T,tolerated,1.0
BRCA2,NM_000059.4,ENST00000544455,c.1151C>T,deleterious,0.0
BRCA2,NM_000059.4,ENST00000544455,c.7007G>C,tolerated,0.05
BRCA1,NM_007294.4,ENST00000497488,c.1A>G,deleterious,0.02
BRCA1,NM_007294.4,ENST00000357654,c.5095C>T,deleterious,0.0
BRCA2,NM_000059.4,ENST00000544455,c.9154C>T,deleterious,0.0
BRCA2,NM_000059.4,ENST00000544455,c.1786G>C,deleterious,0.0
BRCA1,NM_007294.4,ENST00000357654,c.4484G>T,deleterious,0.0
CFTR,NM_000492.4,ENST00000699596,c.350G>A,deleterious_low_confidence,0.0
BRCA2,NM_000059.4,ENST00000544455,c.7469T>C,tolerated,0.22
BRCA2,NM_000059.4,ENST00000544455,c.2138A>T,deleterious,0.03
BRCA2,NM_000059.4,ENST00000544455,c.10234A>G,tolerated,0.2
TP53,NM_000546.6,ENST00000359597,c.1010G>A,deleterious_low_confidence,0.05
BRCA1,NM_007294.4,ENST00000357654,c.5096G>A,deleterious,0.0
BRCA2,NM_000059.4,ENST00000544455,c.8830A>T,deleterious,0.0
BRCA2,NM_000059.4,ENST00000544455,c.7052C>G,deleterious,0.01
BRCA2,NM_000059.4,ENST00000544455,c.8167G>C,deleterious,0.0
BRCA2,NM_000059.4,ENST00000544455,c.8182G>A,tolerated,0.52
BRCA2,NM_000059.4,ENST00000544455,c.943T>A,tolerated,0.18
BRCA2,NM_000059.4,ENST00000544455,c.9371A>T,deleterious,0.0
BRCA2,NM_000059.4,ENST00000544455,c.7007G>A,deleterious,0.01
BRCA2,NM_000059.4,ENST00000544455,c.7878G>C,deleterious,0.0
BRCA2,NM_000059.4,ENST00000544455,c.3445A>G,tolerated,0.3
BRCA2,NM_000059.4,ENST00000544455,c.2803G>A,tolerated,0.07
BRCA2,NM_000059.4,ENST00000544455,c.964A>C,deleterious,0.0
BRCA2,NM_000059.4,ENST00000544455,c.7976G>A,deleterious,0.0
BRCA2,NM_000059.4,ENST00000544455,c.9004G>A,deleterious,0.0
BRCA1,NM_007294.4,ENST00000489037,c.181T>G,deleterious,0.0
BRCA2,NM_000059.4,ENST00000544455,c.8350C>T,deleterious,0.0
BRCA2,NM_000059.4,ENST00000544455,c.8009C>T,deleterious,0.0
